 rattler-build 0.76.0
 No configuration file loaded
 Processing recipe at path: /home/ubuntu/work/ros-humble/recipes/ros-humble-rtabmap-util/recipe.yaml

 ╭─ Finding outputs from recipe
 │ Loading variant config from: conda_build_config.yaml
 │ Found 1 variants
 │ 
 │ Build variant: ros-humble-rtabmap-util-0.22.1-np2py312h2ed9cc7_18
 │ 
 │ ╭──────────────────────┬────────────────────╮
 │ │ Variant              ┆ Version            │
 │ ╞══════════════════════╪════════════════════╡
 │ │ build_platform       ┆ "linux-64"         │
 │ │ c_compiler           ┆ "gcc"              │
 │ │ c_compiler_version   ┆ "14"               │
 │ │ c_stdlib             ┆ "sysroot"          │
 │ │ c_stdlib_version     ┆ "2.17"             │
 │ │ cmake                ┆ "3.*"              │
 │ │ cxx_compiler         ┆ "gxx"              │
 │ │ cxx_compiler_version ┆ "14"               │
 │ │ numpy                ┆ "2"                │
 │ │ python               ┆ "3.12.* *_cpython" │
 │ │ target_platform      ┆ "linux-64"         │
 │ ╰──────────────────────┴────────────────────╯
 │
 ╰─────────────────── (took 0 seconds)
 Starting build of 1 outputs

 ╭─ Running build for recipe: ros-humble-rtabmap-util-0.22.1-np2py312h2ed9cc7_18
 │
 │ ╭─ Fetching source code
 │ │ Fetching source from git repo: https://github.com/introlab/rtabmap_ros-release.git
 │ │ Fetching git repository: https://github.com/introlab/rtabmap_ros-release.git
 │ │
 │ ╰─────────────────── (took 1 second)
 │
 │ ╭─ Resolving build environment
 │ │   Platform: linux-64 [__unix=0=0, __linux=6.8.0=0, __glibc=2.35=0, __archspec=1=icelake]
 │ │   Channels: 
 │ │    - file:///home/ubuntu/work/output/
 │ │    - file:///home/ubuntu/work/output/
 │ │    - https://prefix.dev/conda-forge/
 │ │    - robostack-staging
 │ │   Specs:
 │ │    - gxx_linux-64 14.*
 │ │    - gcc_linux-64 14.*
 │ │    - sysroot_linux-64 2.17.*
 │ │    - ninja
 │ │    - python 3.12.* *_cpython
 │ │    - setuptools
 │ │    - git
 │ │    - git-lfs
 │ │    - patch
 │ │    - make
 │ │    - coreutils
 │ │    - cmake 3.*
 │ │    - cython
 │ │ 
 │ │ ╭──────────────────────────┬──────────────┬──────────────────────┬─────────────┬────────────╮
 │ │ │ Package                  ┆ Version      ┆ Build                ┆ Channel     ┆       Size │
 │ │ ╞══════════════════════════╪══════════════╪══════════════════════╪═════════════╪════════════╡
 │ │ │ _openmp_mutex            ┆ 4.5          ┆ 20_gnu               ┆ conda-forge ┆  28.27 KiB │
 │ │ │ binutils_impl_linux-64   ┆ 2.46.1       ┆ default_hfdba357_102 ┆ conda-forge ┆   3.54 MiB │
 │ │ │ binutils_linux-64        ┆ 2.46.1       ┆ default_h4852527_102 ┆ conda-forge ┆  35.49 KiB │
 │ │ │ bzip2                    ┆ 1.0.8        ┆ hda65f42_10          ┆ conda-forge ┆ 251.77 KiB │
 │ │ │ c-ares                   ┆ 1.34.8       ┆ hebe6cf0_2           ┆ conda-forge ┆ 223.34 KiB │
 │ │ │ ca-certificates          ┆ 2026.7.22    ┆ hbd8a1cb_0           ┆ conda-forge ┆ 128.69 KiB │
 │ │ │ cmake                    ┆ 3.31.8       ┆ hc85cc9f_0           ┆ conda-forge ┆  20.02 MiB │
 │ │ │ coreutils                ┆ 9.11         ┆ h280c20c_0           ┆ conda-forge ┆   3.27 MiB │
 │ │ │ cython                   ┆ 3.3.0        ┆ py312h03570ca_0      ┆ conda-forge ┆   3.83 MiB │
 │ │ │ gcc_impl_linux-64        ┆ 14.4.0       ┆ heaf7ae8_4           ┆ conda-forge ┆  73.68 MiB │
 │ │ │ gcc_linux-64             ┆ 14.4.0       ┆ hc469d41_1           ┆ conda-forge ┆  29.09 KiB │
 │ │ │ git                      ┆ 2.55.0       ┆ pl5321h3795e67_2     ┆ conda-forge ┆  11.23 MiB │
 │ │ │ git-lfs                  ┆ 3.8.0        ┆ h2c09266_0           ┆ conda-forge ┆   4.83 MiB │
 │ │ │ gxx_impl_linux-64        ┆ 14.4.0       ┆ hc436dd5_4           ┆ conda-forge ┆  15.13 MiB │
 │ │ │ gxx_linux-64             ┆ 14.4.0       ┆ he93183a_1           ┆ conda-forge ┆  27.50 KiB │
 │ │ │ icu                      ┆ 78.3         ┆ py310h44b86e0_2      ┆ conda-forge ┆  13.79 MiB │
 │ │ │ kernel-headers_linux-64  ┆ 3.10.0       ┆ he073ed8_18          ┆ conda-forge ┆ 921.37 KiB │
 │ │ │ keyutils                 ┆ 1.6.3        ┆ h7cc23a3_1           ┆ conda-forge ┆ 132.12 KiB │
 │ │ │ krb5                     ┆ 1.22.2       ┆ hbc21106_2           ┆ conda-forge ┆   1.33 MiB │
 │ │ │ ld_impl_linux-64         ┆ 2.46.1       ┆ default_hbd61a6d_102 ┆ conda-forge ┆ 727.83 KiB │
 │ │ │ libcurl                  ┆ 8.22.0       ┆ ha042cf0_0           ┆ conda-forge ┆ 487.94 KiB │
 │ │ │ libedit                  ┆ 3.1.20250104 ┆ pl5321h373387f_1     ┆ conda-forge ┆ 131.93 KiB │
 │ │ │ libev                    ┆ 4.33         ┆ h280c20c_3           ┆ conda-forge ┆  42.21 KiB │
 │ │ │ libexpat                 ┆ 2.8.1        ┆ hecca717_1           ┆ conda-forge ┆  76.03 KiB │
 │ │ │ libffi                   ┆ 3.7.0        ┆ h81df57d_1           ┆ conda-forge ┆  66.41 KiB │
 │ │ │ libgcc                   ┆ 16.2.0       ┆ ha9f2e26_4           ┆ conda-forge ┆   1.01 MiB │
 │ │ │ libgcc-devel_linux-64    ┆ 14.4.0       ┆ hd9a9cd0_104         ┆ conda-forge ┆   2.95 MiB │
 │ │ │ libgomp                  ┆ 16.2.0       ┆ he0feb66_4           ┆ conda-forge ┆ 624.97 KiB │
 │ │ │ libiconv                 ┆ 1.18         ┆ h0cb94f2_3           ┆ conda-forge ┆ 770.97 KiB │
 │ │ │ liblzma                  ┆ 5.8.3        ┆ hb03c661_1           ┆ conda-forge ┆ 110.35 KiB │
 │ │ │ libnghttp2               ┆ 1.68.1       ┆ h74cf4be_1           ┆ conda-forge ┆ 634.74 KiB │
 │ │ │ libnsl                   ┆ 2.0.1        ┆ hb9d3cd8_1           ┆ conda-forge ┆  32.94 KiB │
 │ │ │ libpsl                   ┆ 0.23.1       ┆ hd9e3e90_1           ┆ conda-forge ┆  70.82 KiB │
 │ │ │ libpython                ┆ 3.12.14      ┆ h0c77377_3_cpython   ┆ conda-forge ┆   8.36 MiB │
 │ │ │ libsanitizer             ┆ 14.4.0       ┆ hf39dbba_4           ┆ conda-forge ┆   7.15 MiB │
 │ │ │ libsqlite                ┆ 3.53.4       ┆ h13e7031_1           ┆ conda-forge ┆ 951.51 KiB │
 │ │ │ libssh2                  ┆ 1.11.1       ┆ h6154650_1           ┆ conda-forge ┆ 298.87 KiB │
 │ │ │ libstdcxx                ┆ 16.2.0       ┆ h934c35e_4           ┆ conda-forge ┆   6.31 MiB │
 │ │ │ libstdcxx-devel_linux-64 ┆ 14.4.0       ┆ ha5b54cb_104         ┆ conda-forge ┆  19.47 MiB │
 │ │ │ libuuid                  ┆ 2.42.3       ┆ hcfc3c73_0           ┆ conda-forge ┆  39.06 KiB │
 │ │ │ libuv                    ┆ 1.52.1       ┆ h280c20c_1           ┆ conda-forge ┆ 410.20 KiB │
 │ │ │ libxcrypt                ┆ 4.4.38       ┆ h280c20c_0           ┆ conda-forge ┆  99.57 KiB │
 │ │ │ libzlib                  ┆ 1.3.2        ┆ h25fd6f3_3           ┆ conda-forge ┆  62.22 KiB │
 │ │ │ make                     ┆ 4.4.1        ┆ hb03c661_3           ┆ conda-forge ┆ 498.73 KiB │
 │ │ │ ncurses                  ┆ 6.6          ┆ hdb14827_1           ┆ conda-forge ┆ 889.84 KiB │
 │ │ │ ninja                    ┆ 1.13.2       ┆ h171cf75_1           ┆ conda-forge ┆ 182.39 KiB │
 │ │ │ openssl                  ┆ 3.6.4        ┆ h781a0a9_0           ┆ conda-forge ┆   3.05 MiB │
 │ │ │ patch                    ┆ 2.8          ┆ h280c20c_1003        ┆ conda-forge ┆ 107.65 KiB │
 │ │ │ pcre2                    ┆ 10.47        ┆ h8b3dc9c_1           ┆ conda-forge ┆   1.16 MiB │
 │ │ │ perl                     ┆ 5.32.1       ┆ 9_h7cc23a3_perl5     ┆ conda-forge ┆  12.76 MiB │
 │ │ │ python                   ┆ 3.12.14      ┆ h5f976f7_3_cpython   ┆ conda-forge ┆  21.98 MiB │
 │ │ │ python_abi               ┆ 3.12         ┆ 9_cp312              ┆ conda-forge ┆   6.59 KiB │
 │ │ │ readline                 ┆ 8.3          ┆ hd6e31c0_1           ┆ conda-forge ┆ 340.72 KiB │
 │ │ │ rhash                    ┆ 1.4.6        ┆ hb03c661_2           ┆ conda-forge ┆ 190.42 KiB │
 │ │ │ setuptools               ┆ 84.0.0       ┆ pyh332efcf_0         ┆ conda-forge ┆ 512.20 KiB │
 │ │ │ sysroot_linux-64         ┆ 2.17         ┆ h0157908_18          ┆ conda-forge ┆  14.46 MiB │
 │ │ │ tk                       ┆ 8.6.13       ┆ noxft_h1df4ec4_4     ┆ conda-forge ┆   3.40 MiB │
 │ │ │ tzdata                   ┆ 2026c        ┆ h151e31d_0           ┆ conda-forge ┆ 116.06 KiB │
 │ │ │ zstd                     ┆ 1.5.7        ┆ hb78ec9c_7           ┆ conda-forge ┆ 587.21 KiB │
 │ │ ╰──────────────────────────┴──────────────┴──────────────────────┴─────────────┴────────────╯
 │ │
 │ ╰─────────────────── (took 1 second)
 │
 │ ╭─ Resolving host environment
 │ │   Platform: linux-64 [__unix=0=0, __linux=6.8.0=0, __glibc=2.35=0, __archspec=1=icelake]
 │ │   Channels: 
 │ │    - file:///home/ubuntu/work/output/
 │ │    - file:///home/ubuntu/work/output/
 │ │    - https://prefix.dev/conda-forge/
 │ │    - robostack-staging
 │ │   Specs:
 │ │    - pkg-config
 │ │    - numpy 2.*
 │ │    - pip
 │ │    - python 3.12.* *_cpython
 │ │    - ros-humble-ament-cmake
 │ │    - ros-humble-cv-bridge
 │ │    - ros-humble-grid-map-ros
 │ │    - ros-humble-image-geometry
 │ │    - ros-humble-image-transport
 │ │    - ros-humble-laser-geometry
 │ │    - ros-humble-message-filters
 │ │    - ros-humble-nav-msgs
 │ │    - ros-humble-octomap-msgs
 │ │    - ros-humble-pcl-conversions
 │ │    - ros-humble-pcl-ros
 │ │    - ros-humble-rclcpp
 │ │    - ros-humble-rclcpp-components
 │ │    - ros-humble-ros-environment
 │ │    - ros-humble-ros-workspace
 │ │    - ros-humble-rtabmap-conversions
 │ │    - ros-humble-rtabmap-msgs
 │ │    - ros-humble-rtabmap-sync
 │ │    - ros-humble-sensor-msgs
 │ │    - ros-humble-std-msgs
 │ │    - ros-humble-stereo-msgs
 │ │    - ros-humble-tf2
 │ │    - ros-humble-tf2-geometry-msgs
 │ │    - ros-humble-tf2-ros
 │ │    - ros2-distro-mutex 0.8.* humble_*
 │ │    - libstdcxx >=14
 │ │    - libgcc >=14
 │ │    - libgcc >=14
 │ │    - __glibc >=2.17,<3.0.a0
 │ │ 
 │ │ ╭───────────────────────────────────────────────────┬──────────────┬───────────────────────┬───────────────────┬────────────╮
 │ │ │ Package                                           ┆ Version      ┆ Build                 ┆ Channel           ┆       Size │
 │ │ ╞═══════════════════════════════════════════════════╪══════════════╪═══════════════════════╪═══════════════════╪════════════╡
 │ │ │ _openmp_mutex                                     ┆ 4.5          ┆ 20_gnu                ┆ conda-forge       ┆  28.27 KiB │
 │ │ │ _x86_64-microarch-level                           ┆ 4            ┆ 5_level4              ┆ conda-forge       ┆   9.20 KiB │
 │ │ │ aiohappyeyeballs                                  ┆ 2.7.1        ┆ pyhd8ed1ab_0          ┆ conda-forge       ┆  24.11 KiB │
 │ │ │ aiohttp                                           ┆ 3.14.3       ┆ py312h5d8c7f2_0       ┆ conda-forge       ┆   1.04 MiB │
 │ │ │ aiosignal                                         ┆ 1.4.0        ┆ pyhd8ed1ab_0          ┆ conda-forge       ┆  13.37 KiB │
 │ │ │ alsa-lib                                          ┆ 1.2.16.1     ┆ h7cc23a3_1            ┆ conda-forge       ┆ 581.04 KiB │
 │ │ │ aom                                               ┆ 3.9.1        ┆ hac33072_0            ┆ conda-forge       ┆   2.58 MiB │
 │ │ │ argcomplete                                       ┆ 3.7.2        ┆ pyhcf101f3_0          ┆ conda-forge       ┆  46.04 KiB │
 │ │ │ attr                                              ┆ 2.5.2        ┆ hb03c661_1            ┆ conda-forge       ┆  30.65 KiB │
 │ │ │ attrs                                             ┆ 26.1.0       ┆ pyhcf101f3_0          ┆ conda-forge       ┆  63.41 KiB │
 │ │ │ blas-devel                                        ┆ 3.11.0       ┆ 11_h1ea3ea9_openblas  ┆ conda-forge       ┆  17.74 KiB │
 │ │ │ blosc                                             ┆ 1.21.6       ┆ he440d0b_1            ┆ conda-forge       ┆  47.29 KiB │
 │ │ │ brotli                                            ┆ 1.2.0        ┆ h505cf86_4            ┆ conda-forge       ┆  20.19 KiB │
 │ │ │ brotli-bin                                        ┆ 1.2.0        ┆ h9908984_4            ┆ conda-forge       ┆  21.09 KiB │
 │ │ │ bzip2                                             ┆ 1.0.8        ┆ hda65f42_10           ┆ conda-forge       ┆ 251.77 KiB │
 │ │ │ c-ares                                            ┆ 1.34.8       ┆ hebe6cf0_2            ┆ conda-forge       ┆ 223.34 KiB │
 │ │ │ ca-certificates                                   ┆ 2026.7.22    ┆ hbd8a1cb_0            ┆ conda-forge       ┆ 128.69 KiB │
 │ │ │ cairo                                             ┆ 1.18.4       ┆ h3c89d7e_3            ┆ conda-forge       ┆ 967.78 KiB │
 │ │ │ catkin_pkg                                        ┆ 1.1.1        ┆ pyhd8ed1ab_0          ┆ conda-forge       ┆  53.61 KiB │
 │ │ │ cli11                                             ┆ 2.7.2        ┆ h54a6638_1            ┆ conda-forge       ┆ 100.81 KiB │
 │ │ │ cmake                                             ┆ 4.2.3        ┆ hc85cc9f_1            ┆ conda-forge       ┆  21.30 MiB │
 │ │ │ colorama                                          ┆ 0.4.6        ┆ pyhd8ed1ab_1          ┆ conda-forge       ┆  26.38 KiB │
 │ │ │ console_bridge                                    ┆ 1.0.2        ┆ h924138e_1            ┆ conda-forge       ┆  18.03 KiB │
 │ │ │ contourpy                                         ┆ 1.4.0        ┆ py312h9be0db6_0       ┆ conda-forge       ┆ 320.98 KiB │
 │ │ │ cycler                                            ┆ 0.12.1       ┆ pyhcf101f3_2          ┆ conda-forge       ┆  14.43 KiB │
 │ │ │ cyrus-sasl                                        ┆ 2.1.28       ┆ hd9c7081_0            ┆ conda-forge       ┆ 204.86 KiB │
 │ │ │ dav1d                                             ┆ 1.2.1        ┆ hd590300_0            ┆ conda-forge       ┆ 742.41 KiB │
 │ │ │ dbus                                              ┆ 1.16.2       ┆ he8c428d_2            ┆ conda-forge       ┆ 439.03 KiB │
 │ │ │ docutils                                          ┆ 0.23         ┆ pyhcf101f3_0          ┆ conda-forge       ┆ 448.77 KiB │
 │ │ │ double-conversion                                 ┆ 3.4.0        ┆ hecca717_0            ┆ conda-forge       ┆  70.13 KiB │
 │ │ │ eigen                                             ┆ 3.4.0        ┆ h54a6638_2            ┆ conda-forge       ┆   1.12 MiB │
 │ │ │ eigen-abi                                         ┆ 3.4.0.100    ┆ h3bcb7cf_2            ┆ conda-forge       ┆  12.84 KiB │
 │ │ │ empy                                              ┆ 4.2.1        ┆ pyhcf101f3_0          ┆ conda-forge       ┆  97.08 KiB │
 │ │ │ exceptiongroup                                    ┆ 1.3.1        ┆ pyhd8ed1ab_0          ┆ conda-forge       ┆  20.83 KiB │
 │ │ │ expat                                             ┆ 2.8.1        ┆ hecca717_1            ┆ conda-forge       ┆ 144.33 KiB │
 │ │ │ ffmpeg                                            ┆ 8.1.1        ┆ gpl_hee00b0e_901      ┆ conda-forge       ┆  12.38 MiB │
 │ │ │ flann                                             ┆ 1.9.2        ┆ he1b7b50_6            ┆ conda-forge       ┆   1.90 MiB │
 │ │ │ fmt                                               ┆ 12.1.0       ┆ h76c4fd7_1            ┆ conda-forge       ┆ 194.41 KiB │
 │ │ │ font-ttf-dejavu-sans-mono                         ┆ 2.37         ┆ hab24e00_0            ┆ conda-forge       ┆ 388.06 KiB │
 │ │ │ font-ttf-inconsolata                              ┆ 3.000        ┆ h77eed37_0            ┆ conda-forge       ┆  94.27 KiB │
 │ │ │ font-ttf-source-code-pro                          ┆ 2.038        ┆ h77eed37_0            ┆ conda-forge       ┆ 684.39 KiB │
 │ │ │ font-ttf-ubuntu                                   ┆ 0.83         ┆ h77eed37_3            ┆ conda-forge       ┆   1.55 MiB │
 │ │ │ fontconfig                                        ┆ 2.18.3       ┆ h4db4eae_1            ┆ conda-forge       ┆ 289.34 KiB │
 │ │ │ fonts-conda-ecosystem                             ┆ 1            ┆ 0                     ┆ conda-forge       ┆   3.58 KiB │
 │ │ │ fonts-conda-forge                                 ┆ 1            ┆ hc364b38_1            ┆ conda-forge       ┆   3.96 KiB │
 │ │ │ fonttools                                         ┆ 4.65.0       ┆ py312hfd18d64_0       ┆ conda-forge       ┆   2.97 MiB │
 │ │ │ foonathan-memory                                  ┆ 0.7.3        ┆ h5888daf_1            ┆ conda-forge       ┆ 221.81 KiB │
 │ │ │ freeglut                                          ┆ 3.2.2        ┆ h215f996_4            ┆ conda-forge       ┆ 142.73 KiB │
 │ │ │ freetype                                          ┆ 2.14.3       ┆ ha770c72_2            ┆ conda-forge       ┆ 171.13 KiB │
 │ │ │ fribidi                                           ┆ 1.0.16       ┆ h7cc23a3_2            ┆ conda-forge       ┆  60.94 KiB │
 │ │ │ frozenlist                                        ┆ 1.8.0        ┆ py312h447239a_0       ┆ conda-forge       ┆  53.73 KiB │
 │ │ │ gdk-pixbuf                                        ┆ 2.44.8       ┆ h68053f1_2            ┆ conda-forge       ┆ 568.32 KiB │
 │ │ │ geographiclib-cpp                                 ┆ 2.5.2        ┆ hb700be7_0            ┆ conda-forge       ┆ 586.49 KiB │
 │ │ │ gl2ps                                             ┆ 1.4.2        ┆ h36e74d4_2            ┆ conda-forge       ┆  74.06 KiB │
 │ │ │ glew                                              ┆ 2.3.0        ┆ h71661d4_0            ┆ conda-forge       ┆ 481.13 KiB │
 │ │ │ glib                                              ┆ 2.88.3       ┆ h50f8131_4            ┆ conda-forge       ┆  83.59 KiB │
 │ │ │ glib-tools                                        ┆ 2.88.3       ┆ h922ffe4_4            ┆ conda-forge       ┆ 231.32 KiB │
 │ │ │ glslang                                           ┆ 16.6.0       ┆ h980caa0_0            ┆ conda-forge       ┆   1.38 MiB │
 │ │ │ gmock                                             ┆ 1.17.0       ┆ h8e2ec6c_2            ┆ conda-forge       ┆   4.83 KiB │
 │ │ │ gmp                                               ┆ 6.3.0        ┆ hfd2156b_3            ┆ conda-forge       ┆ 481.93 KiB │
 │ │ │ graphite2                                         ┆ 1.3.15       ┆ h54a6638_1            ┆ conda-forge       ┆ 100.42 KiB │
 │ │ │ gst-plugins-base                                  ┆ 1.26.11      ┆ h6d08254_0            ┆ conda-forge       ┆   3.05 MiB │
 │ │ │ gstreamer                                         ┆ 1.26.11      ┆ h29cf534_0            ┆ conda-forge       ┆   2.18 MiB │
 │ │ │ gtest                                             ┆ 1.17.0       ┆ h171cf75_2            ┆ conda-forge       ┆ 441.28 KiB │
 │ │ │ gtsam                                             ┆ 4.2.0        ┆ py312h7f00892_14      ┆ conda-forge       ┆  18.28 MiB │
 │ │ │ harfbuzz                                          ┆ 14.4.0       ┆ ha770c72_1            ┆ conda-forge       ┆  10.85 KiB │
 │ │ │ hdf4                                              ┆ 4.2.15       ┆ h2a13503_7            ┆ conda-forge       ┆ 739.01 KiB │
 │ │ │ hdf5                                              ┆ 1.14.6       ┆ nompi_h19486de_106    ┆ conda-forge       ┆   3.54 MiB │
 │ │ │ icu                                               ┆ 78.3         ┆ py310h44b86e0_2       ┆ conda-forge       ┆  13.79 MiB │
 │ │ │ idna                                              ┆ 3.19         ┆ pyhcf101f3_0          ┆ conda-forge       ┆ 173.27 KiB │
 │ │ │ imath                                             ┆ 3.2.2        ┆ hde8ca8f_0            ┆ conda-forge       ┆ 156.53 KiB │
 │ │ │ importlib-metadata                                ┆ 9.0.1        ┆ pyhcf101f3_0          ┆ conda-forge       ┆  34.10 KiB │
 │ │ │ importlib_resources                               ┆ 7.1.0        ┆ pyhd8ed1ab_0          ┆ conda-forge       ┆  33.99 KiB │
 │ │ │ iniconfig                                         ┆ 2.3.0        ┆ pyhd8ed1ab_0          ┆ conda-forge       ┆  13.07 KiB │
 │ │ │ intel-gmmlib                                      ┆ 22.10.2      ┆ h7148c6a_0            ┆ conda-forge       ┆ 983.40 KiB │
 │ │ │ intel-media-driver                                ┆ 26.1.6       ┆ hecca717_0            ┆ conda-forge       ┆   8.38 MiB │
 │ │ │ jasper                                            ┆ 4.2.9        ┆ hd038ad9_2            ┆ conda-forge       ┆ 707.48 KiB │
 │ │ │ jsoncpp                                           ┆ 1.9.6        ┆ hf42df4d_1            ┆ conda-forge       ┆ 165.13 KiB │
 │ │ │ keyutils                                          ┆ 1.6.3        ┆ h7cc23a3_1            ┆ conda-forge       ┆ 132.12 KiB │
 │ │ │ kiwisolver                                        ┆ 1.5.1        ┆ py312h9be0db6_1       ┆ conda-forge       ┆  73.45 KiB │
 │ │ │ krb5                                              ┆ 1.21.3       ┆ h659f571_0            ┆ conda-forge       ┆   1.31 MiB │
 │ │ │ lame                                              ┆ 3.100        ┆ h166bdaf_1003         ┆ conda-forge       ┆ 496.35 KiB │
 │ │ │ lark-parser                                       ┆ 0.12.0       ┆ pyhd8ed1ab_1          ┆ conda-forge       ┆  84.12 KiB │
 │ │ │ lcms2                                             ┆ 2.19.1       ┆ h9073bf1_3            ┆ conda-forge       ┆ 248.33 KiB │
 │ │ │ ld_impl_linux-64                                  ┆ 2.46.1       ┆ default_hbd61a6d_102  ┆ conda-forge       ┆ 727.83 KiB │
 │ │ │ lerc                                              ┆ 4.2.0        ┆ hdb68285_0            ┆ conda-forge       ┆ 264.80 KiB │
 │ │ │ level-zero                                        ┆ 1.33.1       ┆ h7148c6a_0            ┆ conda-forge       ┆ 762.23 KiB │
 │ │ │ libabseil                                         ┆ 20260107.1   ┆ cxx17_h7b12aa8_0      ┆ conda-forge       ┆   1.32 MiB │
 │ │ │ libacl                                            ┆ 2.3.2        ┆ h0f662aa_0            ┆ conda-forge       ┆ 108.01 KiB │
 │ │ │ libaec                                            ┆ 1.1.5        ┆ h088129d_0            ┆ conda-forge       ┆  35.69 KiB │
 │ │ │ libamd                                            ┆ 3.3.3        ┆ haaf9dc3_7100102      ┆ conda-forge       ┆  49.32 KiB │
 │ │ │ libass                                            ┆ 0.17.4       ┆ h96ad9f0_0            ┆ conda-forge       ┆ 148.61 KiB │
 │ │ │ libattr                                           ┆ 2.5.2        ┆ hb03c661_1            ┆ conda-forge       ┆  52.07 KiB │
 │ │ │ libavif16                                         ┆ 1.4.2        ┆ hcfa2d63_0            ┆ conda-forge       ┆ 146.01 KiB │
 │ │ │ libblas                                           ┆ 3.11.0       ┆ 11_h4a7cf45_openblas  ┆ conda-forge       ┆  17.82 KiB │
 │ │ │ libboost                                          ┆ 1.88.0       ┆ hd24cca6_7            ┆ conda-forge       ┆   2.93 MiB │
 │ │ │ libboost-devel                                    ┆ 1.88.0       ┆ hfcd1e18_7            ┆ conda-forge       ┆  39.17 KiB │
 │ │ │ libboost-headers                                  ┆ 1.88.0       ┆ ha770c72_7            ┆ conda-forge       ┆  13.91 MiB │
 │ │ │ libboost-python                                   ┆ 1.88.0       ┆ py312hf890105_7       ┆ conda-forge       ┆ 127.12 KiB │
 │ │ │ libboost-python-devel                             ┆ 1.88.0       ┆ py312h26dfbe5_7       ┆ conda-forge       ┆  18.53 KiB │
 │ │ │ libbrotlicommon                                   ┆ 1.2.0        ┆ h39a168f_4            ┆ conda-forge       ┆  78.67 KiB │
 │ │ │ libbrotlidec                                      ┆ 1.2.0        ┆ ha411449_4            ┆ conda-forge       ┆  33.92 KiB │
 │ │ │ libbrotlienc                                      ┆ 1.2.0        ┆ h018ffa1_4            ┆ conda-forge       ┆ 291.15 KiB │
 │ │ │ libbtf                                            ┆ 2.3.2        ┆ h32481e8_7100102      ┆ conda-forge       ┆  27.20 KiB │
 │ │ │ libcamd                                           ┆ 3.3.3        ┆ h32481e8_7100102      ┆ conda-forge       ┆  45.80 KiB │
 │ │ │ libcap                                            ┆ 2.78         ┆ h084b8d7_1            ┆ conda-forge       ┆ 121.39 KiB │
 │ │ │ libcblas                                          ┆ 3.11.0       ┆ 11_h0358290_openblas  ┆ conda-forge       ┆  17.77 KiB │
 │ │ │ libccolamd                                        ┆ 3.3.4        ┆ h32481e8_7100102      ┆ conda-forge       ┆  41.64 KiB │
 │ │ │ libcholmod                                        ┆ 5.3.1        ┆ h59ddab4_7100102      ┆ conda-forge       ┆   1.05 MiB │
 │ │ │ libclang-cpp21.1                                  ┆ 21.1.8       ┆ default_h6209e06_6    ┆ conda-forge       ┆  20.48 MiB │
 │ │ │ libclang-cpp23.1                                  ┆ 23.1.1       ┆ default_h0acdd01_0    ┆ conda-forge       ┆  24.18 MiB │
 │ │ │ libclang13                                        ┆ 23.1.1       ┆ default_h7037f76_0    ┆ conda-forge       ┆  14.73 MiB │
 │ │ │ libcolamd                                         ┆ 3.3.4        ┆ h32481e8_7100102      ┆ conda-forge       ┆  33.29 KiB │
 │ │ │ libcups                                           ┆ 2.3.3        ┆ hb8b1518_5            ┆ conda-forge       ┆   4.31 MiB │
 │ │ │ libcurl                                           ┆ 8.18.0       ┆ h4e3cde8_0            ┆ conda-forge       ┆ 452.09 KiB │
 │ │ │ libcxsparse                                       ┆ 4.4.1        ┆ h32481e8_7100102      ┆ conda-forge       ┆ 117.76 KiB │
 │ │ │ libdeflate                                        ┆ 1.25         ┆ hd45a770_1            ┆ conda-forge       ┆  71.98 KiB │
 │ │ │ libdovi                                           ┆ 3.4.0        ┆ h39d0f39_0            ┆ conda-forge       ┆ 395.71 KiB │
 │ │ │ libdrm                                            ┆ 2.4.129      ┆ h7cc23a3_0            ┆ conda-forge       ┆ 306.11 KiB │
 │ │ │ libedit                                           ┆ 3.1.20250104 ┆ pl5321h373387f_1      ┆ conda-forge       ┆ 131.93 KiB │
 │ │ │ libegl                                            ┆ 1.7.0        ┆ ha4b6fd6_5            ┆ conda-forge       ┆  45.60 KiB │
 │ │ │ libev                                             ┆ 4.33         ┆ h280c20c_3            ┆ conda-forge       ┆  42.21 KiB │
 │ │ │ libevent                                          ┆ 2.1.12       ┆ h5348a74_2            ┆ conda-forge       ┆ 420.91 KiB │
 │ │ │ libexpat                                          ┆ 2.8.1        ┆ hecca717_1            ┆ conda-forge       ┆  76.03 KiB │
 │ │ │ libffi                                            ┆ 3.7.0        ┆ h81df57d_1            ┆ conda-forge       ┆  66.41 KiB │
 │ │ │ libflac                                           ┆ 1.5.0        ┆ he200343_1            ┆ conda-forge       ┆ 414.61 KiB │
 │ │ │ libfreetype                                       ┆ 2.14.3       ┆ ha770c72_2            ┆ conda-forge       ┆   8.21 KiB │
 │ │ │ libfreetype6                                      ┆ 2.14.3       ┆ h5e6c136_2            ┆ conda-forge       ┆ 378.58 KiB │
 │ │ │ libgcc                                            ┆ 16.2.0       ┆ ha9f2e26_4            ┆ conda-forge       ┆   1.01 MiB │
 │ │ │ libgcc-ng                                         ┆ 16.2.0       ┆ h69a702a_4            ┆ conda-forge       ┆  27.74 KiB │
 │ │ │ libgfortran                                       ┆ 16.2.0       ┆ h69a702a_4            ┆ conda-forge       ┆  27.71 KiB │
 │ │ │ libgfortran5                                      ┆ 16.2.0       ┆ h6b99dfc_4            ┆ conda-forge       ┆   2.41 MiB │
 │ │ │ libgl                                             ┆ 1.7.0        ┆ ha4b6fd6_5            ┆ conda-forge       ┆ 128.89 KiB │
 │ │ │ libgl-devel                                       ┆ 1.7.0        ┆ ha4b6fd6_5            ┆ conda-forge       ┆ 113.49 KiB │
 │ │ │ libglib                                           ┆ 2.88.3       ┆ h569388d_4            ┆ conda-forge       ┆   4.54 MiB │
 │ │ │ libglu                                            ┆ 9.0.3        ┆ h5888daf_1            ┆ conda-forge       ┆ 317.64 KiB │
 │ │ │ libglvnd                                          ┆ 1.7.0        ┆ ha4b6fd6_5            ┆ conda-forge       ┆ 130.69 KiB │
 │ │ │ libglx                                            ┆ 1.7.0        ┆ ha4b6fd6_5            ┆ conda-forge       ┆  77.96 KiB │
 │ │ │ libglx-devel                                      ┆ 1.7.0        ┆ ha4b6fd6_5            ┆ conda-forge       ┆  27.05 KiB │
 │ │ │ libgomp                                           ┆ 16.2.0       ┆ he0feb66_4            ┆ conda-forge       ┆ 624.97 KiB │
 │ │ │ libharfbuzz                                       ┆ 14.4.0       ┆ h23af247_1            ┆ conda-forge       ┆   1.32 MiB │
 │ │ │ libharfbuzz-devel                                 ┆ 14.4.0       ┆ h23af247_1            ┆ conda-forge       ┆   2.04 MiB │
 │ │ │ libhwloc                                          ┆ 2.13.0       ┆ default_he001693_1000 ┆ conda-forge       ┆   2.32 MiB │
 │ │ │ libhwy                                            ┆ 1.4.0        ┆ h57c4cff_1            ┆ conda-forge       ┆   1.39 MiB │
 │ │ │ libiconv                                          ┆ 1.18         ┆ h0cb94f2_3            ┆ conda-forge       ┆ 770.97 KiB │
 │ │ │ libjpeg-turbo                                     ┆ 3.2.0        ┆ hb03c661_1            ┆ conda-forge       ┆ 635.19 KiB │
 │ │ │ libjxl                                            ┆ 0.11.2       ┆ h174a0a3_1            ┆ conda-forge       ┆   1.76 MiB │
 │ │ │ libklu                                            ┆ 2.3.5        ┆ hf24d653_7100102      ┆ conda-forge       ┆ 142.45 KiB │
 │ │ │ liblapack                                         ┆ 3.11.0       ┆ 11_h47877c9_openblas  ┆ conda-forge       ┆  17.80 KiB │
 │ │ │ liblapacke                                        ┆ 3.11.0       ┆ 11_h6ae95b6_openblas  ┆ conda-forge       ┆  17.81 KiB │
 │ │ │ libldl                                            ┆ 3.3.2        ┆ h32481e8_7100102      ┆ conda-forge       ┆  23.67 KiB │
 │ │ │ libllvm21                                         ┆ 21.1.8       ┆ h474f4eb_1            ┆ conda-forge       ┆  42.72 MiB │
 │ │ │ libllvm23                                         ┆ 23.1.1       ┆ h474f4eb_0            ┆ conda-forge       ┆  42.98 MiB │
 │ │ │ liblzma                                           ┆ 5.8.3        ┆ hb03c661_1            ┆ conda-forge       ┆ 110.35 KiB │
 │ │ │ liblzma-devel                                     ┆ 5.8.3        ┆ hb03c661_1            ┆ conda-forge       ┆ 480.44 KiB │
 │ │ │ libnetcdf                                         ┆ 4.9.3        ┆ nompi_hbf2fc22_104    ┆ conda-forge       ┆ 850.38 KiB │
 │ │ │ libnghttp2                                        ┆ 1.68.1       ┆ h74cf4be_1            ┆ conda-forge       ┆ 634.74 KiB │
 │ │ │ libnsl                                            ┆ 2.0.1        ┆ hb9d3cd8_1            ┆ conda-forge       ┆  32.94 KiB │
 │ │ │ libntlm                                           ┆ 1.8          ┆ hb9d3cd8_0            ┆ conda-forge       ┆  32.63 KiB │
 │ │ │ libogg                                            ┆ 1.3.5        ┆ hd0c01bc_1            ┆ conda-forge       ┆ 213.38 KiB │
 │ │ │ libopenblas                                       ┆ 0.3.34       ┆ pthreads_hf13c14d_2   ┆ conda-forge       ┆   6.53 MiB │
 │ │ │ libopencv                                         ┆ 4.13.0       ┆ qt6_py312h46ef85d_606 ┆ conda-forge       ┆  31.85 MiB │
 │ │ │ libopengl                                         ┆ 1.7.0        ┆ ha4b6fd6_5            ┆ conda-forge       ┆  49.44 KiB │
 │ │ │ libopengl-devel                                   ┆ 1.7.0        ┆ ha4b6fd6_5            ┆ conda-forge       ┆  15.83 KiB │
 │ │ │ libopenvino                                       ┆ 2026.0.0     ┆ hb56ce9e_1            ┆ conda-forge       ┆   6.28 MiB │
 │ │ │ libopenvino-auto-batch-plugin                     ┆ 2026.0.0     ┆ hd85de46_1            ┆ conda-forge       ┆ 111.75 KiB │
 │ │ │ libopenvino-auto-plugin                           ┆ 2026.0.0     ┆ hd85de46_1            ┆ conda-forge       ┆ 243.22 KiB │
 │ │ │ libopenvino-hetero-plugin                         ┆ 2026.0.0     ┆ hd41364c_1            ┆ conda-forge       ┆ 206.62 KiB │
 │ │ │ libopenvino-intel-cpu-plugin                      ┆ 2026.0.0     ┆ hb56ce9e_1            ┆ conda-forge       ┆  12.56 MiB │
 │ │ │ libopenvino-intel-gpu-plugin                      ┆ 2026.0.0     ┆ hb56ce9e_1            ┆ conda-forge       ┆  10.87 MiB │
 │ │ │ libopenvino-intel-npu-plugin                      ┆ 2026.0.0     ┆ hb56ce9e_1            ┆ conda-forge       ┆   1.90 MiB │
 │ │ │ libopenvino-ir-frontend                           ┆ 2026.0.0     ┆ hd41364c_1            ┆ conda-forge       ┆ 188.26 KiB │
 │ │ │ libopenvino-onnx-frontend                         ┆ 2026.0.0     ┆ h7a07914_1            ┆ conda-forge       ┆   1.77 MiB │
 │ │ │ libopenvino-paddle-frontend                       ┆ 2026.0.0     ┆ h7a07914_1            ┆ conda-forge       ┆ 668.19 KiB │
 │ │ │ libopenvino-pytorch-frontend                      ┆ 2026.0.0     ┆ hecca717_1            ┆ conda-forge       ┆   1.13 MiB │
 │ │ │ libopenvino-tensorflow-frontend                   ┆ 2026.0.0     ┆ h78e8023_1            ┆ conda-forge       ┆   1.20 MiB │
 │ │ │ libopenvino-tensorflow-lite-frontend              ┆ 2026.0.0     ┆ hecca717_1            ┆ conda-forge       ┆ 445.88 KiB │
 │ │ │ libopus                                           ┆ 1.6.1        ┆ hebe6cf0_1            ┆ conda-forge       ┆ 322.47 KiB │
 │ │ │ libparu                                           ┆ 1.0.0        ┆ h17147ab_7100102      ┆ conda-forge       ┆  91.03 KiB │
 │ │ │ libpciaccess                                      ┆ 0.19         ┆ hb03c661_1            ┆ conda-forge       ┆  29.37 KiB │
 │ │ │ libplacebo                                        ┆ 7.360.1      ┆ h9eeb4b2_0            ┆ conda-forge       ┆ 536.47 KiB │
 │ │ │ libpng                                            ┆ 1.6.58       ┆ h922cc85_1            ┆ conda-forge       ┆ 309.22 KiB │
 │ │ │ libpq                                             ┆ 18.2         ┆ hb80d175_0            ┆ conda-forge       ┆   2.68 MiB │
 │ │ │ libprotobuf                                       ┆ 6.33.5       ┆ h538a264_2            ┆ conda-forge       ┆   3.50 MiB │
 │ │ │ libpython                                         ┆ 3.12.14      ┆ h0c77377_3_cpython    ┆ conda-forge       ┆   8.36 MiB │
 │ │ │ libraqm                                           ┆ 0.11.0       ┆ h6406941_0            ┆ conda-forge       ┆  33.19 KiB │
 │ │ │ librbio                                           ┆ 4.3.4        ┆ h32481e8_7100102      ┆ conda-forge       ┆  46.50 KiB │
 │ │ │ librsvg                                           ┆ 2.62.3       ┆ h4c96295_0            ┆ conda-forge       ┆   3.32 MiB │
 │ │ │ libsndfile                                        ┆ 1.2.2        ┆ hc7d488a_2            ┆ conda-forge       ┆ 347.28 KiB │
 │ │ │ libspex                                           ┆ 3.2.3        ┆ had10066_7100102      ┆ conda-forge       ┆  78.85 KiB │
 │ │ │ libspqr                                           ┆ 4.3.4        ┆ h852d39f_7100102      ┆ conda-forge       ┆ 213.25 KiB │
 │ │ │ libsqlite                                         ┆ 3.53.4       ┆ h13e7031_1            ┆ conda-forge       ┆ 951.51 KiB │
 │ │ │ libssh2                                           ┆ 1.11.1       ┆ h6154650_1            ┆ conda-forge       ┆ 298.87 KiB │
 │ │ │ libstdcxx                                         ┆ 16.2.0       ┆ h934c35e_4            ┆ conda-forge       ┆   6.31 MiB │
 │ │ │ libstdcxx-ng                                      ┆ 16.2.0       ┆ hdf11a46_4            ┆ conda-forge       ┆  27.79 KiB │
 │ │ │ libsuitesparseconfig                              ┆ 7.10.1       ┆ h92d6892_7100102      ┆ conda-forge       ┆  42.17 KiB │
 │ │ │ libsystemd0                                       ┆ 261.3        ┆ h26e0ef7_0            ┆ conda-forge       ┆ 574.42 KiB │
 │ │ │ libtheora                                         ┆ 1.1.1        ┆ h4ab18f5_1006         ┆ conda-forge       ┆ 321.21 KiB │
 │ │ │ libtiff                                           ┆ 4.7.2        ┆ hcc2c06a_1            ┆ conda-forge       ┆ 448.98 KiB │
 │ │ │ libudev1                                          ┆ 261.3        ┆ h26e0ef7_0            ┆ conda-forge       ┆ 196.67 KiB │
 │ │ │ libumfpack                                        ┆ 6.3.5        ┆ heb53515_7100102      ┆ conda-forge       ┆ 424.05 KiB │
 │ │ │ libunwind                                         ┆ 1.8.3        ┆ h65a8314_0            ┆ conda-forge       ┆  74.21 KiB │
 │ │ │ liburing                                          ┆ 2.14         ┆ hb700be7_0            ┆ conda-forge       ┆ 150.59 KiB │
 │ │ │ libusb                                            ┆ 1.0.29       ┆ h73b1eb8_0            ┆ conda-forge       ┆  87.45 KiB │
 │ │ │ libuuid                                           ┆ 2.42.3       ┆ hcfc3c73_0            ┆ conda-forge       ┆  39.06 KiB │
 │ │ │ libuv                                             ┆ 1.52.1       ┆ h280c20c_1            ┆ conda-forge       ┆ 410.20 KiB │
 │ │ │ libva                                             ┆ 2.24.1       ┆ hb83e432_1            ┆ conda-forge       ┆ 219.81 KiB │
 │ │ │ libvorbis                                         ┆ 1.3.7        ┆ h54a6638_2            ┆ conda-forge       ┆ 279.19 KiB │
 │ │ │ libvpl                                            ┆ 2.16.0       ┆ h54a6638_0            ┆ conda-forge       ┆ 281.24 KiB │
 │ │ │ libvpx                                            ┆ 1.15.2       ┆ hd2095e1_1            ┆ conda-forge       ┆   1.07 MiB │
 │ │ │ libvulkan-loader                                  ┆ 1.4.357.0    ┆ h0e34353_2            ┆ conda-forge       ┆ 202.11 KiB │
 │ │ │ libwebp-base                                      ┆ 1.6.0        ┆ hd42ef1d_1            ┆ conda-forge       ┆ 418.39 KiB │
 │ │ │ libxcb                                            ┆ 1.17.0       ┆ hb83e432_2            ┆ conda-forge       ┆ 385.86 KiB │
 │ │ │ libxcrypt                                         ┆ 4.4.38       ┆ h280c20c_0            ┆ conda-forge       ┆  99.57 KiB │
 │ │ │ libxkbcommon                                      ┆ 1.13.2       ┆ h51789e4_1            ┆ conda-forge       ┆ 920.48 KiB │
 │ │ │ libxml2                                           ┆ 2.15.4       ┆ h7df9aa5_0            ┆ conda-forge       ┆  45.97 KiB │
 │ │ │ libxml2-16                                        ┆ 2.15.4       ┆ hf3af7cc_0            ┆ conda-forge       ┆ 555.86 KiB │
 │ │ │ libzip                                            ┆ 1.11.2       ┆ h6008cf6_1            ┆ conda-forge       ┆ 109.80 KiB │
 │ │ │ libzlib                                           ┆ 1.3.2        ┆ h25fd6f3_3            ┆ conda-forge       ┆  62.22 KiB │
 │ │ │ loguru                                            ┆ 0.7.3        ┆ pyh707e725_0          ┆ conda-forge       ┆  58.30 KiB │
 │ │ │ lz4-c                                             ┆ 1.10.0       ┆ hee9eb32_2            ┆ conda-forge       ┆ 177.55 KiB │
 │ │ │ matplotlib-base                                   ┆ 3.11.1       ┆ py312h4c94fcb_2       ┆ conda-forge       ┆   8.52 MiB │
 │ │ │ metis                                             ┆ 5.1.0        ┆ hd0bcaf9_1007         ┆ conda-forge       ┆   3.74 MiB │
 │ │ │ mpfr                                              ┆ 4.2.2        ┆ ha2cb11d_1            ┆ conda-forge       ┆ 713.29 KiB │
 │ │ │ mpg123                                            ┆ 1.32.9       ┆ h8142553_0            ┆ conda-forge       ┆ 476.03 KiB │
 │ │ │ msgpack-python                                    ┆ 1.2.2        ┆ py312h9be0db6_2       ┆ conda-forge       ┆ 111.72 KiB │
 │ │ │ multidict                                         ┆ 6.7.1        ┆ py312h8a5da7c_0       ┆ conda-forge       ┆  97.71 KiB │
 │ │ │ munkres                                           ┆ 1.1.4        ┆ pyhd8ed1ab_1          ┆ conda-forge       ┆  15.48 KiB │
 │ │ │ nanoflann                                         ┆ 1.6.1        ┆ hff21bea_0            ┆ conda-forge       ┆  25.31 KiB │
 │ │ │ ncurses                                           ┆ 6.6          ┆ hdb14827_1            ┆ conda-forge       ┆ 889.84 KiB │
 │ │ │ nlohmann_json                                     ┆ 3.12.0       ┆ h54a6638_2            ┆ conda-forge       ┆ 133.18 KiB │
 │ │ │ nspr                                              ┆ 4.40         ┆ h29cc59b_0            ┆ conda-forge       ┆ 225.93 KiB │
 │ │ │ nss                                               ┆ 3.118        ┆ h445c969_0            ┆ conda-forge       ┆   1.96 MiB │
 │ │ │ numpy                                             ┆ 2.5.3        ┆ py312he827f4e_0       ┆ conda-forge       ┆   8.80 MiB │
 │ │ │ ocl-icd                                           ┆ 2.3.4        ┆ hb03c661_1            ┆ conda-forge       ┆ 107.03 KiB │
 │ │ │ octomap                                           ┆ 1.10.0       ┆ h4dbf13b_1            ┆ conda-forge       ┆ 260.63 KiB │
 │ │ │ openblas                                          ┆ 0.3.34       ┆ pthreads_h299a788_2   ┆ conda-forge       ┆   7.23 MiB │
 │ │ │ opencl-headers                                    ┆ 2025.06.13   ┆ hecca717_0            ┆ conda-forge       ┆  54.45 KiB │
 │ │ │ openexr                                           ┆ 3.4.15       ┆ ha9edf89_0            ┆ conda-forge       ┆   1.17 MiB │
 │ │ │ openh264                                          ┆ 2.6.0        ┆ h8c49934_2            ┆ conda-forge       ┆ 719.76 KiB │
 │ │ │ openjpeg                                          ┆ 2.5.4        ┆ heb1ab33_2            ┆ conda-forge       ┆ 382.07 KiB │
 │ │ │ openjph                                           ┆ 0.31.0       ┆ h8d634f6_0            ┆ conda-forge       ┆ 288.27 KiB │
 │ │ │ openldap                                          ┆ 2.6.10       ┆ he970967_0            ┆ conda-forge       ┆ 761.97 KiB │
 │ │ │ openssl                                           ┆ 3.6.4        ┆ h781a0a9_0            ┆ conda-forge       ┆   3.05 MiB │
 │ │ │ orocos-kdl                                        ┆ 1.5.3        ┆ hca8cc02_1            ┆ conda-forge       ┆ 378.21 KiB │
 │ │ │ packaging                                         ┆ 26.3         ┆ pyhc364b38_0          ┆ conda-forge       ┆ 113.64 KiB │
 │ │ │ pango                                             ┆ 1.58.2       ┆ h7bb47b9_1            ┆ conda-forge       ┆ 460.76 KiB │
 │ │ │ pcl                                               ┆ 1.15.1       ┆ h717c489_7            ┆ conda-forge       ┆  17.10 MiB │
 │ │ │ pcre2                                             ┆ 10.47        ┆ h8b3dc9c_1            ┆ conda-forge       ┆   1.16 MiB │
 │ │ │ pep517                                            ┆ 0.13.0       ┆ pyhd8ed1ab_0          ┆ conda-forge       ┆  18.60 KiB │
 │ │ │ pillow                                            ┆ 12.3.0       ┆ py312h38079b3_4       ┆ conda-forge       ┆   1.01 MiB │
 │ │ │ pip                                               ┆ 26.2.1       ┆ pyh8b19718_0          ┆ conda-forge       ┆   1.14 MiB │
 │ │ │ pixman                                            ┆ 0.46.4       ┆ h54a6638_3            ┆ conda-forge       ┆ 367.88 KiB │
 │ │ │ pkg-config                                        ┆ 0.29.2       ┆ h1114479_1013         ┆ conda-forge       ┆ 138.06 KiB │
 │ │ │ pluggy                                            ┆ 1.6.0        ┆ pyhf9edf01_1          ┆ conda-forge       ┆  25.27 KiB │
 │ │ │ ply                                               ┆ 3.11         ┆ pyhd8ed1ab_3          ┆ conda-forge       ┆  47.90 KiB │
 │ │ │ proj                                              ┆ 9.7.1        ┆ he0df7b0_3            ┆ conda-forge       ┆   3.43 MiB │
 │ │ │ propcache                                         ┆ 0.5.2        ┆ py312h8a5da7c_0       ┆ conda-forge       ┆  50.38 KiB │
 │ │ │ pthread-stubs                                     ┆ 0.4          ┆ h7cc23a3_1004         ┆ conda-forge       ┆   9.40 KiB │
 │ │ │ pugixml                                           ┆ 1.15         ┆ h3f63f65_0            ┆ conda-forge       ┆ 115.71 KiB │
 │ │ │ pulseaudio-client                                 ┆ 17.0         ┆ h9a6aba3_3            ┆ conda-forge       ┆ 733.19 KiB │
 │ │ │ py-opencv                                         ┆ 4.13.0       ┆ qt6_py312h2638c08_606 ┆ conda-forge       ┆   1.10 MiB │
 │ │ │ pygments                                          ┆ 2.21.0       ┆ pyhcf101f3_0          ┆ conda-forge       ┆ 936.89 KiB │
 │ │ │ pyparsing                                         ┆ 3.3.2        ┆ pyhcf101f3_0          ┆ conda-forge       ┆ 108.29 KiB │
 │ │ │ pyqt                                              ┆ 5.15.11      ┆ py312h82c0db2_2       ┆ conda-forge       ┆   5.04 MiB │
 │ │ │ pyqt-builder                                      ┆ 1.18.2       ┆ pyhd8ed1ab_1          ┆ conda-forge       ┆   2.82 MiB │
 │ │ │ pyqt5-sip                                         ┆ 12.17.0      ┆ py312h1289d80_2       ┆ conda-forge       ┆  83.79 KiB │
 │ │ │ pytest                                            ┆ 9.1.1        ┆ pyhc364b38_2          ┆ conda-forge       ┆ 299.54 KiB │
 │ │ │ python                                            ┆ 3.12.14      ┆ h5f976f7_3_cpython    ┆ conda-forge       ┆  21.98 MiB │
 │ │ │ python-dateutil                                   ┆ 2.9.0.post0  ┆ pyhe01879c_2          ┆ conda-forge       ┆ 227.84 KiB │
 │ │ │ python_abi                                        ┆ 3.12         ┆ 9_cp312               ┆ conda-forge       ┆   6.59 KiB │
 │ │ │ qhull                                             ┆ 2020.2       ┆ h434a139_5            ┆ conda-forge       ┆ 539.98 KiB │
 │ │ │ qt-main                                           ┆ 5.15.15      ┆ hc240232_7            ┆ conda-forge       ┆  49.99 MiB │
 │ │ │ qt6-main                                          ┆ 6.10.2       ┆ hb82b983_4            ┆ conda-forge       ┆  54.76 MiB │
 │ │ │ rav1e                                             ┆ 0.8.1        ┆ h1fbca29_0            ┆ conda-forge       ┆   5.34 MiB │
 │ │ │ readline                                          ┆ 8.3          ┆ hd6e31c0_1            ┆ conda-forge       ┆ 340.72 KiB │
 │ │ │ rhash                                             ┆ 1.4.6        ┆ hb03c661_2            ┆ conda-forge       ┆ 190.42 KiB │
 │ │ │ ros-humble-action-msgs                            ┆ 1.2.2        ┆ np2py312h2ed9cc7_15   ┆ robostack-staging ┆ 115.18 KiB │
 │ │ │ ros-humble-ament-cmake                            ┆ 1.3.13       ┆ np2py312h2ed9cc7_15   ┆ robostack-staging ┆  23.07 KiB │
 │ │ │ ros-humble-ament-cmake-core                       ┆ 1.3.13       ┆ np2py312h2ed9cc7_15   ┆ robostack-staging ┆  43.48 KiB │
 │ │ │ ros-humble-ament-cmake-export-definitions         ┆ 1.3.13       ┆ np2py312h2ed9cc7_15   ┆ robostack-staging ┆  21.83 KiB │
 │ │ │ ros-humble-ament-cmake-export-dependencies        ┆ 1.3.13       ┆ np2py312h2ed9cc7_15   ┆ robostack-staging ┆  23.00 KiB │
 │ │ │ ros-humble-ament-cmake-export-include-directories ┆ 1.3.13       ┆ np2py312h2ed9cc7_15   ┆ robostack-staging ┆  22.26 KiB │
 │ │ │ ros-humble-ament-cmake-export-interfaces          ┆ 1.3.13       ┆ np2py312h2ed9cc7_15   ┆ robostack-staging ┆  22.44 KiB │
 │ │ │ ros-humble-ament-cmake-export-libraries           ┆ 1.3.13       ┆ np2py312h2ed9cc7_15   ┆ robostack-staging ┆  23.73 KiB │
 │ │ │ ros-humble-ament-cmake-export-link-flags          ┆ 1.3.13       ┆ np2py312h2ed9cc7_15   ┆ robostack-staging ┆  21.77 KiB │
 │ │ │ ros-humble-ament-cmake-export-targets             ┆ 1.3.13       ┆ np2py312h2ed9cc7_15   ┆ robostack-staging ┆  22.59 KiB │
 │ │ │ ros-humble-ament-cmake-gen-version-h              ┆ 1.3.13       ┆ np2py312h2ed9cc7_15   ┆ robostack-staging ┆  24.53 KiB │
 │ │ │ ros-humble-ament-cmake-gmock                      ┆ 1.3.13       ┆ np2py312h2ed9cc7_15   ┆ robostack-staging ┆  24.13 KiB │
 │ │ │ ros-humble-ament-cmake-gtest                      ┆ 1.3.13       ┆ np2py312h2ed9cc7_15   ┆ robostack-staging ┆  24.34 KiB │
 │ │ │ ros-humble-ament-cmake-include-directories        ┆ 1.3.13       ┆ np2py312h2ed9cc7_15   ┆ robostack-staging ┆  21.71 KiB │
 │ │ │ ros-humble-ament-cmake-libraries                  ┆ 1.3.13       ┆ np2py312h2ed9cc7_15   ┆ robostack-staging ┆  21.44 KiB │
 │ │ │ ros-humble-ament-cmake-pytest                     ┆ 1.3.13       ┆ np2py312h2ed9cc7_15   ┆ robostack-staging ┆  24.55 KiB │
 │ │ │ ros-humble-ament-cmake-python                     ┆ 1.3.13       ┆ np2py312h2ed9cc7_15   ┆ robostack-staging ┆  23.92 KiB │
 │ │ │ ros-humble-ament-cmake-ros                        ┆ 0.10.0       ┆ np2py312h2ed9cc7_15   ┆ robostack-staging ┆  30.42 KiB │
 │ │ │ ros-humble-ament-cmake-target-dependencies        ┆ 1.3.13       ┆ np2py312h2ed9cc7_15   ┆ robostack-staging ┆  23.40 KiB │
 │ │ │ ros-humble-ament-cmake-test                       ┆ 1.3.13       ┆ np2py312h2ed9cc7_15   ┆ robostack-staging ┆  34.96 KiB │
 │ │ │ ros-humble-ament-cmake-version                    ┆ 1.3.13       ┆ np2py312h2ed9cc7_15   ┆ robostack-staging ┆  21.61 KiB │
 │ │ │ ros-humble-ament-index-cpp                        ┆ 1.4.1        ┆ np2py312h2ed9cc7_15   ┆ robostack-staging ┆  45.37 KiB │
 │ │ │ ros-humble-ament-index-python                     ┆ 1.4.1        ┆ np2py312h2ed9cc7_15   ┆ robostack-staging ┆  27.24 KiB │
 │ │ │ ros-humble-ament-package                          ┆ 0.14.2       ┆ np2py312h2ed9cc7_15   ┆ robostack-staging ┆  45.33 KiB │
 │ │ │ ros-humble-builtin-interfaces                     ┆ 1.2.2        ┆ np2py312h2ed9cc7_15   ┆ robostack-staging ┆  74.72 KiB │
 │ │ │ ros-humble-class-loader                           ┆ 2.2.0        ┆ np2py312h2ed9cc7_15   ┆ robostack-staging ┆  70.63 KiB │
 │ │ │ ros-humble-composition-interfaces                 ┆ 1.2.2        ┆ np2py312h2ed9cc7_15   ┆ robostack-staging ┆ 141.93 KiB │
 │ │ │ ros-humble-console-bridge-vendor                  ┆ 1.4.1        ┆ np2py312h2ed9cc7_15   ┆ robostack-staging ┆  26.47 KiB │
 │ │ │ ros-humble-cv-bridge                              ┆ 3.2.1        ┆ np2py312h3b5449b_15   ┆ robostack-staging ┆ 176.58 KiB │
 │ │ │ ros-humble-cyclonedds                             ┆ 0.10.5       ┆ np2py312h2ed9cc7_15   ┆ robostack-staging ┆   1.14 MiB │
 │ │ │ ros-humble-diagnostic-msgs                        ┆ 4.9.1        ┆ np2py312h2ed9cc7_15   ┆ robostack-staging ┆ 142.95 KiB │
 │ │ │ ros-humble-diagnostic-updater                     ┆ 4.0.6        ┆ np2py312h2ed9cc7_15   ┆ robostack-staging ┆ 162.66 KiB │
 │ │ │ ros-humble-domain-coordinator                     ┆ 0.10.0       ┆ np2py312h2ed9cc7_15   ┆ robostack-staging ┆  19.89 KiB │
 │ │ │ ros-humble-eigen3-cmake-module                    ┆ 0.1.1        ┆ np2py312h2ed9cc7_15   ┆ robostack-staging ┆  23.21 KiB │
 │ │ │ ros-humble-fastcdr                                ┆ 1.0.29       ┆ np2py312h2ed9cc7_15   ┆ robostack-staging ┆  65.18 KiB │
 │ │ │ ros-humble-fastrtps                               ┆ 2.6.11       ┆ np2py312h2ed9cc7_15   ┆ robostack-staging ┆   3.62 MiB │
 │ │ │ ros-humble-fastrtps-cmake-module                  ┆ 2.2.4        ┆ np2py312h2ed9cc7_15   ┆ robostack-staging ┆  26.60 KiB │
 │ │ │ ros-humble-filters                                ┆ 2.2.2        ┆ np2py312h2ed9cc7_15   ┆ robostack-staging ┆ 116.02 KiB │
 │ │ │ ros-humble-foonathan-memory-vendor                ┆ 1.2.0        ┆ np2py312h2ed9cc7_15   ┆ robostack-staging ┆  19.25 KiB │
 │ │ │ ros-humble-geometry-msgs                          ┆ 4.9.1        ┆ np2py312h2ed9cc7_15   ┆ robostack-staging ┆ 310.89 KiB │
 │ │ │ ros-humble-gmock-vendor                           ┆ 1.10.9006    ┆ np2py312h2ed9cc7_15   ┆ robostack-staging ┆ 110.81 KiB │
 │ │ │ ros-humble-grid-map-core                          ┆ 2.0.1        ┆ np2py312h2ed9cc7_15   ┆ robostack-staging ┆   1.82 MiB │
 │ │ │ ros-humble-grid-map-cv                            ┆ 2.0.1        ┆ np2py312h2ed9cc7_15   ┆ robostack-staging ┆  92.67 KiB │
 │ │ │ ros-humble-grid-map-msgs                          ┆ 2.0.1        ┆ np2py312h2ed9cc7_15   ┆ robostack-staging ┆ 167.93 KiB │
 │ │ │ ros-humble-grid-map-ros                           ┆ 2.0.1        ┆ np2py312h2ed9cc7_15   ┆ robostack-staging ┆ 115.93 KiB │
 │ │ │ ros-humble-gtest-vendor                           ┆ 1.10.9006    ┆ np2py312h2ed9cc7_15   ┆ robostack-staging ┆ 195.16 KiB │
 │ │ │ ros-humble-gtsam                                  ┆ 4.2.0        ┆ py312hfb442f0_15      ┆ robostack-staging ┆   8.62 KiB │
 │ │ │ ros-humble-iceoryx-binding-c                      ┆ 2.0.5        ┆ np2py312h2ed9cc7_15   ┆ robostack-staging ┆  90.75 KiB │
 │ │ │ ros-humble-iceoryx-hoofs                          ┆ 2.0.5        ┆ np2py312h2ed9cc7_15   ┆ robostack-staging ┆ 257.53 KiB │
 │ │ │ ros-humble-iceoryx-posh                           ┆ 2.0.5        ┆ np2py312h2ed9cc7_15   ┆ robostack-staging ┆ 560.41 KiB │
 │ │ │ ros-humble-image-geometry                         ┆ 3.2.1        ┆ np2py312h3b5449b_15   ┆ robostack-staging ┆  78.01 KiB │
 │ │ │ ros-humble-image-transport                        ┆ 3.1.12       ┆ np2py312h2ed9cc7_15   ┆ robostack-staging ┆ 541.72 KiB │
 │ │ │ ros-humble-laser-geometry                         ┆ 2.4.1        ┆ np2py312h2ed9cc7_15   ┆ robostack-staging ┆  57.59 KiB │
 │ │ │ ros-humble-libg2o                                 ┆ 2020.5.29    ┆ np2py312h2ed9cc7_15   ┆ robostack-staging ┆   1.40 MiB │
 │ │ │ ros-humble-libstatistics-collector                ┆ 1.3.4        ┆ np2py312h2ed9cc7_15   ┆ robostack-staging ┆  54.01 KiB │
 │ │ │ ros-humble-libyaml-vendor                         ┆ 1.2.2        ┆ np2py312h2ed9cc7_15   ┆ robostack-staging ┆  30.06 KiB │
 │ │ │ ros-humble-lifecycle-msgs                         ┆ 1.2.2        ┆ np2py312h2ed9cc7_15   ┆ robostack-staging ┆ 176.35 KiB │
 │ │ │ ros-humble-message-filters                        ┆ 4.3.14       ┆ np2py312h2ed9cc7_15   ┆ robostack-staging ┆  75.27 KiB │
 │ │ │ ros-humble-nav-msgs                               ┆ 4.9.1        ┆ np2py312h2ed9cc7_15   ┆ robostack-staging ┆ 204.35 KiB │
 │ │ │ ros-humble-nav2-msgs                              ┆ 1.1.20       ┆ np2py312h2ed9cc7_15   ┆ robostack-staging ┆   1.11 MiB │
 │ │ │ ros-humble-octomap-msgs                           ┆ 2.0.1        ┆ np2py312h2ed9cc7_15   ┆ robostack-staging ┆ 123.95 KiB │
 │ │ │ ros-humble-orocos-kdl-vendor                      ┆ 0.2.5        ┆ np2py312h2ed9cc7_15   ┆ robostack-staging ┆  26.88 KiB │
 │ │ │ ros-humble-pcl-conversions                        ┆ 2.4.5        ┆ np2py312h2ed9cc7_15   ┆ robostack-staging ┆  64.98 KiB │
 │ │ │ ros-humble-pcl-msgs                               ┆ 1.0.0        ┆ np2py312h2ed9cc7_15   ┆ robostack-staging ┆ 131.02 KiB │
 │ │ │ ros-humble-pcl-ros                                ┆ 2.4.5        ┆ np2py312h2ed9cc7_15   ┆ robostack-staging ┆ 205.59 KiB │
 │ │ │ ros-humble-pluginlib                              ┆ 5.1.3        ┆ np2py312h2ed9cc7_15   ┆ robostack-staging ┆ 135.07 KiB │
 │ │ │ ros-humble-python-cmake-module                    ┆ 0.10.0       ┆ np2py312h2ed9cc7_15   ┆ robostack-staging ┆  27.66 KiB │
 │ │ │ ros-humble-python-qt-binding                      ┆ 1.1.3        ┆ np2py312h2ed9cc7_15   ┆ robostack-staging ┆  57.04 KiB │
 │ │ │ ros-humble-qt-gui                                 ┆ 2.2.4        ┆ np2py312h2ed9cc7_15   ┆ robostack-staging ┆ 166.67 KiB │
 │ │ │ ros-humble-qt-gui-cpp                             ┆ 2.2.4        ┆ np2py312h2ed9cc7_15   ┆ robostack-staging ┆ 499.19 KiB │
 │ │ │ ros-humble-rcl                                    ┆ 5.3.12       ┆ np2py312h2ed9cc7_15   ┆ robostack-staging ┆ 172.49 KiB │
 │ │ │ ros-humble-rcl-action                             ┆ 5.3.12       ┆ np2py312h2ed9cc7_15   ┆ robostack-staging ┆  76.44 KiB │
 │ │ │ ros-humble-rcl-interfaces                         ┆ 1.2.2        ┆ np2py312h2ed9cc7_15   ┆ robostack-staging ┆ 329.73 KiB │
 │ │ │ ros-humble-rcl-lifecycle                          ┆ 5.3.12       ┆ np2py312h2ed9cc7_15   ┆ robostack-staging ┆  55.03 KiB │
 │ │ │ ros-humble-rcl-logging-interface                  ┆ 2.3.2        ┆ np2py312h2ed9cc7_15   ┆ robostack-staging ┆  34.66 KiB │
 │ │ │ ros-humble-rcl-logging-spdlog                     ┆ 2.3.2        ┆ np2py312h918b84f_15   ┆ robostack-staging ┆  44.61 KiB │
 │ │ │ ros-humble-rcl-yaml-param-parser                  ┆ 5.3.12       ┆ np2py312h2ed9cc7_15   ┆ robostack-staging ┆  49.91 KiB │
 │ │ │ ros-humble-rclcpp                                 ┆ 16.0.18      ┆ np2py312h2ed9cc7_15   ┆ robostack-staging ┆ 859.63 KiB │
 │ │ │ ros-humble-rclcpp-action                          ┆ 16.0.18      ┆ np2py312h2ed9cc7_15   ┆ robostack-staging ┆ 113.70 KiB │
 │ │ │ ros-humble-rclcpp-components                      ┆ 16.0.18      ┆ np2py312h2ed9cc7_15   ┆ robostack-staging ┆ 131.43 KiB │
 │ │ │ ros-humble-rclpy                                  ┆ 3.3.20       ┆ np2py312h2ed9cc7_15   ┆ robostack-staging ┆ 609.19 KiB │
 │ │ │ ros-humble-rcpputils                              ┆ 2.4.6        ┆ np2py312h2ed9cc7_15   ┆ robostack-staging ┆  76.72 KiB │
 │ │ │ ros-humble-rcutils                                ┆ 5.1.8        ┆ np2py312h2ed9cc7_15   ┆ robostack-staging ┆ 115.04 KiB │
 │ │ │ ros-humble-rmw                                    ┆ 6.1.2        ┆ np2py312h2ed9cc7_15   ┆ robostack-staging ┆  89.59 KiB │
 │ │ │ ros-humble-rmw-connextdds                         ┆ 0.11.6       ┆ np2py312h2ed9cc7_15   ┆ robostack-staging ┆  30.21 KiB │
 │ │ │ ros-humble-rmw-connextdds-common                  ┆ 0.11.6       ┆ np2py312h2ed9cc7_15   ┆ robostack-staging ┆  51.35 KiB │
 │ │ │ ros-humble-rmw-cyclonedds-cpp                     ┆ 1.3.4        ┆ np2py312h2ed9cc7_15   ┆ robostack-staging ┆ 250.53 KiB │
 │ │ │ ros-humble-rmw-dds-common                         ┆ 1.6.0        ┆ np2py312h2ed9cc7_15   ┆ robostack-staging ┆ 145.56 KiB │
 │ │ │ ros-humble-rmw-fastrtps-cpp                       ┆ 6.2.10       ┆ np2py312h2ed9cc7_15   ┆ robostack-staging ┆ 140.30 KiB │
 │ │ │ ros-humble-rmw-fastrtps-dynamic-cpp               ┆ 6.2.10       ┆ np2py312h2ed9cc7_15   ┆ robostack-staging ┆ 179.03 KiB │
 │ │ │ ros-humble-rmw-fastrtps-shared-cpp                ┆ 6.2.10       ┆ np2py312h2ed9cc7_15   ┆ robostack-staging ┆ 204.62 KiB │
 │ │ │ ros-humble-rmw-implementation                     ┆ 2.8.5        ┆ np2py312h2c89a96_15   ┆ robostack-staging ┆  52.02 KiB │
 │ │ │ ros-humble-rmw-implementation-cmake               ┆ 6.1.2        ┆ np2py312h2ed9cc7_15   ┆ robostack-staging ┆  28.57 KiB │
 │ │ │ ros-humble-ros-environment                        ┆ 3.2.2        ┆ np2py312h2ed9cc7_15   ┆ robostack-staging ┆  21.12 KiB │
 │ │ │ ros-humble-ros-workspace                          ┆ 1.0.2        ┆ np2py312h2ed9cc7_15   ┆ robostack-staging ┆  34.75 KiB │
 │ │ │ ros-humble-rosbag2-cpp                            ┆ 0.15.16      ┆ np2py312h2ed9cc7_15   ┆ robostack-staging ┆ 286.10 KiB │
 │ │ │ ros-humble-rosbag2-storage                        ┆ 0.15.16      ┆ np2py312h2ed9cc7_15   ┆ robostack-staging ┆ 225.98 KiB │
 │ │ │ ros-humble-rosgraph-msgs                          ┆ 1.2.2        ┆ np2py312h2ed9cc7_15   ┆ robostack-staging ┆  67.92 KiB │
 │ │ │ ros-humble-rosidl-adapter                         ┆ 3.1.8        ┆ np2py312h2ed9cc7_15   ┆ robostack-staging ┆  61.08 KiB │
 │ │ │ ros-humble-rosidl-cli                             ┆ 3.1.8        ┆ np2py312h2ed9cc7_15   ┆ robostack-staging ┆  37.25 KiB │
 │ │ │ ros-humble-rosidl-cmake                           ┆ 3.1.8        ┆ np2py312h2ed9cc7_15   ┆ robostack-staging ┆  40.31 KiB │
 │ │ │ ros-humble-rosidl-default-generators              ┆ 1.2.0        ┆ np2py312h2ed9cc7_15   ┆ robostack-staging ┆  31.26 KiB │
 │ │ │ ros-humble-rosidl-default-runtime                 ┆ 1.2.0        ┆ np2py312h2ed9cc7_15   ┆ robostack-staging ┆  30.22 KiB │
 │ │ │ ros-humble-rosidl-generator-c                     ┆ 3.1.8        ┆ np2py312h2ed9cc7_15   ┆ robostack-staging ┆  46.01 KiB │
 │ │ │ ros-humble-rosidl-generator-cpp                   ┆ 3.1.8        ┆ np2py312h2ed9cc7_15   ┆ robostack-staging ┆  48.73 KiB │
 │ │ │ ros-humble-rosidl-generator-py                    ┆ 0.14.6       ┆ np2py312h2ed9cc7_15   ┆ robostack-staging ┆  58.95 KiB │
 │ │ │ ros-humble-rosidl-generator-rs                    ┆ 0.4.11       ┆ np2py312h2ed9cc7_15   ┆ robostack-staging ┆  47.48 KiB │
 │ │ │ ros-humble-rosidl-parser                          ┆ 3.1.8        ┆ np2py312h2ed9cc7_15   ┆ robostack-staging ┆  57.98 KiB │
 │ │ │ ros-humble-rosidl-runtime-c                       ┆ 3.1.8        ┆ np2py312h2ed9cc7_15   ┆ robostack-staging ┆  47.38 KiB │
 │ │ │ ros-humble-rosidl-runtime-cpp                     ┆ 3.1.8        ┆ np2py312h2ed9cc7_15   ┆ robostack-staging ┆  35.29 KiB │
 │ │ │ ros-humble-rosidl-typesupport-c                   ┆ 2.0.2        ┆ np2py312h2ed9cc7_15   ┆ robostack-staging ┆  48.25 KiB │
 │ │ │ ros-humble-rosidl-typesupport-cpp                 ┆ 2.0.2        ┆ np2py312h2ed9cc7_15   ┆ robostack-staging ┆  47.60 KiB │
 │ │ │ ros-humble-rosidl-typesupport-fastrtps-c          ┆ 2.2.4        ┆ np2py312h2ed9cc7_15   ┆ robostack-staging ┆  47.87 KiB │
 │ │ │ ros-humble-rosidl-typesupport-fastrtps-cpp        ┆ 2.2.4        ┆ np2py312h2ed9cc7_15   ┆ robostack-staging ┆  50.11 KiB │
 │ │ │ ros-humble-rosidl-typesupport-interface           ┆ 3.1.8        ┆ np2py312h2ed9cc7_15   ┆ robostack-staging ┆  28.40 KiB │
 │ │ │ ros-humble-rosidl-typesupport-introspection-c     ┆ 3.1.8        ┆ np2py312h2ed9cc7_15   ┆ robostack-staging ┆  45.49 KiB │
 │ │ │ ros-humble-rosidl-typesupport-introspection-cpp   ┆ 3.1.8        ┆ np2py312h2ed9cc7_15   ┆ robostack-staging ┆  45.81 KiB │
 │ │ │ ros-humble-rpyutils                               ┆ 0.2.2        ┆ np2py312h2ed9cc7_15   ┆ robostack-staging ┆  25.03 KiB │
 │ │ │ ros-humble-rtabmap                                ┆ 0.22.1       ┆ np2py312h2ed9cc7_18   ┆ output            ┆   6.06 MiB │
 │ │ │ ros-humble-rtabmap-conversions                    ┆ 0.22.1       ┆ np2py312h2ed9cc7_18   ┆ output            ┆ 225.64 KiB │
 │ │ │ ros-humble-rtabmap-msgs                           ┆ 0.22.1       ┆ np2py312h2ed9cc7_18   ┆ output            ┆ 728.16 KiB │
 │ │ │ ros-humble-rtabmap-sync                           ┆ 0.22.1       ┆ np2py312h2ed9cc7_18   ┆ output            ┆   2.26 MiB │
 │ │ │ ros-humble-rti-connext-dds-cmake-module           ┆ 0.11.6       ┆ np2py312h2ed9cc7_15   ┆ robostack-staging ┆  30.74 KiB │
 │ │ │ ros-humble-sensor-msgs                            ┆ 4.9.1        ┆ np2py312h2ed9cc7_15   ┆ robostack-staging ┆ 440.86 KiB │
 │ │ │ ros-humble-sensor-msgs-py                         ┆ 4.9.1        ┆ np2py312h2ed9cc7_15   ┆ robostack-staging ┆  29.24 KiB │
 │ │ │ ros-humble-shared-queues-vendor                   ┆ 0.15.16      ┆ np2py312h2ed9cc7_15   ┆ robostack-staging ┆  65.09 KiB │
 │ │ │ ros-humble-spdlog-vendor                          ┆ 1.3.1        ┆ np2py312h918b84f_15   ┆ robostack-staging ┆  26.83 KiB │
 │ │ │ ros-humble-statistics-msgs                        ┆ 1.2.2        ┆ np2py312h2ed9cc7_15   ┆ robostack-staging ┆  98.84 KiB │
 │ │ │ ros-humble-std-msgs                               ┆ 4.9.1        ┆ np2py312h2ed9cc7_15   ┆ robostack-staging ┆ 282.91 KiB │
 │ │ │ ros-humble-std-srvs                               ┆ 4.9.1        ┆ np2py312h2ed9cc7_15   ┆ robostack-staging ┆ 104.52 KiB │
 │ │ │ ros-humble-stereo-msgs                            ┆ 4.9.1        ┆ np2py312h2ed9cc7_15   ┆ robostack-staging ┆  76.79 KiB │
 │ │ │ ros-humble-tango-icons-vendor                     ┆ 0.1.1        ┆ np2py312h2ed9cc7_15   ┆ robostack-staging ┆  25.87 KiB │
 │ │ │ ros-humble-tf2                                    ┆ 0.25.19      ┆ np2py312h2ed9cc7_15   ┆ robostack-staging ┆ 130.23 KiB │
 │ │ │ ros-humble-tf2-eigen                              ┆ 0.25.19      ┆ np2py312h2ed9cc7_15   ┆ robostack-staging ┆  44.00 KiB │
 │ │ │ ros-humble-tf2-geometry-msgs                      ┆ 0.25.19      ┆ np2py312h2ed9cc7_15   ┆ robostack-staging ┆  55.68 KiB │
 │ │ │ ros-humble-tf2-msgs                               ┆ 0.25.19      ┆ np2py312h2ed9cc7_15   ┆ robostack-staging ┆ 169.61 KiB │
 │ │ │ ros-humble-tf2-py                                 ┆ 0.25.19      ┆ np2py312h2ed9cc7_15   ┆ robostack-staging ┆  57.20 KiB │
 │ │ │ ros-humble-tf2-ros                                ┆ 0.25.19      ┆ np2py312h2ed9cc7_15   ┆ robostack-staging ┆ 444.36 KiB │
 │ │ │ ros-humble-tf2-ros-py                             ┆ 0.25.19      ┆ np2py312h2ed9cc7_15   ┆ robostack-staging ┆  43.62 KiB │
 │ │ │ ros-humble-tinyxml2-vendor                        ┆ 0.7.7        ┆ np2py312h2ed9cc7_15   ┆ robostack-staging ┆  24.30 KiB │
 │ │ │ ros-humble-tracetools                             ┆ 4.1.2        ┆ np2py312h2ed9cc7_15   ┆ robostack-staging ┆  39.71 KiB │
 │ │ │ ros-humble-unique-identifier-msgs                 ┆ 2.2.1        ┆ np2py312h2ed9cc7_15   ┆ robostack-staging ┆  70.03 KiB │
 │ │ │ ros-humble-visualization-msgs                     ┆ 4.9.1        ┆ np2py312h2ed9cc7_15   ┆ robostack-staging ┆ 292.22 KiB │
 │ │ │ ros-humble-yaml-cpp-vendor                        ┆ 8.0.2        ┆ np2py312h2ed9cc7_15   ┆ robostack-staging ┆  22.83 KiB │
 │ │ │ ros2-distro-mutex                                 ┆ 0.8.0        ┆ humble_15             ┆ robostack-staging ┆   2.32 KiB │
 │ │ │ sdl2                                              ┆ 2.32.56      ┆ h54a6638_0            ┆ conda-forge       ┆ 575.34 KiB │
 │ │ │ sdl3                                              ┆ 3.4.16       ┆ h5330f5c_0            ┆ conda-forge       ┆   2.05 MiB │
 │ │ │ setuptools                                        ┆ 84.0.0       ┆ pyh332efcf_0          ┆ conda-forge       ┆ 512.20 KiB │
 │ │ │ shaderc                                           ┆ 2026.2       ┆ h718be3e_0            ┆ conda-forge       ┆ 111.02 KiB │
 │ │ │ sip                                               ┆ 6.10.0       ┆ py312h1289d80_1       ┆ conda-forge       ┆ 664.93 KiB │
 │ │ │ six                                               ┆ 1.17.0       ┆ pyhe01879c_1          ┆ conda-forge       ┆  18.02 KiB │
 │ │ │ snappy                                            ┆ 1.2.2        ┆ h03e3b7b_1            ┆ conda-forge       ┆  44.75 KiB │
 │ │ │ spdlog                                            ┆ 1.17.0       ┆ hb6aa676_2            ┆ conda-forge       ┆ 192.81 KiB │
 │ │ │ spirv-tools                                       ┆ 2026.3       ┆ h7148c6a_1            ┆ conda-forge       ┆   2.27 MiB │
 │ │ │ sqlite                                            ┆ 3.53.4       ┆ h9ffa6c4_1            ┆ conda-forge       ┆ 200.87 KiB │
 │ │ │ suitesparse                                       ┆ 7.10.1       ┆ ha0f6916_7100102      ┆ conda-forge       ┆  11.99 KiB │
 │ │ │ svt-av1                                           ┆ 4.0.1        ┆ hecca717_0            ┆ conda-forge       ┆   2.50 MiB │
 │ │ │ tbb                                               ┆ 2023.1.0     ┆ hfd44327_0            ┆ conda-forge       ┆ 182.90 KiB │
 │ │ │ tbb-devel                                         ┆ 2023.1.0     ┆ hfd44327_0            ┆ conda-forge       ┆   1.10 MiB │
 │ │ │ tinyxml2                                          ┆ 11.0.0       ┆ h3f2d84a_0            ┆ conda-forge       ┆ 128.27 KiB │
 │ │ │ tk                                                ┆ 8.6.13       ┆ noxft_h1df4ec4_4      ┆ conda-forge       ┆   3.40 MiB │
 │ │ │ toml                                              ┆ 0.10.2       ┆ pyhcf101f3_3          ┆ conda-forge       ┆  23.45 KiB │
 │ │ │ tomli                                             ┆ 2.4.1        ┆ pyhcf101f3_0          ┆ conda-forge       ┆  21.06 KiB │
 │ │ │ typing_extensions                                 ┆ 4.16.0       ┆ pyhcf101f3_0          ┆ conda-forge       ┆  51.40 KiB │
 │ │ │ tzdata                                            ┆ 2026c        ┆ h151e31d_0            ┆ conda-forge       ┆ 116.06 KiB │
 │ │ │ unicodedata2                                      ┆ 17.0.1       ┆ py312h5cc1888_1       ┆ conda-forge       ┆ 404.32 KiB │
 │ │ │ utfcpp                                            ┆ 4.09         ┆ ha770c72_0            ┆ conda-forge       ┆  13.89 KiB │
 │ │ │ viskores                                          ┆ 1.1.1        ┆ cpu_hc82bd48_1        ┆ conda-forge       ┆  23.96 MiB │
 │ │ │ vtk                                               ┆ 9.5.2        ┆ py312h244374b_7       ┆ conda-forge       ┆  24.99 KiB │
 │ │ │ vtk-base                                          ┆ 9.5.2        ┆ py312h6fba518_7       ┆ conda-forge       ┆  65.69 MiB │
 │ │ │ vtk-io-ffmpeg                                     ┆ 9.5.2        ┆ py312hcdbd8b1_7       ┆ conda-forge       ┆ 105.84 KiB │
 │ │ │ wayland                                           ┆ 1.26.0       ┆ hc1c935e_2            ┆ conda-forge       ┆ 332.09 KiB │
 │ │ │ wayland-protocols                                 ┆ 1.49         ┆ hd8ed1ab_0            ┆ conda-forge       ┆ 144.49 KiB │
 │ │ │ wheel                                             ┆ 0.48.0       ┆ pyhd8ed1ab_0          ┆ conda-forge       ┆  33.72 KiB │
 │ │ │ wslink                                            ┆ 2.5.7        ┆ pyhd8ed1ab_0          ┆ conda-forge       ┆  35.94 KiB │
 │ │ │ x264                                              ┆ 1!164.3095   ┆ h7cc23a3_3            ┆ conda-forge       ┆ 690.57 KiB │
 │ │ │ x265                                              ┆ 3.5          ┆ h73f68a7_4            ┆ conda-forge       ┆   2.13 MiB │
 │ │ │ xcb-util                                          ┆ 0.4.1        ┆ h4f16b4b_2            ┆ conda-forge       ┆  20.29 KiB │
 │ │ │ xcb-util-cursor                                   ┆ 0.1.6        ┆ hb03c661_0            ┆ conda-forge       ┆  20.34 KiB │
 │ │ │ xcb-util-image                                    ┆ 0.4.0        ┆ hb711507_2            ┆ conda-forge       ┆  23.98 KiB │
 │ │ │ xcb-util-keysyms                                  ┆ 0.4.1        ┆ hb711507_0            ┆ conda-forge       ┆  13.98 KiB │
 │ │ │ xcb-util-renderutil                               ┆ 0.3.10       ┆ hb711507_0            ┆ conda-forge       ┆  16.58 KiB │
 │ │ │ xcb-util-wm                                       ┆ 0.4.2        ┆ hb711507_0            ┆ conda-forge       ┆  50.48 KiB │
 │ │ │ xkeyboard-config                                  ┆ 2.48         ┆ h280c20c_0            ┆ conda-forge       ┆ 431.32 KiB │
 │ │ │ xorg-libice                                       ┆ 1.1.2        ┆ h280c20c_0            ┆ conda-forge       ┆  61.05 KiB │
 │ │ │ xorg-libsm                                        ┆ 1.2.6        ┆ h0d788c3_1            ┆ conda-forge       ┆  30.02 KiB │
 │ │ │ xorg-libx11                                       ┆ 1.8.13       ┆ he1eb515_1            ┆ conda-forge       ┆ 819.90 KiB │
 │ │ │ xorg-libxau                                       ┆ 1.0.12       ┆ h7cc23a3_2            ┆ conda-forge       ┆  18.35 KiB │
 │ │ │ xorg-libxcomposite                                ┆ 0.4.7        ┆ hb03c661_0            ┆ conda-forge       ┆  14.08 KiB │
 │ │ │ xorg-libxcursor                                   ┆ 1.2.3        ┆ hb9d3cd8_0            ┆ conda-forge       ┆  31.77 KiB │
 │ │ │ xorg-libxdamage                                   ┆ 1.1.6        ┆ hb9d3cd8_0            ┆ conda-forge       ┆  12.91 KiB │
 │ │ │ xorg-libxdmcp                                     ┆ 1.1.5        ┆ hb03c661_2            ┆ conda-forge       ┆  20.62 KiB │
 │ │ │ xorg-libxext                                      ┆ 1.3.7        ┆ h7cc23a3_1            ┆ conda-forge       ┆  51.88 KiB │
 │ │ │ xorg-libxfixes                                    ┆ 6.0.2        ┆ h7cc23a3_1            ┆ conda-forge       ┆  20.94 KiB │
 │ │ │ xorg-libxi                                        ┆ 1.8.3        ┆ h7cc23a3_1            ┆ conda-forge       ┆  48.01 KiB │
 │ │ │ xorg-libxrandr                                    ┆ 1.5.5        ┆ h7cc23a3_1            ┆ conda-forge       ┆  30.38 KiB │
 │ │ │ xorg-libxrender                                   ┆ 0.9.12       ┆ hb03c661_1            ┆ conda-forge       ┆  33.83 KiB │
 │ │ │ xorg-libxscrnsaver                                ┆ 1.2.4        ┆ hb9d3cd8_0            ┆ conda-forge       ┆  14.07 KiB │
 │ │ │ xorg-libxshmfence                                 ┆ 1.3.3        ┆ hb9d3cd8_0            ┆ conda-forge       ┆  12.01 KiB │
 │ │ │ xorg-libxtst                                      ┆ 1.2.5        ┆ h7cc23a3_4            ┆ conda-forge       ┆  34.23 KiB │
 │ │ │ xorg-libxxf86vm                                   ┆ 1.1.7        ┆ hb03c661_0            ┆ conda-forge       ┆  18.26 KiB │
 │ │ │ xorg-xorgproto                                    ┆ 2025.1       ┆ hebe6cf0_3            ┆ conda-forge       ┆ 582.36 KiB │
 │ │ │ yaml                                              ┆ 0.2.5        ┆ hebe6cf0_3            ┆ conda-forge       ┆  82.95 KiB │
 │ │ │ yaml-cpp                                          ┆ 0.8.0        ┆ h54a6638_1            ┆ conda-forge       ┆ 236.97 KiB │
 │ │ │ yarl                                              ┆ 1.24.5       ┆ py312h8a5da7c_0       ┆ conda-forge       ┆ 167.27 KiB │
 │ │ │ zfp                                               ┆ 1.0.1        ┆ h79e284d_6            ┆ conda-forge       ┆ 257.10 KiB │
 │ │ │ zipp                                              ┆ 4.1.0        ┆ pyhcf101f3_0          ┆ conda-forge       ┆  23.62 KiB │
 │ │ │ zlib                                              ┆ 1.3.2        ┆ h25fd6f3_3            ┆ conda-forge       ┆  93.88 KiB │
 │ │ │ zlib-ng                                           ┆ 2.3.3        ┆ hce19668_1            ┆ conda-forge       ┆ 121.05 KiB │
 │ │ │ zstd                                              ┆ 1.5.7        ┆ hb78ec9c_7            ┆ conda-forge       ┆ 587.21 KiB │
 │ │ ╰───────────────────────────────────────────────────┴──────────────┴───────────────────────┴───────────────────┴────────────╯
 │ │
 │ ╰─────────────────── (took 1 second)
 │ 
 │ Finalized run dependencies (ros-humble-rtabmap-util-0.22.1-np2py312h2ed9cc7_18):
 │ ╭────────────────────────────────┬────────────────────────────────────────────────────╮
 │ │ Name                           ┆ Spec                                               │
 │ ╞════════════════════════════════╪════════════════════════════════════════════════════╡
 │ │ Run dependencies               ┆                                                    │
 │ │ __glibc                        ┆ >=2.17,<3.0.a0 (RE of [build: sysroot_linux-64])   │
 │ │ libgcc                         ┆ >=14 (RE of [build: gxx_linux-64])                 │
 │ │                                ┆ >=14 (RE of [build: gcc_linux-64])                 │
 │ │ libstdcxx                      ┆ >=14 (RE of [build: gxx_linux-64])                 │
 │ │ numpy                          ┆ >=1.25,<3 (RE of [host: numpy])                    │
 │ │ python                         ┆ *                                                  │
 │ │ python_abi                     ┆ 3.12.* *_cp312 (RE of [host: python])              │
 │ │ ros-humble-cv-bridge           ┆ *                                                  │
 │ │ ros-humble-grid-map-ros        ┆ *                                                  │
 │ │ ros-humble-image-geometry      ┆ *                                                  │
 │ │ ros-humble-image-transport     ┆ *                                                  │
 │ │ ros-humble-laser-geometry      ┆ *                                                  │
 │ │ ros-humble-message-filters     ┆ *                                                  │
 │ │ ros-humble-nav-msgs            ┆ *                                                  │
 │ │ ros-humble-octomap-msgs        ┆ *                                                  │
 │ │ ros-humble-pcl-conversions     ┆ *                                                  │
 │ │ ros-humble-pcl-ros             ┆ *                                                  │
 │ │ ros-humble-rclcpp              ┆ *                                                  │
 │ │ ros-humble-rclcpp-components   ┆ *                                                  │
 │ │ ros-humble-ros-workspace       ┆ *                                                  │
 │ │ ros-humble-rtabmap-conversions ┆ *                                                  │
 │ │ ros-humble-rtabmap-msgs        ┆ *                                                  │
 │ │ ros-humble-rtabmap-sync        ┆ *                                                  │
 │ │ ros-humble-sensor-msgs         ┆ *                                                  │
 │ │ ros-humble-std-msgs            ┆ *                                                  │
 │ │ ros-humble-stereo-msgs         ┆ *                                                  │
 │ │ ros-humble-tf2                 ┆ *                                                  │
 │ │ ros-humble-tf2-geometry-msgs   ┆ *                                                  │
 │ │ ros-humble-tf2-ros             ┆ *                                                  │
 │ │ ros2-distro-mutex              ┆ 0.8.* humble_*                                     │
 │ │                                ┆ >=0.8.0,<0.9.0a0 (RE of [host: ros2-distro-mutex]) │
 │ ╰────────────────────────────────┴────────────────────────────────────────────────────╯
 │
 │ ╭─ Installing build environment
 │ │ ✔ Successfully updated the build environment
 │ │
 │ ╰─────────────────── (took 0 seconds)
 │
 │ ╭─ Installing host environment
 │ │ ✔ Successfully updated the host environment
 │ │
 │ ╰─────────────────── (took 1 second)
 │
 │ ╭─ Running build script
 │ │ INFO: activate-binutils_linux-64.sh made the following environmental changes:
 │ │ +ADDR2LINE=x86_64-conda-linux-gnu-addr2line
 │ │ +AR=x86_64-conda-linux-gnu-ar
 │ │ +AS=x86_64-conda-linux-gnu-as
 │ │ +CXXFILT=x86_64-conda-linux-gnu-c++filt
 │ │ +ELFEDIT=x86_64-conda-linux-gnu-elfedit
 │ │ +GPROF=x86_64-conda-linux-gnu-gprof
 │ │ +LD=x86_64-conda-linux-gnu-ld
 │ │ +NM=x86_64-conda-linux-gnu-nm
 │ │ +OBJCOPY=x86_64-conda-linux-gnu-objcopy
 │ │ +OBJDUMP=x86_64-conda-linux-gnu-objdump
 │ │ +RANLIB=x86_64-conda-linux-gnu-ranlib
 │ │ +READELF=x86_64-conda-linux-gnu-readelf
 │ │ +SIZE=x86_64-conda-linux-gnu-size
 │ │ +STRINGS=x86_64-conda-linux-gnu-strings
 │ │ +STRIP=x86_64-conda-linux-gnu-strip
 │ │ INFO: activate-gcc_linux-64.sh made the following environmental changes:
 │ │ +BUILD=x86_64-conda-linux-gnu
 │ │ +CC=x86_64-conda-linux-gnu-cc
 │ │ +CC_FOR_BUILD=x86_64-conda-linux-gnu-cc
 │ │ +CFLAGS=-march=nocona -mtune=haswell -ftree-vectorize -fPIC -fstack-protector-strong -fno-plt -O2 -ffunction-sections -pipe -fno-merge-constants -isystem $
 │ │ PREFIX/include -fdebug-prefix-map=$SRC_DIR=/usr/local/src/conda/ros-humble-rtabmap-util-0.22.1 -fdebug-prefix-map=$PREFIX=/usr/local/src/conda-prefix
 │ │ +CMAKE_ARGS=-DCMAKE_AR=$BUILD_PREFIX/bin/x86_64-conda-linux-gnu-ar -DCMAKE_CXX_COMPILER_AR=$BUILD_PREFIX/bin/x86_64-conda-linux-gnu-gcc-ar -DCMAKE_C_COMPIL
 │ │ ER_AR=$BUILD_PREFIX/bin/x86_64-conda-linux-gnu-gcc-ar -DCMAKE_RANLIB=$BUILD_PREFIX/bin/x86_64-conda-linux-gnu-ranlib -DCMAKE_CXX_COMPILER_RANLIB=$BUILD_PRE
 │ │ FIX/bin/x86_64-conda-linux-gnu-gcc-ranlib -DCMAKE_C_COMPILER_RANLIB=$BUILD_PREFIX/bin/x86_64-conda-linux-gnu-gcc-ranlib -DCMAKE_LINKER=$BUILD_PREFIX/bin/x8
 │ │ 6_64-conda-linux-gnu-ld -DCMAKE_STRIP=$BUILD_PREFIX/bin/x86_64-conda-linux-gnu-strip -DCMAKE_BUILD_TYPE=Release -DCMAKE_FIND_ROOT_PATH_MODE_PROGRAM=NEVER -
 │ │ DCMAKE_FIND_ROOT_PATH_MODE_LIBRARY=ONLY -DCMAKE_FIND_ROOT_PATH_MODE_INCLUDE=ONLY -DCMAKE_FIND_ROOT_PATH=$PREFIX;$BUILD_PREFIX/x86_64-conda-linux-gnu/sysroo
 │ │ t -DCMAKE_INSTALL_PREFIX=$PREFIX -DCMAKE_INSTALL_LIBDIR=lib -DCMAKE_PROGRAM_PATH=$BUILD_PREFIX/bin;$PREFIX/bin -DCMAKE_POLICY_DEFAULT_CMP0094=NEW
 │ │ +CMAKE_PREFIX_PATH=$PREFIX:$BUILD_PREFIX/x86_64-conda-linux-gnu/sysroot/usr
 │ │ +CONDA_BUILD_CROSS_COMPILATION=
 │ │ +CONDA_BUILD_SYSROOT=$BUILD_PREFIX/x86_64-conda-linux-gnu/sysroot
 │ │ +CONDA_TOOLCHAIN_BUILD=x86_64-conda-linux-gnu
 │ │ +CONDA_TOOLCHAIN_HOST=x86_64-conda-linux-gnu
 │ │ +CPP=x86_64-conda-linux-gnu-cpp
 │ │ +CPPFLAGS=-DNDEBUG -D_FORTIFY_SOURCE=2 -O2 -isystem $PREFIX/include
 │ │ +CPP_FOR_BUILD=x86_64-conda-linux-gnu-cpp
 │ │ +DEBUG_CFLAGS=-march=nocona -mtune=haswell -ftree-vectorize -fPIC -fstack-protector-all -fno-plt -Og -g -Wall -Wextra -fvar-tracking-assignments -ffunction
 │ │ -sections -pipe -fno-merge-constants -isystem $PREFIX/include -fdebug-prefix-map=$SRC_DIR=/usr/local/src/conda/ros-humble-rtabmap-util-0.22.1 -fdebug-prefi
 │ │ x-map=$PREFIX=/usr/local/src/conda-prefix
 │ │ +DEBUG_CPPFLAGS=-D_DEBUG -D_FORTIFY_SOURCE=2 -Og -isystem $PREFIX/include
 │ │ +GCC=x86_64-conda-linux-gnu-gcc
 │ │ +GCC_AR=x86_64-conda-linux-gnu-gcc-ar
 │ │ +GCC_NM=x86_64-conda-linux-gnu-gcc-nm
 │ │ +GCC_RANLIB=x86_64-conda-linux-gnu-gcc-ranlib
 │ │ +HOST=x86_64-conda-linux-gnu
 │ │ +LDFLAGS=-Wl,-O2 -Wl,--sort-common -Wl,--as-needed -Wl,-z,relro -Wl,-z,now -Wl,--disable-new-dtags -Wl,--gc-sections -Wl,--allow-shlib-undefined -Wl,-rpath
 │ │ ,$PREFIX/lib -Wl,-rpath-link,$PREFIX/lib -L$PREFIX/lib
 │ │ +LDFLAGS_LD=-O2 --sort-common --as-needed -z relro -z now --disable-new-dtags --gc-sections --allow-shlib-undefined -rpath $PREFIX/lib -rpath-link $PREFIX/
 │ │ lib -L$PREFIX/lib
 │ │ +MESON_ARGS=-Dbuildtype=release --prefix=$PREFIX -Dlibdir=lib
 │ │ +build_alias=x86_64-conda-linux-gnu
 │ │ +host_alias=x86_64-conda-linux-gnu
 │ │ -BUILD=x86_64-conda_cos6-linux-gnu
 │ │ -CONDA_BUILD_CROSS_COMPILATION=0
 │ │ INFO: activate-gxx_linux-64.sh made the following environmental changes:
 │ │ +CXX=x86_64-conda-linux-gnu-c++
 │ │ +CXXFLAGS=-fvisibility-inlines-hidden -fmessage-length=0 -march=nocona -mtune=haswell -ftree-vectorize -fPIC -fstack-protector-strong -fno-plt -O2 -ffuncti
 │ │ on-sections -pipe -fno-merge-constants -isystem $PREFIX/include -fdebug-prefix-map=$SRC_DIR=/usr/local/src/conda/ros-humble-rtabmap-util-0.22.1 -fdebug-pre
 │ │ fix-map=$PREFIX=/usr/local/src/conda-prefix
 │ │ +CXX_FOR_BUILD=x86_64-conda-linux-gnu-c++
 │ │ +DEBUG_CXXFLAGS=-fvisibility-inlines-hidden -fmessage-length=0 -march=nocona -mtune=haswell -ftree-vectorize -fPIC -fstack-protector-all -fno-plt -Og -g -W
 │ │ all -Wextra -fvar-tracking-assignments -ffunction-sections -pipe -fno-merge-constants -isystem $PREFIX/include -fdebug-prefix-map=$SRC_DIR=/usr/local/src/c
 │ │ onda/ros-humble-rtabmap-util-0.22.1 -fdebug-prefix-map=$PREFIX=/usr/local/src/conda-prefix
 │ │ +GXX=x86_64-conda-linux-gnu-g++
 │ │ + /home/ubuntu/work/ros-humble/recipes/ros-humble-rtabmap-util/build_ament_cmake.sh
 │ │ USING PYTHON_EXECUTABLE=$PREFIX/bin/python
 │ │ USING PKG_CONFIG_EXECUTABLE=$PREFIX/bin/pkg-config
 │ │ Using Python 3.12
 │ │ Using PYTHON_INSTALL_DIR: lib/python3.12/site-packages
 │ │ CMake Deprecation Warning at CMakeLists.txt:1 (cmake_minimum_required):
 │ │   Compatibility with CMake < 3.10 will be removed from a future version of
 │ │ Ignoring COMPILE_WARNING_AS_ERROR target property and CMAKE_COMPILE_WARNING_AS_ERROR variable.
 │ │   CMake.
 │ │   Update the VERSION argument <min> value.  Or, use the <min>...<max> syntax
 │ │   to tell CMake that the project requires at least <min> but has been updated
 │ │   to work with policies introduced by <max> or earlier.
 │ │ -- The C compiler identification is GNU 14.4.0
 │ │ -- The CXX compiler identification is GNU 14.4.0
 │ │ -- Detecting C compiler ABI info
 │ │ -- Detecting C compiler ABI info - done
 │ │ -- Check for working C compiler: $BUILD_PREFIX/bin/x86_64-conda-linux-gnu-cc - skipped
 │ │ -- Detecting C compile features
 │ │ -- Detecting C compile features - done
 │ │ -- Detecting CXX compiler ABI info
 │ │ -- Detecting CXX compiler ABI info - done
 │ │ -- Check for working CXX compiler: $BUILD_PREFIX/bin/x86_64-conda-linux-gnu-c++ - skipped
 │ │ -- Detecting CXX compile features
 │ │ -- Detecting CXX compile features - done
 │ │ -- Found OpenCV: $PREFIX (found version "4.13.0") found components: core calib3d imgproc highgui stitching photo video aruco objdetect xfeatures2d missing 
 │ │ components: nonfree gpu cudafeatures2d
 │ │ -- Found nlohmann_json: $PREFIX/share/cmake/nlohmann_json/nlohmann_jsonConfig.cmake (found version "3.12.0")
 │ │ -- Performing Test CMAKE_HAVE_LIBC_PTHREAD
 │ │ -- Performing Test CMAKE_HAVE_LIBC_PTHREAD - Failed
 │ │ -- Looking for pthread_create in pthreads
 │ │ -- Looking for pthread_create in pthreads - not found
 │ │ -- Looking for pthread_create in pthread
 │ │ -- Looking for pthread_create in pthread - found
 │ │ -- Found Threads: TRUE
 │ │ -- Found X11: $PREFIX/include
 │ │ -- Looking for XOpenDisplay in $PREFIX/lib/libX11.so;$PREFIX/lib/libXext.so
 │ │ -- Looking for XOpenDisplay in $PREFIX/lib/libX11.so;$PREFIX/lib/libXext.so - found
 │ │ -- Looking for gethostbyname
 │ │ -- Looking for gethostbyname - found
 │ │ -- Looking for connect
 │ │ -- Looking for connect - found
 │ │ -- Looking for remove
 │ │ -- Looking for remove - found
 │ │ -- Looking for shmat
 │ │ -- Looking for shmat - found
 │ │ -- Looking for IceConnectionNumber in ICE
 │ │ -- Looking for IceConnectionNumber in ICE - found
 │ │ -- Found utf8cpp: $PREFIX/include
 │ │ -- Found ZLIB: $PREFIX/lib/libz.so (found version "1.3.2")
 │ │ -- Found PNG: $PREFIX/lib/libpng.so (found version "1.6.58")
 │ │ -- Check if compiler accepts -pthread
 │ │ -- Check if compiler accepts -pthread - yes
 │ │ -- Could NOT find WrapVulkanHeaders (missing: Vulkan_INCLUDE_DIR) 
 │ │ -- Performing Test HAVE_STDATOMIC
 │ │ -- Performing Test HAVE_STDATOMIC - Success
 │ │ -- Found WrapAtomic: TRUE
 │ │ -- Found OpenGL: $PREFIX/lib/libOpenGL.so
 │ │ -- Found WrapOpenGL: TRUE
 │ │ -- Could NOT find WrapVulkanHeaders (missing: Vulkan_INCLUDE_DIR) 
 │ │ -- Found Eigen3: $PREFIX/include/eigen3 (found version "3.4.0")
 │ │ -- Found EXPAT: $PREFIX/lib/libexpat.so (found suitable version "2.8.1", minimum required is "2.5.0")
 │ │ -- Found LZ4: $PREFIX/lib/liblz4.so (found version "1.10.0")
 │ │ -- Found LZMA: $PREFIX/lib/liblzma.so (found version "5.8.3")
 │ │ -- Found JPEG: $PREFIX/lib/libjpeg.so (found version "80")
 │ │ -- Found TIFF: $PREFIX/lib/libtiff.so (found version "4.7.2")
 │ │ -- Could NOT find freetype (missing: freetype_DIR)
 │ │ -- Found Freetype: $PREFIX/lib/libfreetype.so (found version "2.14.3")
 │ │ -- Found double-conversion: $PREFIX/lib/libdouble-conversion.so
 │ │ -- Found OpenMP_CXX: -fopenmp (found version "4.5")
 │ │ -- Found OpenMP: TRUE (found version "4.5") found components: CXX
 │ │ -- Found flann version 1.9.2
 │ │ -- Found Qhull version 8.0.2
 │ │ -- Could NOT find WrapVulkanHeaders (missing: Vulkan_INCLUDE_DIR) 
 │ │ -- Could NOT find WrapVulkanHeaders (missing: Vulkan_INCLUDE_DIR) 
 │ │ -- Could NOT find freetype (missing: freetype_DIR)
 │ │ -- Could NOT find WrapVulkanHeaders (missing: Vulkan_INCLUDE_DIR) 
 │ │ -- Could NOT find WrapVulkanHeaders (missing: Vulkan_INCLUDE_DIR) 
 │ │ -- Could NOT find freetype (missing: freetype_DIR)
 │ │ -- looking for PCL_COMMON
 │ │ -- Found PCL_COMMON: $PREFIX/lib/libpcl_common.so
 │ │ -- looking for PCL_OCTREE
 │ │ -- Found PCL_OCTREE: $PREFIX/lib/libpcl_octree.so
 │ │ -- looking for PCL_IO_PLY
 │ │ -- Found PCL_IO_PLY: $PREFIX/lib/libpcl_io_ply.so
 │ │ -- looking for PCL_IO
 │ │ -- Found PCL_IO: $PREFIX/lib/libpcl_io.so
 │ │ -- looking for PCL_KDTREE
 │ │ -- Found PCL_KDTREE: $PREFIX/lib/libpcl_kdtree.so
 │ │ -- looking for PCL_SEARCH
 │ │ -- Found PCL_SEARCH: $PREFIX/lib/libpcl_search.so
 │ │ -- looking for PCL_SURFACE
 │ │ -- Found PCL_SURFACE: $PREFIX/lib/libpcl_surface.so
 │ │ -- looking for PCL_FILTERS
 │ │ -- Found PCL_FILTERS: $PREFIX/lib/libpcl_filters.so
 │ │ -- looking for PCL_2D
 │ │ -- Found PCL_2D: $PREFIX/include/pcl-1.15
 │ │ -- looking for PCL_FEATURES
 │ │ -- Found PCL_FEATURES: $PREFIX/lib/libpcl_features.so
 │ │ -- looking for PCL_REGISTRATION
 │ │ -- Found PCL_REGISTRATION: $PREFIX/lib/libpcl_registration.so
 │ │ -- looking for PCL_SAMPLE_CONSENSUS
 │ │ -- Found PCL_SAMPLE_CONSENSUS: $PREFIX/lib/libpcl_sample_consensus.so
 │ │ -- looking for PCL_GEOMETRY
 │ │ -- Found PCL_GEOMETRY: $PREFIX/include/pcl-1.15
 │ │ -- looking for PCL_ML
 │ │ -- Found PCL_ML: $PREFIX/lib/libpcl_ml.so
 │ │ -- looking for PCL_SEGMENTATION
 │ │ -- Found PCL_SEGMENTATION: $PREFIX/lib/libpcl_segmentation.so
 │ │ -- looking for PCL_VISUALIZATION
 │ │ -- Found PCL_VISUALIZATION: $PREFIX/lib/libpcl_visualization.so
 │ │ -- Found PCL: pcl_common;pcl_octree;pcl_io_ply;pcl_io;pcl_kdtree;pcl_search;pcl_surface;pcl_filters;pcl_features;pcl_registration;pcl_sample_consensus;pcl_
 │ │ ml;pcl_segmentation;pcl_visualization;Boost::system;Boost::iostreams;Boost::filesystem;Boost::serialization;VTK::ChartsCore;VTK::CommonColor;VTK::CommonCom
 │ │ putationalGeometry;VTK::CommonCore;VTK::CommonDataModel;VTK::CommonExecutionModel;VTK::CommonMath;VTK::CommonMisc;VTK::CommonTransforms;VTK::FiltersCore;VT
 │ │ K::FiltersExtraction;VTK::FiltersGeneral;VTK::FiltersGeometry;VTK::FiltersModeling;VTK::FiltersSources;VTK::ImagingCore;VTK::ImagingSources;VTK::Interactio
 │ │ nImage;VTK::InteractionStyle;VTK::InteractionWidgets;VTK::IOCore;VTK::IOGeometry;VTK::IOImage;VTK::IOLegacy;VTK::IOPLY;VTK::RenderingAnnotation;VTK::Render
 │ │ ingCore;VTK::RenderingContext2D;VTK::RenderingLOD;VTK::RenderingFreeType;VTK::ViewsCore;VTK::ViewsContext2D;VTK::RenderingOpenGL2;VTK::RenderingContextOpen
 │ │ GL2;VTK::GUISupportQt;FLANN::FLANN;QHULL::QHULL (Required is at least version "1.7")
 │ │ -- Could NOT find WrapVulkanHeaders (missing: Vulkan_INCLUDE_DIR) 
 │ │ -- Could NOT find WrapVulkanHeaders (missing: Vulkan_INCLUDE_DIR) 
 │ │ -- RTABMap=rtabmap::utilite;rtabmap::core;rtabmap::gui
 │ │ -- Found ament_cmake: 1.3.13 ($PREFIX/share/ament_cmake/cmake)
 │ │ -- Found Python3: $PREFIX/bin/python (found version "3.12.14") found components: Interpreter
 │ │ -- Found cv_bridge: 3.2.1 ($PREFIX/share/cv_bridge/cmake)
 │ │ -- Found rosidl_generator_c: 3.1.8 ($PREFIX/share/rosidl_generator_c/cmake)
 │ │ -- Found rosidl_adapter: 3.1.8 ($PREFIX/share/rosidl_adapter/cmake)
 │ │ -- Found rosidl_generator_cpp: 3.1.8 ($PREFIX/share/rosidl_generator_cpp/cmake)
 │ │ -- Using all available rosidl_typesupport_c: rosidl_typesupport_fastrtps_c;rosidl_typesupport_introspection_c
 │ │ -- Using all available rosidl_typesupport_cpp: rosidl_typesupport_fastrtps_cpp;rosidl_typesupport_introspection_cpp
 │ │ -- Found image_transport: 3.1.12 ($PREFIX/share/image_transport/cmake)
 │ │ -- Checking for module 'yaml-0.1'
 │ │ --   Found yaml-0.1, version 0.2.5
 │ │ -- Found rmw_implementation_cmake: 6.1.2 ($PREFIX/share/rmw_implementation_cmake/cmake)
 │ │ -- Found rmw_fastrtps_cpp: 6.2.10 ($PREFIX/share/rmw_fastrtps_cpp/cmake)
 │ │ -- Found OpenSSL: $PREFIX/lib/libcrypto.so (found version "3.6.4")
 │ │ -- Found FastRTPS: $PREFIX/include
 │ │ -- Using RMW implementation 'rmw_fastrtps_cpp' as default
 │ │ -- Found rclcpp_components: 16.0.18 ($PREFIX/share/rclcpp_components/cmake)
 │ │ -- Found stereo_msgs: 4.9.1 ($PREFIX/share/stereo_msgs/cmake)
 │ │ -- Found nav_msgs: 4.9.1 ($PREFIX/share/nav_msgs/cmake)
 │ │ -- Found tf2: 0.25.19 ($PREFIX/share/tf2/cmake)
 │ │ -- Found tf2_geometry_msgs: 0.25.19 ($PREFIX/share/tf2_geometry_msgs/cmake)
 │ │ -- Found eigen3_cmake_module: 0.1.1 ($PREFIX/share/eigen3_cmake_module/cmake)
 │ │ -- Found Eigen3: TRUE (found version "3.4.0")
 │ │ -- Ensuring Eigen3 include directory is part of orocos-kdl CMake target
 │ │ -- Found laser_geometry: 2.4.1 ($PREFIX/share/laser_geometry/cmake)
 │ │ -- Found pcl_conversions: 2.4.5 ($PREFIX/share/pcl_conversions/cmake)
 │ │ -- Found pcl_ros: 2.4.5 ($PREFIX/share/pcl_ros/cmake)
 │ │ -- Found rtabmap_msgs: 0.22.1 ($PREFIX/share/rtabmap_msgs/cmake)
 │ │ -- Found rtabmap_conversions: 0.22.1 ($PREFIX/share/rtabmap_conversions/cmake)
 │ │ -- Found octomap_msgs: 2.0.1 ($PREFIX/share/octomap_msgs/cmake)
 │ │ -- Found grid_map_ros: 2.0.1 ($PREFIX/share/grid_map_ros/cmake)
 │ │ CMake Warning (dev) at $PREFIX/share/filters/cmake/ament_cmake_export_dependencies-extras.cmake:21 (find_package):
 │ │   Policy CMP0167 is not set: The FindBoost module is removed.  Run "cmake
 │ │   --help-policy CMP0167" for policy details.  Use the cmake_policy command to
 │ │   set the policy and suppress this warning.
 │ │ Call Stack (most recent call first):
 │ │   $PREFIX/share/filters/cmake/filtersConfig.cmake:41 (include)
 │ │   $PREFIX/share/grid_map_cv/cmake/ament_cmake_export_dependencies-extras.cmake:21 (find_package)
 │ │   $PREFIX/share/grid_map_cv/cmake/grid_map_cvConfig.cmake:41 (include)
 │ │   $PREFIX/share/grid_map_ros/cmake/ament_cmake_export_dependencies-extras.cmake:21 (find_package)
 │ │   $PREFIX/share/grid_map_ros/cmake/grid_map_rosConfig.cmake:41 (include)
 │ │   CMakeLists.txt:32 (find_package)
 │ │ This warning is for project developers.  Use -Wno-dev to suppress it.
 │ │ -- WITH octomap_msgs
 │ │ -- WITH grid_map_ros
 │ │ -- Configuring done (4.2s)
 │ │ -- Generating done (0.6s)
 │ │ CMake Warning:
 │ │   Manually-specified variables were not used by the project:
 │ │     AMENT_PREFIX_PATH
 │ │     CATKIN_SKIP_TESTING
 │ │     CMAKE_INSTALL_SYSTEM_RUNTIME_LIBS_SKIP
 │ │     PYTHON_EXECUTABLE
 │ │     PYTHON_INSTALL_DIR
 │ │ -- Build files have been written to: $SRC_DIR/build
 │ │     Python_EXECUTABLE
 │ │     SETUPTOOLS_DEB_LAYOUT
 │ │ [1/39] Building CXX object CMakeFiles/rtabmap_util_plugins.dir/src/nodelets/disparity_to_depth.cpp.o
 │ │ [2/39] Building CXX object CMakeFiles/rtabmap_util_plugins.dir/src/nodelets/imu_to_tf.cpp.o
 │ │ [3/39] Building CXX object CMakeFiles/rtabmap_util_plugins.dir/src/MapsManager.cpp.o
 │ │ [4/39] Building CXX object CMakeFiles/rtabmap_util_plugins.dir/src/nodelets/lidar_deskewing.cpp.o
 │ │ [5/39] Building CXX object CMakeFiles/rtabmap_util_plugins.dir/src/nodelets/obstacles_detection.cpp.o
 │ │ [6/39] Building CXX object CMakeFiles/rtabmap_rgbd_relay.dir/src/RGBDRelayNode.cpp.o
 │ │ [7/39] Building CXX object CMakeFiles/rtabmap_rgbd_split.dir/src/RGBDSplitNode.cpp.o
 │ │ [8/39] Building CXX object CMakeFiles/rtabmap_util_plugins.dir/src/nodelets/point_cloud_aggregator.cpp.o
 │ │ [9/39] Building CXX object CMakeFiles/rtabmap_util_plugins.dir/src/nodelets/rgbd_split.cpp.o
 │ │ [10/39] Building CXX object CMakeFiles/rtabmap_util_plugins.dir/src/nodelets/rgbd_relay.cpp.o
 │ │ [11/39] Building CXX object CMakeFiles/rtabmap_util_plugins.dir/src/nodelets/pointcloud_to_depthimage.cpp.o
 │ │ [12/39] Building CXX object CMakeFiles/rtabmap_disparity_to_depth.dir/src/DisparityToDepthNode.cpp.o
 │ │ [13/39] Building CXX object CMakeFiles/rtabmap_lidar_deskewing.dir/src/LidarDeskewingNode.cpp.o
 │ │ [14/39] Building CXX object CMakeFiles/rtabmap_util_plugins.dir/src/nodelets/point_cloud_assembler.cpp.o
 │ │ [15/39] Building CXX object CMakeFiles/rtabmap_util_plugins.dir/src/nodelets/point_cloud_xyz.cpp.o
 │ │ [16/39] Building CXX object CMakeFiles/rtabmap_point_cloud_xyz.dir/src/PointCloudXYZNode.cpp.o
 │ │ [17/39] Building CXX object CMakeFiles/rtabmap_imu_to_tf.dir/src/ImuToTFNode.cpp.o
 │ │ [18/39] Building CXX object CMakeFiles/rtabmap_map_assembler.dir/src/MapAssemblerNode.cpp.o
 │ │ [19/39] Building CXX object CMakeFiles/rtabmap_pointcloud_to_depthimage.dir/src/PointCloudToDepthImageNode.cpp.o
 │ │ [20/39] Building CXX object CMakeFiles/rtabmap_point_cloud_aggregator.dir/src/PointCloudAggregatorNode.cpp.o
 │ │ [21/39] Building CXX object CMakeFiles/rtabmap_point_cloud_xyzrgb.dir/src/PointCloudXYZRGBNode.cpp.o
 │ │ [22/39] Building CXX object CMakeFiles/rtabmap_obstacles_detection.dir/src/ObstaclesDetectionNode.cpp.o
 │ │ [23/39] Building CXX object CMakeFiles/rtabmap_util_plugins.dir/src/nodelets/map_assembler.cpp.o
 │ │ [24/39] Building CXX object CMakeFiles/rtabmap_point_cloud_assembler.dir/src/PointCloudAssemblerNode.cpp.o
 │ │ [25/39] Building CXX object CMakeFiles/rtabmap_util_plugins.dir/src/nodelets/point_cloud_xyzrgb.cpp.o
 │ │ [26/39] Linking CXX shared library librtabmap_util_plugins.so
 │ │ [27/39] Linking CXX executable rgbd_split
 │ │ [28/39] Linking CXX executable pointcloud_to_depthimage
 │ │ [29/39] Linking CXX executable point_cloud_xyz
 │ │ [30/39] Linking CXX executable imu_to_tf
 │ │ [31/39] Linking CXX executable disparity_to_depth
 │ │ [32/39] Linking CXX executable point_cloud_xyzrgb
 │ │ [33/39] Linking CXX executable lidar_deskewing
 │ │ [34/39] Linking CXX executable rgbd_relay
 │ │ [35/39] Linking CXX executable obstacles_detection
 │ │ [36/39] Linking CXX executable map_assembler
 │ │ [37/39] Linking CXX executable point_cloud_assembler
 │ │ [38/39] Linking CXX executable point_cloud_aggregator
 │ │ [38/39] Install the project...
 │ │ -- Install configuration: "Release"
 │ │ -- Installing: $PREFIX/lib/rtabmap_util/transform_to_tf.py
 │ │ -- Installing: $PREFIX/lib/rtabmap_util/yaml_to_camera_info.py
 │ │ -- Installing: $PREFIX/lib/rtabmap_util/republish_tf_static.py
 │ │ -- Installing: $PREFIX/lib/librtabmap_util_plugins.so
 │ │ -- Installing: $PREFIX/lib/rtabmap_util/imu_to_tf
 │ │ -- Set non-toolchain portion of runtime path of "$PREFIX/lib/rtabmap_util/imu_to_tf" to ""
 │ │ -- Installing: $PREFIX/lib/rtabmap_util/disparity_to_depth
 │ │ -- Set non-toolchain portion of runtime path of "$PREFIX/lib/rtabmap_util/disparity_to_depth" to ""
 │ │ -- Installing: $PREFIX/lib/rtabmap_util/rgbd_relay
 │ │ -- Set non-toolchain portion of runtime path of "$PREFIX/lib/rtabmap_util/rgbd_relay" to ""
 │ │ -- Installing: $PREFIX/lib/rtabmap_util/rgbd_split
 │ │ -- Set non-toolchain portion of runtime path of "$PREFIX/lib/rtabmap_util/rgbd_split" to ""
 │ │ -- Installing: $PREFIX/lib/rtabmap_util/lidar_deskewing
 │ │ -- Set non-toolchain portion of runtime path of "$PREFIX/lib/rtabmap_util/lidar_deskewing" to ""
 │ │ -- Installing: $PREFIX/lib/rtabmap_util/point_cloud_xyz
 │ │ -- Set non-toolchain portion of runtime path of "$PREFIX/lib/rtabmap_util/point_cloud_xyz" to ""
 │ │ -- Installing: $PREFIX/lib/rtabmap_util/point_cloud_xyzrgb
 │ │ -- Set non-toolchain portion of runtime path of "$PREFIX/lib/rtabmap_util/point_cloud_xyzrgb" to ""
 │ │ -- Installing: $PREFIX/lib/rtabmap_util/pointcloud_to_depthimage
 │ │ -- Set non-toolchain portion of runtime path of "$PREFIX/lib/rtabmap_util/pointcloud_to_depthimage" to ""
 │ │ -- Installing: $PREFIX/lib/rtabmap_util/obstacles_detection
 │ │ -- Set non-toolchain portion of runtime path of "$PREFIX/lib/rtabmap_util/obstacles_detection" to ""
 │ │ -- Installing: $PREFIX/lib/rtabmap_util/point_cloud_aggregator
 │ │ -- Set non-toolchain portion of runtime path of "$PREFIX/lib/rtabmap_util/point_cloud_aggregator" to ""
 │ │ -- Installing: $PREFIX/lib/rtabmap_util/point_cloud_assembler
 │ │ -- Set non-toolchain portion of runtime path of "$PREFIX/lib/rtabmap_util/point_cloud_assembler" to ""
 │ │ -- Installing: $PREFIX/lib/rtabmap_util/map_assembler
 │ │ -- Set non-toolchain portion of runtime path of "$PREFIX/lib/rtabmap_util/map_assembler" to ""
 │ │ -- Up-to-date: $PREFIX/include
 │ │ -- Installing: $PREFIX/include/rtabmap_util
 │ │ -- Installing: $PREFIX/include/rtabmap_util/MapsManager.h
 │ │ -- Installing: $PREFIX/include/rtabmap_util/visibility.h
 │ │ -- Installing: $PREFIX/include/rtabmap_util/ULogToRosout.h
 │ │ -- Installing: $PREFIX/share/ament_index/resource_index/package_run_dependencies/rtabmap_util
 │ │ -- Installing: $PREFIX/share/ament_index/resource_index/parent_prefix_path/rtabmap_util
 │ │ -- Installing: $PREFIX/share/rtabmap_util/environment/ament_prefix_path.sh
 │ │ -- Installing: $PREFIX/share/rtabmap_util/environment/ament_prefix_path.dsv
 │ │ -- Installing: $PREFIX/share/rtabmap_util/environment/path.sh
 │ │ -- Installing: $PREFIX/share/rtabmap_util/environment/path.dsv
 │ │ -- Installing: $PREFIX/share/rtabmap_util/local_setup.bash
 │ │ -- Installing: $PREFIX/share/rtabmap_util/local_setup.sh
 │ │ -- Installing: $PREFIX/share/rtabmap_util/local_setup.zsh
 │ │ -- Installing: $PREFIX/share/rtabmap_util/local_setup.dsv
 │ │ -- Installing: $PREFIX/share/rtabmap_util/package.dsv
 │ │ -- Installing: $PREFIX/share/ament_index/resource_index/packages/rtabmap_util
 │ │ -- Installing: $PREFIX/share/ament_index/resource_index/rclcpp_components/rtabmap_util
 │ │ -- Installing: $PREFIX/share/rtabmap_util/cmake/rtabmap_utilExport.cmake
 │ │ -- Installing: $PREFIX/share/rtabmap_util/cmake/rtabmap_utilExport-release.cmake
 │ │ -- Installing: $PREFIX/share/rtabmap_util/cmake/ament_cmake_export_dependencies-extras.cmake
 │ │ -- Installing: $PREFIX/share/rtabmap_util/cmake/ament_cmake_export_include_directories-extras.cmake
 │ │ -- Installing: $PREFIX/share/rtabmap_util/cmake/ament_cmake_export_targets-extras.cmake
 │ │ -- Installing: $PREFIX/share/rtabmap_util/cmake/ament_cmake_export_libraries-extras.cmake
 │ │ -- Installing: $PREFIX/share/rtabmap_util/cmake/rtabmap_utilConfig.cmake
 │ │ -- Installing: $PREFIX/share/rtabmap_util/cmake/rtabmap_utilConfig-version.cmake
 │ │ -- Installing: $PREFIX/share/rtabmap_util/package.xml
 │ │
 │ ╰─────────────────── (took 48 seconds)
 │
 │ ╭─ Packaging new files
 │ │ Copying done!
 │ │ rpath ("/home/ubuntu/work/output/bld/rattler-build_ros-humble-rtabmap-util_1789349602/build_env/lib") is outside of prefix ("/home/ubuntu/work/output/bld/r
 │ │ attler-build_ros-humble-rtabmap-util_1789349602/host_env_placehold_placehold_placehold_placehold_placehold_placehold_placehold_placehold_placehold_placehol
 │ │ d_placehold_placehold_placehold_placehold_placehold_placehold_placehol") for "/tmp/ros-humble-rtabmap-utilJ2q52O/lib/rtabmap_util/pointcloud_to_depthimage"
 │ │  - removing it
 │ │ rpath ("/home/ubuntu/work/output/bld/rattler-build_ros-humble-rtabmap-util_1789349602/build_env/lib") is outside of prefix ("/home/ubuntu/work/output/bld/r
 │ │ attler-build_ros-humble-rtabmap-util_1789349602/host_env_placehold_placehold_placehold_placehold_placehold_placehold_placehold_placehold_placehold_placehol
 │ │ d_placehold_placehold_placehold_placehold_placehold_placehold_placehol") for "/tmp/ros-humble-rtabmap-utilJ2q52O/lib/rtabmap_util/point_cloud_aggregator" -
 │ │  removing it
 │ │ rpath ("/home/ubuntu/work/output/bld/rattler-build_ros-humble-rtabmap-util_1789349602/build_env/lib") is outside of prefix ("/home/ubuntu/work/output/bld/r
 │ │ attler-build_ros-humble-rtabmap-util_1789349602/host_env_placehold_placehold_placehold_placehold_placehold_placehold_placehold_placehold_placehold_placehol
 │ │ d_placehold_placehold_placehold_placehold_placehold_placehold_placehol") for "/tmp/ros-humble-rtabmap-utilJ2q52O/lib/rtabmap_util/lidar_deskewing" - removi
 │ │ ng it
 │ │ rpath ("/home/ubuntu/work/output/bld/rattler-build_ros-humble-rtabmap-util_1789349602/build_env/lib") is outside of prefix ("/home/ubuntu/work/output/bld/r
 │ │ attler-build_ros-humble-rtabmap-util_1789349602/host_env_placehold_placehold_placehold_placehold_placehold_placehold_placehold_placehold_placehold_placehol
 │ │ d_placehold_placehold_placehold_placehold_placehold_placehold_placehol") for "/tmp/ros-humble-rtabmap-utilJ2q52O/lib/rtabmap_util/point_cloud_xyzrgb" - rem
 │ │ oving it
 │ │ rpath ("/home/ubuntu/work/output/bld/rattler-build_ros-humble-rtabmap-util_1789349602/build_env/lib") is outside of prefix ("/home/ubuntu/work/output/bld/r
 │ │ attler-build_ros-humble-rtabmap-util_1789349602/host_env_placehold_placehold_placehold_placehold_placehold_placehold_placehold_placehold_placehold_placehol
 │ │ d_placehold_placehold_placehold_placehold_placehold_placehold_placehol") for "/tmp/ros-humble-rtabmap-utilJ2q52O/lib/rtabmap_util/obstacles_detection" - re
 │ │ moving it
 │ │ Relinking "lidar_deskewing"
 │ │ Relinking "pointcloud_to_depthimage"
 │ │ Relinking "point_cloud_aggregator"
 │ │ rpath ("/home/ubuntu/work/output/bld/rattler-build_ros-humble-rtabmap-util_1789349602/build_env/lib") is outside of prefix ("/home/ubuntu/work/output/bld/r
 │ │ attler-build_ros-humble-rtabmap-util_1789349602/host_env_placehold_placehold_placehold_placehold_placehold_placehold_placehold_placehold_placehold_placehol
 │ │ d_placehold_placehold_placehold_placehold_placehold_placehold_placehol") for "/tmp/ros-humble-rtabmap-utilJ2q52O/lib/rtabmap_util/rgbd_relay" - removing it
 │ │ rpath ("/home/ubuntu/work/output/bld/rattler-build_ros-humble-rtabmap-util_1789349602/build_env/lib") is outside of prefix ("/home/ubuntu/work/output/bld/r
 │ │ attler-build_ros-humble-rtabmap-util_1789349602/host_env_placehold_placehold_placehold_placehold_placehold_placehold_placehold_placehold_placehold_placehol
 │ │ d_placehold_placehold_placehold_placehold_placehold_placehold_placehol") for "/tmp/ros-humble-rtabmap-utilJ2q52O/lib/rtabmap_util/point_cloud_xyz" - removi
 │ │ ng it
 │ │ Relinking "point_cloud_xyzrgb"
 │ │ Relinking "obstacles_detection"
 │ │ Relinking "rgbd_relay"
 │ │ rpath ("/home/ubuntu/work/output/bld/rattler-build_ros-humble-rtabmap-util_1789349602/build_env/lib") is outside of prefix ("/home/ubuntu/work/output/bld/r
 │ │ attler-build_ros-humble-rtabmap-util_1789349602/host_env_placehold_placehold_placehold_placehold_placehold_placehold_placehold_placehold_placehold_placehol
 │ │ d_placehold_placehold_placehold_placehold_placehold_placehold_placehol") for "/tmp/ros-humble-rtabmap-utilJ2q52O/lib/rtabmap_util/rgbd_split" - removing it
 │ │ Relinking "point_cloud_xyz"
 │ │ Relinking "rgbd_split"
 │ │ rpath ("/home/ubuntu/work/output/bld/rattler-build_ros-humble-rtabmap-util_1789349602/build_env/lib") is outside of prefix ("/home/ubuntu/work/output/bld/r
 │ │ attler-build_ros-humble-rtabmap-util_1789349602/host_env_placehold_placehold_placehold_placehold_placehold_placehold_placehold_placehold_placehold_placehol
 │ │ d_placehold_placehold_placehold_placehold_placehold_placehold_placehol") for "/tmp/ros-humble-rtabmap-utilJ2q52O/lib/rtabmap_util/point_cloud_assembler" - 
 │ │ removing it
 │ │ Relinking "point_cloud_assembler"
 │ │ rpath ("/home/ubuntu/work/output/bld/rattler-build_ros-humble-rtabmap-util_1789349602/build_env/lib") is outside of prefix ("/home/ubuntu/work/output/bld/r
 │ │ attler-build_ros-humble-rtabmap-util_1789349602/host_env_placehold_placehold_placehold_placehold_placehold_placehold_placehold_placehold_placehold_placehol
 │ │ d_placehold_placehold_placehold_placehold_placehold_placehold_placehol") for "/tmp/ros-humble-rtabmap-utilJ2q52O/lib/rtabmap_util/imu_to_tf" - removing it
 │ │ rpath ("/home/ubuntu/work/output/bld/rattler-build_ros-humble-rtabmap-util_1789349602/build_env/lib") is outside of prefix ("/home/ubuntu/work/output/bld/r
 │ │ attler-build_ros-humble-rtabmap-util_1789349602/host_env_placehold_placehold_placehold_placehold_placehold_placehold_placehold_placehold_placehold_placehol
 │ │ d_placehold_placehold_placehold_placehold_placehold_placehold_placehol") for "/tmp/ros-humble-rtabmap-utilJ2q52O/lib/rtabmap_util/disparity_to_depth" - rem
 │ │ oving it
 │ │ rpath ("/home/ubuntu/work/output/bld/rattler-build_ros-humble-rtabmap-util_1789349602/build_env/lib") is outside of prefix ("/home/ubuntu/work/output/bld/r
 │ │ attler-build_ros-humble-rtabmap-util_1789349602/host_env_placehold_placehold_placehold_placehold_placehold_placehold_placehold_placehold_placehold_placehol
 │ │ d_placehold_placehold_placehold_placehold_placehold_placehold_placehol") for "/tmp/ros-humble-rtabmap-utilJ2q52O/lib/rtabmap_util/map_assembler" - removing
 │ │  it
 │ │ Relinking "imu_to_tf"
 │ │ Relinking "disparity_to_depth"
 │ │ Relinking "map_assembler"
 │ │ rpath ("/home/ubuntu/work/output/bld/rattler-build_ros-humble-rtabmap-util_1789349602/build_env/lib") is outside of prefix ("/home/ubuntu/work/output/bld/r
 │ │ attler-build_ros-humble-rtabmap-util_1789349602/host_env_placehold_placehold_placehold_placehold_placehold_placehold_placehold_placehold_placehold_placehol
 │ │ d_placehold_placehold_placehold_placehold_placehold_placehold_placehol") for "/tmp/ros-humble-rtabmap-utilJ2q52O/lib/librtabmap_util_plugins.so" - removing
 │ │  it
 │ │ Relinking "librtabmap_util_plugins.so"
 │ │ 
 │ │ [lib/rtabmap_util/rgbd_split] links against:
 │ │  ├─ libc.so.6 (system)
 │ │  ├─ lib/librclcpp.so (ros-humble-rclcpp)
 │ │  ├─ lib/libstdc++.so.6.0.36 (libstdcxx)
 │ │  ├─ lib/librcutils.so
 │ │  ├─ lib/libgcc_s.so.1 (libgcc)
 │ │  └─ lib/librtabmap_util_plugins.so (package)
 │ │ 
 │ │ [lib/rtabmap_util/point_cloud_xyzrgb] links against:
 │ │  ├─ lib/libstdc++.so.6.0.36 (libstdcxx)
 │ │  ├─ lib/librtabmap_util_plugins.so (package)
 │ │  ├─ lib/libgcc_s.so.1 (libgcc)
 │ │  ├─ libc.so.6 (system)
 │ │  ├─ lib/librclcpp.so (ros-humble-rclcpp)
 │ │  └─ lib/librcutils.so
 │ │ 
 │ │ [lib/rtabmap_util/point_cloud_aggregator] links against:
 │ │  ├─ lib/libgcc_s.so.1 (libgcc)
 │ │  ├─ lib/libstdc++.so.6.0.36 (libstdcxx)
 │ │  ├─ libc.so.6 (system)
 │ │  ├─ lib/librtabmap_util_plugins.so (package)
 │ │  ├─ lib/librclcpp.so (ros-humble-rclcpp)
 │ │  └─ lib/librcutils.so
 │ │ 
 │ │ [lib/rtabmap_util/rgbd_relay] links against:
 │ │  ├─ lib/libgcc_s.so.1 (libgcc)
 │ │  ├─ lib/librtabmap_util_plugins.so (package)
 │ │  ├─ lib/librclcpp.so (ros-humble-rclcpp)
 │ │  ├─ libc.so.6 (system)
 │ │  ├─ lib/libstdc++.so.6.0.36 (libstdcxx)
 │ │  └─ lib/librcutils.so
 │ │ 
 │ │ [lib/rtabmap_util/point_cloud_xyz] links against:
 │ │  ├─ libc.so.6 (system)
 │ │  ├─ lib/librclcpp.so (ros-humble-rclcpp)
 │ │  ├─ lib/librtabmap_util_plugins.so (package)
 │ │  ├─ lib/libgcc_s.so.1 (libgcc)
 │ │  ├─ lib/libstdc++.so.6.0.36 (libstdcxx)
 │ │  └─ lib/librcutils.so
 │ │ 
 │ │ [lib/rtabmap_util/disparity_to_depth] links against:
 │ │  ├─ lib/librtabmap_util_plugins.so (package)
 │ │  ├─ libc.so.6 (system)
 │ │  ├─ lib/librtabmap_utilite.so.0.22.1
 │ │  ├─ lib/libstdc++.so.6.0.36 (libstdcxx)
 │ │  ├─ lib/librcutils.so
 │ │  ├─ lib/libgcc_s.so.1 (libgcc)
 │ │  └─ lib/librclcpp.so (ros-humble-rclcpp)
 │ │ 
 │ │ [lib/librtabmap_util_plugins.so] links against:
 │ │  ├─ lib/libtf2_msgs__rosidl_typesupport_cpp.so
 │ │  ├─ lib/libgcc_s.so.1 (libgcc)
 │ │  ├─ lib/libmessage_filters.so (ros-humble-message-filters)
 │ │  ├─ ld-linux-x86-64.so.2 (system)
 │ │  ├─ lib/libopencv_core.so.4.13.0
 │ │  ├─ lib/liblibstatistics_collector.so
 │ │  ├─ lib/libtracetools.so
 │ │  ├─ lib/librtabmap_conversions.so (ros-humble-rtabmap-conversions)
 │ │  ├─ libc.so.6 (system)
 │ │  ├─ lib/libimage_transport.so (ros-humble-image-transport)
 │ │  ├─ lib/librclcpp.so (ros-humble-rclcpp)
 │ │  ├─ lib/libclass_loader.so
 │ │  ├─ lib/librtabmap_msgs__rosidl_typesupport_cpp.so (ros-humble-rtabmap-msgs)
 │ │  ├─ lib/librcl.so
 │ │  ├─ lib/libpcl_common.so.1.15.1
 │ │  ├─ lib/librmw.so
 │ │  ├─ lib/liblaser_geometry.so (ros-humble-laser-geometry)
 │ │  ├─ lib/librtabmap_core.so.0.22.1
 │ │  ├─ lib/libtf2_ros.so (ros-humble-tf2-ros)
 │ │  ├─ lib/liboctomap.so.1.10.0
 │ │  ├─ lib/librtabmap_utilite.so.0.22.1
 │ │  ├─ libm.so.6 (system)
 │ │  ├─ lib/libstereo_msgs__rosidl_typesupport_cpp.so (ros-humble-stereo-msgs)
 │ │  ├─ lib/libstd_srvs__rosidl_typesupport_cpp.so
 │ │  ├─ lib/librcutils.so
 │ │  ├─ libpthread.so.0 (system)
 │ │  ├─ lib/libconsole_bridge.so.1.0
 │ │  ├─ lib/libpcl_filters.so.1.15.1
 │ │  ├─ lib/libsensor_msgs__rosidl_typesupport_cpp.so (ros-humble-sensor-msgs)
 │ │  ├─ lib/libnav_msgs__rosidl_typesupport_cpp.so (ros-humble-nav-msgs)
 │ │  ├─ lib/libstatistics_msgs__rosidl_typesupport_cpp.so
 │ │  ├─ lib/libcv_bridge.so (ros-humble-cv-bridge)
 │ │  ├─ lib/libstdc++.so.6.0.36 (libstdcxx)
 │ │  └─ lib/liboctomap_msgs__rosidl_typesupport_cpp.so (ros-humble-octomap-msgs)
 │ │ 
 │ │ [lib/rtabmap_util/obstacles_detection] links against:
 │ │  ├─ lib/librclcpp.so (ros-humble-rclcpp)
 │ │  ├─ lib/libgcc_s.so.1 (libgcc)
 │ │  ├─ lib/librcutils.so
 │ │  ├─ libc.so.6 (system)
 │ │  ├─ lib/librtabmap_core.so.0.22.1
 │ │  ├─ lib/libstdc++.so.6.0.36 (libstdcxx)
 │ │  └─ lib/librtabmap_util_plugins.so (package)
 │ │ 
 │ │ [lib/rtabmap_util/point_cloud_assembler] links against:
 │ │  ├─ lib/libstdc++.so.6.0.36 (libstdcxx)
 │ │  ├─ lib/librclcpp.so (ros-humble-rclcpp)
 │ │  ├─ lib/librtabmap_utilite.so.0.22.1
 │ │  ├─ lib/librcutils.so
 │ │  ├─ lib/libgcc_s.so.1 (libgcc)
 │ │  ├─ lib/librtabmap_util_plugins.so (package)
 │ │  └─ libc.so.6 (system)
 │ │ 
 │ │ [lib/rtabmap_util/pointcloud_to_depthimage] links against:
 │ │  ├─ lib/librcutils.so
 │ │  ├─ lib/libgcc_s.so.1 (libgcc)
 │ │  ├─ lib/libstdc++.so.6.0.36 (libstdcxx)
 │ │  ├─ libc.so.6 (system)
 │ │  ├─ lib/librtabmap_util_plugins.so (package)
 │ │  ├─ lib/librtabmap_utilite.so.0.22.1
 │ │  └─ lib/librclcpp.so (ros-humble-rclcpp)
 │ │ 
 │ │ [lib/rtabmap_util/lidar_deskewing] links against:
 │ │  ├─ lib/librtabmap_utilite.so.0.22.1
 │ │  ├─ libc.so.6 (system)
 │ │  ├─ lib/libgcc_s.so.1 (libgcc)
 │ │  ├─ lib/librtabmap_util_plugins.so (package)
 │ │  ├─ lib/libstdc++.so.6.0.36 (libstdcxx)
 │ │  ├─ lib/librclcpp.so (ros-humble-rclcpp)
 │ │  └─ lib/librcutils.so
 │ │ 
 │ │ [lib/rtabmap_util/map_assembler] links against:
 │ │  ├─ lib/librcutils.so
 │ │  ├─ libc.so.6 (system)
 │ │  ├─ lib/librtabmap_utilite.so.0.22.1
 │ │  ├─ lib/libstdc++.so.6.0.36 (libstdcxx)
 │ │  ├─ lib/libgcc_s.so.1 (libgcc)
 │ │  ├─ lib/librtabmap_core.so.0.22.1
 │ │  ├─ lib/librclcpp.so (ros-humble-rclcpp)
 │ │  └─ lib/librtabmap_util_plugins.so (package)
 │ │ 
 │ │ [lib/rtabmap_util/imu_to_tf] links against:
 │ │  ├─ lib/librcutils.so
 │ │  ├─ lib/libgcc_s.so.1 (libgcc)
 │ │  ├─ lib/libstdc++.so.6.0.36 (libstdcxx)
 │ │  ├─ lib/librtabmap_util_plugins.so (package)
 │ │  ├─ lib/librclcpp.so (ros-humble-rclcpp)
 │ │  ├─ libc.so.6 (system)
 │ │  └─ lib/librtabmap_utilite.so.0.22.1
 │ │ Compiling 3 .py files to .pyc
 │ │ Post-processing done!
 │ │ Writing test files
 │ │ Writing metadata for package
 │ │ Copying license files
 │ │ Copying recipe files
 │ │ 
 │ │ Files in package:
 │ │   ├─ include/rtabmap_util/MapsManager.h (6.17 KiB)
 │ │   ├─ include/rtabmap_util/ULogToRosout.h (2.64 KiB)
 │ │   ├─ include/rtabmap_util/visibility.h (1.84 KiB)
 │ │   ├─ lib/librtabmap_util_plugins.so (6.93 MiB) [prefix:bin]
 │ │   ├─ lib/rtabmap_util/__pycache__/republish_tf_static.cpython-312.pyc (2.56 KiB)
 │ │   ├─ lib/rtabmap_util/__pycache__/transform_to_tf.cpython-312.pyc (2.34 KiB)
 │ │   ├─ lib/rtabmap_util/__pycache__/yaml_to_camera_info.cpython-312.pyc (5.46 KiB)
 │ │   ├─ lib/rtabmap_util/disparity_to_depth (23.20 KiB)
 │ │   ├─ lib/rtabmap_util/imu_to_tf (23.09 KiB)
 │ │   ├─ lib/rtabmap_util/lidar_deskewing (23.17 KiB)
 │ │   ├─ lib/rtabmap_util/map_assembler (47.61 KiB)
 │ │   ├─ lib/rtabmap_util/obstacles_detection (27.57 KiB)
 │ │   ├─ lib/rtabmap_util/point_cloud_aggregator (23.06 KiB)
 │ │   ├─ lib/rtabmap_util/point_cloud_assembler (23.27 KiB)
 │ │   ├─ lib/rtabmap_util/point_cloud_xyz (22.99 KiB)
 │ │   ├─ lib/rtabmap_util/point_cloud_xyzrgb (23.02 KiB)
 │ │   ├─ lib/rtabmap_util/pointcloud_to_depthimage (23.30 KiB)
 │ │   ├─ lib/rtabmap_util/republish_tf_static.py (1.40 KiB)
 │ │   ├─ lib/rtabmap_util/rgbd_relay (27.35 KiB)
 │ │   ├─ lib/rtabmap_util/rgbd_split (27.35 KiB)
 │ │   ├─ lib/rtabmap_util/transform_to_tf.py (1.26 KiB)
 │ │   ├─ lib/rtabmap_util/yaml_to_camera_info.py (3.04 KiB)
 │ │   ├─ share/ament_index/resource_index/package_run_dependencies/rtabmap_util (236 B)
 │ │   ├─ share/ament_index/resource_index/packages/rtabmap_util (0 B)
 │ │   ├─ share/ament_index/resource_index/parent_prefix_path/rtabmap_util (8 B)
 │ │   ├─ share/ament_index/resource_index/rclcpp_components/rtabmap_util (727 B)
 │ │   ├─ share/rtabmap_util/cmake/ament_cmake_export_dependencies-extras.cmake (4.16 KiB)
 │ │   ├─ share/rtabmap_util/cmake/ament_cmake_export_include_directories-extras.cmake (777 B)
 │ │   ├─ share/rtabmap_util/cmake/ament_cmake_export_libraries-extras.cmake (4.93 KiB)
 │ │   ├─ share/rtabmap_util/cmake/ament_cmake_export_targets-extras.cmake (974 B)
 │ │   ├─ share/rtabmap_util/cmake/rtabmap_utilConfig-version.cmake (433 B)
 │ │   ├─ share/rtabmap_util/cmake/rtabmap_utilConfig.cmake (1.43 KiB)
 │ │   ├─ share/rtabmap_util/cmake/rtabmap_utilExport-release.cmake (978 B)
 │ │   ├─ share/rtabmap_util/cmake/rtabmap_utilExport.cmake (51.63 KiB) [prefix:text]
 │ │   ├─ share/rtabmap_util/environment/ament_prefix_path.dsv (41 B)
 │ │   ├─ share/rtabmap_util/environment/ament_prefix_path.sh (160 B)
 │ │   ├─ share/rtabmap_util/environment/path.dsv (41 B)
 │ │   ├─ share/rtabmap_util/environment/path.sh (185 B)
 │ │   ├─ share/rtabmap_util/local_setup.bash (1.56 KiB)
 │ │   ├─ share/rtabmap_util/local_setup.dsv (105 B)
 │ │   ├─ share/rtabmap_util/local_setup.sh (5.11 KiB) [prefix:text]
 │ │   ├─ share/rtabmap_util/local_setup.zsh (1.91 KiB)
 │ │   ├─ share/rtabmap_util/package.dsv (168 B)
 │ │   ├─ share/rtabmap_util/package.xml (1.31 KiB)
 │ │   ├─ info/about.json (371 B)
 │ │   ├─ info/hash_input.json (274 B)
 │ │   ├─ info/index.json (1.13 KiB)
 │ │   ├─ info/paths.json (10.38 KiB)
 │ │   ├─ info/recipe/bld_ament_cmake.bat (2.31 KiB)
 │ │   ├─ info/recipe/build_ament_cmake.sh (6.76 KiB)
 │ │   ├─ info/recipe/recipe.yaml (3.17 KiB)
 │ │   ├─ info/recipe/rendered_recipe.yaml (463.73 KiB)
 │ │   ├─ info/recipe/variant_config.yaml (227 B)
 │ │   └─ info/tests/tests.yaml (3 B)
 │ │ 
 │ │ Package statistics: 54 files (44 content, 10 metadata), total size: 7.82 MiB
 │ │ Largest files:
 │ │   6.93 MiB - lib/librtabmap_util_plugins.so
 │ │   51.63 KiB - share/rtabmap_util/cmake/rtabmap_utilExport.cmake
 │ │   47.61 KiB - lib/rtabmap_util/map_assembler
 │ │   27.57 KiB - lib/rtabmap_util/obstacles_detection
 │ │   27.35 KiB - lib/rtabmap_util/rgbd_relay
 │ │ Creating target folder '/home/ubuntu/work/output/linux-64'
 │ │ Compressing archive...
 │ │ Archive written to '/home/ubuntu/work/output/linux-64/ros-humble-rtabmap-util-0.22.1-np2py312h2ed9cc7_18.conda'
 │ │
 │ ╰─────────────────── (took 1 second)
 │
 ╰─────────────────── (took 55 seconds)
 Collecting tests from '/tmp/.tmp5faokF/ros-humble-rtabmap-util-0.22.1-np2py312h2ed9cc7_18'
 ✔ all tests passed!

 ╭─ Build summary
 │
 │ ╭─ Build summary for recipe: ros-humble-rtabmap-util-0.22.1-np2py312h2ed9cc7_18
 │ │ Variant configuration (hash: np2py312h2ed9cc7_18):
 │ │ ╭──────────────────────┬────────────────────╮
 │ │ │ build_platform       ┆ "linux-64"         │
 │ │ │ c_compiler           ┆ "gcc"              │
 │ │ │ c_compiler_version   ┆ "14"               │
 │ │ │ c_stdlib             ┆ "sysroot"          │
 │ │ │ c_stdlib_version     ┆ "2.17"             │
 │ │ │ cmake                ┆ "3.*"              │
 │ │ │ cxx_compiler         ┆ "gxx"              │
 │ │ │ cxx_compiler_version ┆ "14"               │
 │ │ │ numpy                ┆ "2"                │
 │ │ │ python               ┆ "3.12.* *_cpython" │
 │ │ │ target_platform      ┆ "linux-64"         │
 │ │ ╰──────────────────────┴────────────────────╯
 │ │ 
 │ │ Build dependencies:
 │ │ ╭──────────────────────────┬─────────────────────────────┬──────────────┬──────────────────────┬─────────────┬────────────╮
 │ │ │ Package                  ┆ Spec                        ┆ Version      ┆ Build                ┆ Channel     ┆       Size │
 │ │ ╞══════════════════════════╪═════════════════════════════╪══════════════╪══════════════════════╪═════════════╪════════════╡
 │ │ │ cmake                    ┆ cmake 3.* (V)               ┆ 3.31.8       ┆ hc85cc9f_0           ┆ conda-forge ┆  20.02 MiB │
 │ │ │ coreutils                ┆ coreutils                   ┆ 9.11         ┆ h280c20c_0           ┆ conda-forge ┆   3.27 MiB │
 │ │ │ cython                   ┆ cython                      ┆ 3.3.0        ┆ py312h03570ca_0      ┆ conda-forge ┆   3.83 MiB │
 │ │ │ gcc_linux-64             ┆ gcc_linux-64 14.*           ┆ 14.4.0       ┆ hc469d41_1           ┆ conda-forge ┆  29.09 KiB │
 │ │ │ git                      ┆ git                         ┆ 2.55.0       ┆ pl5321h3795e67_2     ┆ conda-forge ┆  11.23 MiB │
 │ │ │ git-lfs                  ┆ git-lfs                     ┆ 3.8.0        ┆ h2c09266_0           ┆ conda-forge ┆   4.83 MiB │
 │ │ │ gxx_linux-64             ┆ gxx_linux-64 14.*           ┆ 14.4.0       ┆ he93183a_1           ┆ conda-forge ┆  27.50 KiB │
 │ │ │ make                     ┆ make                        ┆ 4.4.1        ┆ hb03c661_3           ┆ conda-forge ┆ 498.73 KiB │
 │ │ │ ninja                    ┆ ninja                       ┆ 1.13.2       ┆ h171cf75_1           ┆ conda-forge ┆ 182.39 KiB │
 │ │ │ patch                    ┆ patch                       ┆ 2.8          ┆ h280c20c_1003        ┆ conda-forge ┆ 107.65 KiB │
 │ │ │ python                   ┆ python 3.12.* *_cpython (V) ┆ 3.12.14      ┆ h5f976f7_3_cpython   ┆ conda-forge ┆  21.98 MiB │
 │ │ │ setuptools               ┆ setuptools                  ┆ 84.0.0       ┆ pyh332efcf_0         ┆ conda-forge ┆ 512.20 KiB │
 │ │ │ sysroot_linux-64         ┆ sysroot_linux-64 2.17.*     ┆ 2.17         ┆ h0157908_18          ┆ conda-forge ┆  14.46 MiB │
 │ │ │ _openmp_mutex            ┆                             ┆ 4.5          ┆ 20_gnu               ┆ conda-forge ┆  28.27 KiB │
 │ │ │ binutils_impl_linux-64   ┆                             ┆ 2.46.1       ┆ default_hfdba357_102 ┆ conda-forge ┆   3.54 MiB │
 │ │ │ binutils_linux-64        ┆                             ┆ 2.46.1       ┆ default_h4852527_102 ┆ conda-forge ┆  35.49 KiB │
 │ │ │ bzip2                    ┆                             ┆ 1.0.8        ┆ hda65f42_10          ┆ conda-forge ┆ 251.77 KiB │
 │ │ │ c-ares                   ┆                             ┆ 1.34.8       ┆ hebe6cf0_2           ┆ conda-forge ┆ 223.34 KiB │
 │ │ │ ca-certificates          ┆                             ┆ 2026.7.22    ┆ hbd8a1cb_0           ┆ conda-forge ┆ 128.69 KiB │
 │ │ │ gcc_impl_linux-64        ┆                             ┆ 14.4.0       ┆ heaf7ae8_4           ┆ conda-forge ┆  73.68 MiB │
 │ │ │ gxx_impl_linux-64        ┆                             ┆ 14.4.0       ┆ hc436dd5_4           ┆ conda-forge ┆  15.13 MiB │
 │ │ │ icu                      ┆                             ┆ 78.3         ┆ py310h44b86e0_2      ┆ conda-forge ┆  13.79 MiB │
 │ │ │ kernel-headers_linux-64  ┆                             ┆ 3.10.0       ┆ he073ed8_18          ┆ conda-forge ┆ 921.37 KiB │
 │ │ │ keyutils                 ┆                             ┆ 1.6.3        ┆ h7cc23a3_1           ┆ conda-forge ┆ 132.12 KiB │
 │ │ │ krb5                     ┆                             ┆ 1.22.2       ┆ hbc21106_2           ┆ conda-forge ┆   1.33 MiB │
 │ │ │ ld_impl_linux-64         ┆                             ┆ 2.46.1       ┆ default_hbd61a6d_102 ┆ conda-forge ┆ 727.83 KiB │
 │ │ │ libcurl                  ┆                             ┆ 8.22.0       ┆ ha042cf0_0           ┆ conda-forge ┆ 487.94 KiB │
 │ │ │ libedit                  ┆                             ┆ 3.1.20250104 ┆ pl5321h373387f_1     ┆ conda-forge ┆ 131.93 KiB │
 │ │ │ libev                    ┆                             ┆ 4.33         ┆ h280c20c_3           ┆ conda-forge ┆  42.21 KiB │
 │ │ │ libexpat                 ┆                             ┆ 2.8.1        ┆ hecca717_1           ┆ conda-forge ┆  76.03 KiB │
 │ │ │ libffi                   ┆                             ┆ 3.7.0        ┆ h81df57d_1           ┆ conda-forge ┆  66.41 KiB │
 │ │ │ libgcc                   ┆                             ┆ 16.2.0       ┆ ha9f2e26_4           ┆ conda-forge ┆   1.01 MiB │
 │ │ │ libgcc-devel_linux-64    ┆                             ┆ 14.4.0       ┆ hd9a9cd0_104         ┆ conda-forge ┆   2.95 MiB │
 │ │ │ libgomp                  ┆                             ┆ 16.2.0       ┆ he0feb66_4           ┆ conda-forge ┆ 624.97 KiB │
 │ │ │ libiconv                 ┆                             ┆ 1.18         ┆ h0cb94f2_3           ┆ conda-forge ┆ 770.97 KiB │
 │ │ │ liblzma                  ┆                             ┆ 5.8.3        ┆ hb03c661_1           ┆ conda-forge ┆ 110.35 KiB │
 │ │ │ libnghttp2               ┆                             ┆ 1.68.1       ┆ h74cf4be_1           ┆ conda-forge ┆ 634.74 KiB │
 │ │ │ libnsl                   ┆                             ┆ 2.0.1        ┆ hb9d3cd8_1           ┆ conda-forge ┆  32.94 KiB │
 │ │ │ libpsl                   ┆                             ┆ 0.23.1       ┆ hd9e3e90_1           ┆ conda-forge ┆  70.82 KiB │
 │ │ │ libpython                ┆                             ┆ 3.12.14      ┆ h0c77377_3_cpython   ┆ conda-forge ┆   8.36 MiB │
 │ │ │ libsanitizer             ┆                             ┆ 14.4.0       ┆ hf39dbba_4           ┆ conda-forge ┆   7.15 MiB │
 │ │ │ libsqlite                ┆                             ┆ 3.53.4       ┆ h13e7031_1           ┆ conda-forge ┆ 951.51 KiB │
 │ │ │ libssh2                  ┆                             ┆ 1.11.1       ┆ h6154650_1           ┆ conda-forge ┆ 298.87 KiB │
 │ │ │ libstdcxx                ┆                             ┆ 16.2.0       ┆ h934c35e_4           ┆ conda-forge ┆   6.31 MiB │
 │ │ │ libstdcxx-devel_linux-64 ┆                             ┆ 14.4.0       ┆ ha5b54cb_104         ┆ conda-forge ┆  19.47 MiB │
 │ │ │ libuuid                  ┆                             ┆ 2.42.3       ┆ hcfc3c73_0           ┆ conda-forge ┆  39.06 KiB │
 │ │ │ libuv                    ┆                             ┆ 1.52.1       ┆ h280c20c_1           ┆ conda-forge ┆ 410.20 KiB │
 │ │ │ libxcrypt                ┆                             ┆ 4.4.38       ┆ h280c20c_0           ┆ conda-forge ┆  99.57 KiB │
 │ │ │ libzlib                  ┆                             ┆ 1.3.2        ┆ h25fd6f3_3           ┆ conda-forge ┆  62.22 KiB │
 │ │ │ ncurses                  ┆                             ┆ 6.6          ┆ hdb14827_1           ┆ conda-forge ┆ 889.84 KiB │
 │ │ │ openssl                  ┆                             ┆ 3.6.4        ┆ h781a0a9_0           ┆ conda-forge ┆   3.05 MiB │
 │ │ │ pcre2                    ┆                             ┆ 10.47        ┆ h8b3dc9c_1           ┆ conda-forge ┆   1.16 MiB │
 │ │ │ perl                     ┆                             ┆ 5.32.1       ┆ 9_h7cc23a3_perl5     ┆ conda-forge ┆  12.76 MiB │
 │ │ │ python_abi               ┆                             ┆ 3.12         ┆ 9_cp312              ┆ conda-forge ┆   6.59 KiB │
 │ │ │ readline                 ┆                             ┆ 8.3          ┆ hd6e31c0_1           ┆ conda-forge ┆ 340.72 KiB │
 │ │ │ rhash                    ┆                             ┆ 1.4.6        ┆ hb03c661_2           ┆ conda-forge ┆ 190.42 KiB │
 │ │ │ tk                       ┆                             ┆ 8.6.13       ┆ noxft_h1df4ec4_4     ┆ conda-forge ┆   3.40 MiB │
 │ │ │ tzdata                   ┆                             ┆ 2026c        ┆ h151e31d_0           ┆ conda-forge ┆ 116.06 KiB │
 │ │ │ zstd                     ┆                             ┆ 1.5.7        ┆ hb78ec9c_7           ┆ conda-forge ┆ 587.21 KiB │
 │ │ ╰──────────────────────────┴─────────────────────────────┴──────────────┴──────────────────────┴─────────────┴────────────╯
 │ │ 
 │ │ Host dependencies:
 │ │ ╭───────────────────────────────────────────────────┬──────────────────────────────────────────────┬──────────────┬───────────────────────┬────────────────
 │ │ ───┬────────────╮
 │ │ │ Package                                           ┆ Spec                                         ┆ Version      ┆ Build                 ┆ Channel        
 │ │    ┆       Size │
 │ │ ╞═══════════════════════════════════════════════════╪══════════════════════════════════════════════╪══════════════╪═══════════════════════╪════════════════
 │ │ ═══╪════════════╡
 │ │ │ libgcc                                            ┆ libgcc >=14 (RE of [build: gxx_linux-64])    ┆ 16.2.0       ┆ ha9f2e26_4            ┆ conda-forge    
 │ │    ┆   1.01 MiB │
 │ │ │ libstdcxx                                         ┆ libstdcxx >=14 (RE of [build: gxx_linux-64]) ┆ 16.2.0       ┆ h934c35e_4            ┆ conda-forge    
 │ │    ┆   6.31 MiB │
 │ │ │ numpy                                             ┆ numpy 2.* (V)                                ┆ 2.5.3        ┆ py312he827f4e_0       ┆ conda-forge    
 │ │    ┆   8.80 MiB │
 │ │ │ pip                                               ┆ pip                                          ┆ 26.2.1       ┆ pyh8b19718_0          ┆ conda-forge    
 │ │    ┆   1.14 MiB │
 │ │ │ pkg-config                                        ┆ pkg-config                                   ┆ 0.29.2       ┆ h1114479_1013         ┆ conda-forge    
 │ │    ┆ 138.06 KiB │
 │ │ │ python                                            ┆ python 3.12.* *_cpython (V)                  ┆ 3.12.14      ┆ h5f976f7_3_cpython    ┆ conda-forge    
 │ │    ┆  21.98 MiB │
 │ │ │ ros-humble-ament-cmake                            ┆ ros-humble-ament-cmake                       ┆ 1.3.13       ┆ np2py312h2ed9cc7_15   ┆ robostack-stagi
 │ │ ng ┆  23.07 KiB │
 │ │ │ ros-humble-cv-bridge                              ┆ ros-humble-cv-bridge                         ┆ 3.2.1        ┆ np2py312h3b5449b_15   ┆ robostack-stagi
 │ │ ng ┆ 176.58 KiB │
 │ │ │ ros-humble-grid-map-ros                           ┆ ros-humble-grid-map-ros                      ┆ 2.0.1        ┆ np2py312h2ed9cc7_15   ┆ robostack-stagi
 │ │ ng ┆ 115.93 KiB │
 │ │ │ ros-humble-image-geometry                         ┆ ros-humble-image-geometry                    ┆ 3.2.1        ┆ np2py312h3b5449b_15   ┆ robostack-stagi
 │ │ ng ┆  78.01 KiB │
 │ │ │ ros-humble-image-transport                        ┆ ros-humble-image-transport                   ┆ 3.1.12       ┆ np2py312h2ed9cc7_15   ┆ robostack-stagi
 │ │ ng ┆ 541.72 KiB │
 │ │ │ ros-humble-laser-geometry                         ┆ ros-humble-laser-geometry                    ┆ 2.4.1        ┆ np2py312h2ed9cc7_15   ┆ robostack-stagi
 │ │ ng ┆  57.59 KiB │
 │ │ │ ros-humble-message-filters                        ┆ ros-humble-message-filters                   ┆ 4.3.14       ┆ np2py312h2ed9cc7_15   ┆ robostack-stagi
 │ │ ng ┆  75.27 KiB │
 │ │ │ ros-humble-nav-msgs                               ┆ ros-humble-nav-msgs                          ┆ 4.9.1        ┆ np2py312h2ed9cc7_15   ┆ robostack-stagi
 │ │ ng ┆ 204.35 KiB │
 │ │ │ ros-humble-octomap-msgs                           ┆ ros-humble-octomap-msgs                      ┆ 2.0.1        ┆ np2py312h2ed9cc7_15   ┆ robostack-stagi
 │ │ ng ┆ 123.95 KiB │
 │ │ │ ros-humble-pcl-conversions                        ┆ ros-humble-pcl-conversions                   ┆ 2.4.5        ┆ np2py312h2ed9cc7_15   ┆ robostack-stagi
 │ │ ng ┆  64.98 KiB │
 │ │ │ ros-humble-pcl-ros                                ┆ ros-humble-pcl-ros                           ┆ 2.4.5        ┆ np2py312h2ed9cc7_15   ┆ robostack-stagi
 │ │ ng ┆ 205.59 KiB │
 │ │ │ ros-humble-rclcpp                                 ┆ ros-humble-rclcpp                            ┆ 16.0.18      ┆ np2py312h2ed9cc7_15   ┆ robostack-stagi
 │ │ ng ┆ 859.63 KiB │
 │ │ │ ros-humble-rclcpp-components                      ┆ ros-humble-rclcpp-components                 ┆ 16.0.18      ┆ np2py312h2ed9cc7_15   ┆ robostack-stagi
 │ │ ng ┆ 131.43 KiB │
 │ │ │ ros-humble-ros-environment                        ┆ ros-humble-ros-environment                   ┆ 3.2.2        ┆ np2py312h2ed9cc7_15   ┆ robostack-stagi
 │ │ ng ┆  21.12 KiB │
 │ │ │ ros-humble-ros-workspace                          ┆ ros-humble-ros-workspace                     ┆ 1.0.2        ┆ np2py312h2ed9cc7_15   ┆ robostack-stagi
 │ │ ng ┆  34.75 KiB │
 │ │ │ ros-humble-rtabmap-conversions                    ┆ ros-humble-rtabmap-conversions               ┆ 0.22.1       ┆ np2py312h2ed9cc7_18   ┆ output         
 │ │    ┆ 225.64 KiB │
 │ │ │ ros-humble-rtabmap-msgs                           ┆ ros-humble-rtabmap-msgs                      ┆ 0.22.1       ┆ np2py312h2ed9cc7_18   ┆ output         
 │ │    ┆ 728.16 KiB │
 │ │ │ ros-humble-rtabmap-sync                           ┆ ros-humble-rtabmap-sync                      ┆ 0.22.1       ┆ np2py312h2ed9cc7_18   ┆ output         
 │ │    ┆   2.26 MiB │
 │ │ │ ros-humble-sensor-msgs                            ┆ ros-humble-sensor-msgs                       ┆ 4.9.1        ┆ np2py312h2ed9cc7_15   ┆ robostack-stagi
 │ │ ng ┆ 440.86 KiB │
 │ │ │ ros-humble-std-msgs                               ┆ ros-humble-std-msgs                          ┆ 4.9.1        ┆ np2py312h2ed9cc7_15   ┆ robostack-stagi
 │ │ ng ┆ 282.91 KiB │
 │ │ │ ros-humble-stereo-msgs                            ┆ ros-humble-stereo-msgs                       ┆ 4.9.1        ┆ np2py312h2ed9cc7_15   ┆ robostack-stagi
 │ │ ng ┆  76.79 KiB │
 │ │ │ ros-humble-tf2                                    ┆ ros-humble-tf2                               ┆ 0.25.19      ┆ np2py312h2ed9cc7_15   ┆ robostack-stagi
 │ │ ng ┆ 130.23 KiB │
 │ │ │ ros-humble-tf2-geometry-msgs                      ┆ ros-humble-tf2-geometry-msgs                 ┆ 0.25.19      ┆ np2py312h2ed9cc7_15   ┆ robostack-stagi
 │ │ ng ┆  55.68 KiB │
 │ │ │ ros-humble-tf2-ros                                ┆ ros-humble-tf2-ros                           ┆ 0.25.19      ┆ np2py312h2ed9cc7_15   ┆ robostack-stagi
 │ │ ng ┆ 444.36 KiB │
 │ │ │ ros2-distro-mutex                                 ┆ ros2-distro-mutex 0.8.* humble_*             ┆ 0.8.0        ┆ humble_15             ┆ robostack-stagi
 │ │ ng ┆   2.32 KiB │
 │ │ │ _openmp_mutex                                     ┆                                              ┆ 4.5          ┆ 20_gnu                ┆ conda-forge    
 │ │    ┆  28.27 KiB │
 │ │ │ _x86_64-microarch-level                           ┆                                              ┆ 4            ┆ 5_level4              ┆ conda-forge    
 │ │    ┆   9.20 KiB │
 │ │ │ aiohappyeyeballs                                  ┆                                              ┆ 2.7.1        ┆ pyhd8ed1ab_0          ┆ conda-forge    
 │ │    ┆  24.11 KiB │
 │ │ │ aiohttp                                           ┆                                              ┆ 3.14.3       ┆ py312h5d8c7f2_0       ┆ conda-forge    
 │ │    ┆   1.04 MiB │
 │ │ │ aiosignal                                         ┆                                              ┆ 1.4.0        ┆ pyhd8ed1ab_0          ┆ conda-forge    
 │ │    ┆  13.37 KiB │
 │ │ │ alsa-lib                                          ┆                                              ┆ 1.2.16.1     ┆ h7cc23a3_1            ┆ conda-forge    
 │ │    ┆ 581.04 KiB │
 │ │ │ aom                                               ┆                                              ┆ 3.9.1        ┆ hac33072_0            ┆ conda-forge    
 │ │    ┆   2.58 MiB │
 │ │ │ argcomplete                                       ┆                                              ┆ 3.7.2        ┆ pyhcf101f3_0          ┆ conda-forge    
 │ │    ┆  46.04 KiB │
 │ │ │ attr                                              ┆                                              ┆ 2.5.2        ┆ hb03c661_1            ┆ conda-forge    
 │ │    ┆  30.65 KiB │
 │ │ │ attrs                                             ┆                                              ┆ 26.1.0       ┆ pyhcf101f3_0          ┆ conda-forge    
 │ │    ┆  63.41 KiB │
 │ │ │ blas-devel                                        ┆                                              ┆ 3.11.0       ┆ 11_h1ea3ea9_openblas  ┆ conda-forge    
 │ │    ┆  17.74 KiB │
 │ │ │ blosc                                             ┆                                              ┆ 1.21.6       ┆ he440d0b_1            ┆ conda-forge    
 │ │    ┆  47.29 KiB │
 │ │ │ brotli                                            ┆                                              ┆ 1.2.0        ┆ h505cf86_4            ┆ conda-forge    
 │ │    ┆  20.19 KiB │
 │ │ │ brotli-bin                                        ┆                                              ┆ 1.2.0        ┆ h9908984_4            ┆ conda-forge    
 │ │    ┆  21.09 KiB │
 │ │ │ bzip2                                             ┆                                              ┆ 1.0.8        ┆ hda65f42_10           ┆ conda-forge    
 │ │    ┆ 251.77 KiB │
 │ │ │ c-ares                                            ┆                                              ┆ 1.34.8       ┆ hebe6cf0_2            ┆ conda-forge    
 │ │    ┆ 223.34 KiB │
 │ │ │ ca-certificates                                   ┆                                              ┆ 2026.7.22    ┆ hbd8a1cb_0            ┆ conda-forge    
 │ │    ┆ 128.69 KiB │
 │ │ │ cairo                                             ┆                                              ┆ 1.18.4       ┆ h3c89d7e_3            ┆ conda-forge    
 │ │    ┆ 967.78 KiB │
 │ │ │ catkin_pkg                                        ┆                                              ┆ 1.1.1        ┆ pyhd8ed1ab_0          ┆ conda-forge    
 │ │    ┆  53.61 KiB │
 │ │ │ cli11                                             ┆                                              ┆ 2.7.2        ┆ h54a6638_1            ┆ conda-forge    
 │ │    ┆ 100.81 KiB │
 │ │ │ cmake                                             ┆                                              ┆ 4.2.3        ┆ hc85cc9f_1            ┆ conda-forge    
 │ │    ┆  21.30 MiB │
 │ │ │ colorama                                          ┆                                              ┆ 0.4.6        ┆ pyhd8ed1ab_1          ┆ conda-forge    
 │ │    ┆  26.38 KiB │
 │ │ │ console_bridge                                    ┆                                              ┆ 1.0.2        ┆ h924138e_1            ┆ conda-forge    
 │ │    ┆  18.03 KiB │
 │ │ │ contourpy                                         ┆                                              ┆ 1.4.0        ┆ py312h9be0db6_0       ┆ conda-forge    
 │ │    ┆ 320.98 KiB │
 │ │ │ cycler                                            ┆                                              ┆ 0.12.1       ┆ pyhcf101f3_2          ┆ conda-forge    
 │ │    ┆  14.43 KiB │
 │ │ │ cyrus-sasl                                        ┆                                              ┆ 2.1.28       ┆ hd9c7081_0            ┆ conda-forge    
 │ │    ┆ 204.86 KiB │
 │ │ │ dav1d                                             ┆                                              ┆ 1.2.1        ┆ hd590300_0            ┆ conda-forge    
 │ │    ┆ 742.41 KiB │
 │ │ │ dbus                                              ┆                                              ┆ 1.16.2       ┆ he8c428d_2            ┆ conda-forge    
 │ │    ┆ 439.03 KiB │
 │ │ │ docutils                                          ┆                                              ┆ 0.23         ┆ pyhcf101f3_0          ┆ conda-forge    
 │ │    ┆ 448.77 KiB │
 │ │ │ double-conversion                                 ┆                                              ┆ 3.4.0        ┆ hecca717_0            ┆ conda-forge    
 │ │    ┆  70.13 KiB │
 │ │ │ eigen                                             ┆                                              ┆ 3.4.0        ┆ h54a6638_2            ┆ conda-forge    
 │ │    ┆   1.12 MiB │
 │ │ │ eigen-abi                                         ┆                                              ┆ 3.4.0.100    ┆ h3bcb7cf_2            ┆ conda-forge    
 │ │    ┆  12.84 KiB │
 │ │ │ empy                                              ┆                                              ┆ 4.2.1        ┆ pyhcf101f3_0          ┆ conda-forge    
 │ │    ┆  97.08 KiB │
 │ │ │ exceptiongroup                                    ┆                                              ┆ 1.3.1        ┆ pyhd8ed1ab_0          ┆ conda-forge    
 │ │    ┆  20.83 KiB │
 │ │ │ expat                                             ┆                                              ┆ 2.8.1        ┆ hecca717_1            ┆ conda-forge    
 │ │    ┆ 144.33 KiB │
 │ │ │ ffmpeg                                            ┆                                              ┆ 8.1.1        ┆ gpl_hee00b0e_901      ┆ conda-forge    
 │ │    ┆  12.38 MiB │
 │ │ │ flann                                             ┆                                              ┆ 1.9.2        ┆ he1b7b50_6            ┆ conda-forge    
 │ │    ┆   1.90 MiB │
 │ │ │ fmt                                               ┆                                              ┆ 12.1.0       ┆ h76c4fd7_1            ┆ conda-forge    
 │ │    ┆ 194.41 KiB │
 │ │ │ font-ttf-dejavu-sans-mono                         ┆                                              ┆ 2.37         ┆ hab24e00_0            ┆ conda-forge    
 │ │    ┆ 388.06 KiB │
 │ │ │ font-ttf-inconsolata                              ┆                                              ┆ 3.000        ┆ h77eed37_0            ┆ conda-forge    
 │ │    ┆  94.27 KiB │
 │ │ │ font-ttf-source-code-pro                          ┆                                              ┆ 2.038        ┆ h77eed37_0            ┆ conda-forge    
 │ │    ┆ 684.39 KiB │
 │ │ │ font-ttf-ubuntu                                   ┆                                              ┆ 0.83         ┆ h77eed37_3            ┆ conda-forge    
 │ │    ┆   1.55 MiB │
 │ │ │ fontconfig                                        ┆                                              ┆ 2.18.3       ┆ h4db4eae_1            ┆ conda-forge    
 │ │    ┆ 289.34 KiB │
 │ │ │ fonts-conda-ecosystem                             ┆                                              ┆ 1            ┆ 0                     ┆ conda-forge    
 │ │    ┆   3.58 KiB │
 │ │ │ fonts-conda-forge                                 ┆                                              ┆ 1            ┆ hc364b38_1            ┆ conda-forge    
 │ │    ┆   3.96 KiB │
 │ │ │ fonttools                                         ┆                                              ┆ 4.65.0       ┆ py312hfd18d64_0       ┆ conda-forge    
 │ │    ┆   2.97 MiB │
 │ │ │ foonathan-memory                                  ┆                                              ┆ 0.7.3        ┆ h5888daf_1            ┆ conda-forge    
 │ │    ┆ 221.81 KiB │
 │ │ │ freeglut                                          ┆                                              ┆ 3.2.2        ┆ h215f996_4            ┆ conda-forge    
 │ │    ┆ 142.73 KiB │
 │ │ │ freetype                                          ┆                                              ┆ 2.14.3       ┆ ha770c72_2            ┆ conda-forge    
 │ │    ┆ 171.13 KiB │
 │ │ │ fribidi                                           ┆                                              ┆ 1.0.16       ┆ h7cc23a3_2            ┆ conda-forge    
 │ │    ┆  60.94 KiB │
 │ │ │ frozenlist                                        ┆                                              ┆ 1.8.0        ┆ py312h447239a_0       ┆ conda-forge    
 │ │    ┆  53.73 KiB │
 │ │ │ gdk-pixbuf                                        ┆                                              ┆ 2.44.8       ┆ h68053f1_2            ┆ conda-forge    
 │ │    ┆ 568.32 KiB │
 │ │ │ geographiclib-cpp                                 ┆                                              ┆ 2.5.2        ┆ hb700be7_0            ┆ conda-forge    
 │ │    ┆ 586.49 KiB │
 │ │ │ gl2ps                                             ┆                                              ┆ 1.4.2        ┆ h36e74d4_2            ┆ conda-forge    
 │ │    ┆  74.06 KiB │
 │ │ │ glew                                              ┆                                              ┆ 2.3.0        ┆ h71661d4_0            ┆ conda-forge    
 │ │    ┆ 481.13 KiB │
 │ │ │ glib                                              ┆                                              ┆ 2.88.3       ┆ h50f8131_4            ┆ conda-forge    
 │ │    ┆  83.59 KiB │
 │ │ │ glib-tools                                        ┆                                              ┆ 2.88.3       ┆ h922ffe4_4            ┆ conda-forge    
 │ │    ┆ 231.32 KiB │
 │ │ │ glslang                                           ┆                                              ┆ 16.6.0       ┆ h980caa0_0            ┆ conda-forge    
 │ │    ┆   1.38 MiB │
 │ │ │ gmock                                             ┆                                              ┆ 1.17.0       ┆ h8e2ec6c_2            ┆ conda-forge    
 │ │    ┆   4.83 KiB │
 │ │ │ gmp                                               ┆                                              ┆ 6.3.0        ┆ hfd2156b_3            ┆ conda-forge    
 │ │    ┆ 481.93 KiB │
 │ │ │ graphite2                                         ┆                                              ┆ 1.3.15       ┆ h54a6638_1            ┆ conda-forge    
 │ │    ┆ 100.42 KiB │
 │ │ │ gst-plugins-base                                  ┆                                              ┆ 1.26.11      ┆ h6d08254_0            ┆ conda-forge    
 │ │    ┆   3.05 MiB │
 │ │ │ gstreamer                                         ┆                                              ┆ 1.26.11      ┆ h29cf534_0            ┆ conda-forge    
 │ │    ┆   2.18 MiB │
 │ │ │ gtest                                             ┆                                              ┆ 1.17.0       ┆ h171cf75_2            ┆ conda-forge    
 │ │    ┆ 441.28 KiB │
 │ │ │ gtsam                                             ┆                                              ┆ 4.2.0        ┆ py312h7f00892_14      ┆ conda-forge    
 │ │    ┆  18.28 MiB │
 │ │ │ harfbuzz                                          ┆                                              ┆ 14.4.0       ┆ ha770c72_1            ┆ conda-forge    
 │ │    ┆  10.85 KiB │
 │ │ │ hdf4                                              ┆                                              ┆ 4.2.15       ┆ h2a13503_7            ┆ conda-forge    
 │ │    ┆ 739.01 KiB │
 │ │ │ hdf5                                              ┆                                              ┆ 1.14.6       ┆ nompi_h19486de_106    ┆ conda-forge    
 │ │    ┆   3.54 MiB │
 │ │ │ icu                                               ┆                                              ┆ 78.3         ┆ py310h44b86e0_2       ┆ conda-forge    
 │ │    ┆  13.79 MiB │
 │ │ │ idna                                              ┆                                              ┆ 3.19         ┆ pyhcf101f3_0          ┆ conda-forge    
 │ │    ┆ 173.27 KiB │
 │ │ │ imath                                             ┆                                              ┆ 3.2.2        ┆ hde8ca8f_0            ┆ conda-forge    
 │ │    ┆ 156.53 KiB │
 │ │ │ importlib-metadata                                ┆                                              ┆ 9.0.1        ┆ pyhcf101f3_0          ┆ conda-forge    
 │ │    ┆  34.10 KiB │
 │ │ │ importlib_resources                               ┆                                              ┆ 7.1.0        ┆ pyhd8ed1ab_0          ┆ conda-forge    
 │ │    ┆  33.99 KiB │
 │ │ │ iniconfig                                         ┆                                              ┆ 2.3.0        ┆ pyhd8ed1ab_0          ┆ conda-forge    
 │ │    ┆  13.07 KiB │
 │ │ │ intel-gmmlib                                      ┆                                              ┆ 22.10.2      ┆ h7148c6a_0            ┆ conda-forge    
 │ │    ┆ 983.40 KiB │
 │ │ │ intel-media-driver                                ┆                                              ┆ 26.1.6       ┆ hecca717_0            ┆ conda-forge    
 │ │    ┆   8.38 MiB │
 │ │ │ jasper                                            ┆                                              ┆ 4.2.9        ┆ hd038ad9_2            ┆ conda-forge    
 │ │    ┆ 707.48 KiB │
 │ │ │ jsoncpp                                           ┆                                              ┆ 1.9.6        ┆ hf42df4d_1            ┆ conda-forge    
 │ │    ┆ 165.13 KiB │
 │ │ │ keyutils                                          ┆                                              ┆ 1.6.3        ┆ h7cc23a3_1            ┆ conda-forge    
 │ │    ┆ 132.12 KiB │
 │ │ │ kiwisolver                                        ┆                                              ┆ 1.5.1        ┆ py312h9be0db6_1       ┆ conda-forge    
 │ │    ┆  73.45 KiB │
 │ │ │ krb5                                              ┆                                              ┆ 1.21.3       ┆ h659f571_0            ┆ conda-forge    
 │ │    ┆   1.31 MiB │
 │ │ │ lame                                              ┆                                              ┆ 3.100        ┆ h166bdaf_1003         ┆ conda-forge    
 │ │    ┆ 496.35 KiB │
 │ │ │ lark-parser                                       ┆                                              ┆ 0.12.0       ┆ pyhd8ed1ab_1          ┆ conda-forge    
 │ │    ┆  84.12 KiB │
 │ │ │ lcms2                                             ┆                                              ┆ 2.19.1       ┆ h9073bf1_3            ┆ conda-forge    
 │ │    ┆ 248.33 KiB │
 │ │ │ ld_impl_linux-64                                  ┆                                              ┆ 2.46.1       ┆ default_hbd61a6d_102  ┆ conda-forge    
 │ │    ┆ 727.83 KiB │
 │ │ │ lerc                                              ┆                                              ┆ 4.2.0        ┆ hdb68285_0            ┆ conda-forge    
 │ │    ┆ 264.80 KiB │
 │ │ │ level-zero                                        ┆                                              ┆ 1.33.1       ┆ h7148c6a_0            ┆ conda-forge    
 │ │    ┆ 762.23 KiB │
 │ │ │ libabseil                                         ┆                                              ┆ 20260107.1   ┆ cxx17_h7b12aa8_0      ┆ conda-forge    
 │ │    ┆   1.32 MiB │
 │ │ │ libacl                                            ┆                                              ┆ 2.3.2        ┆ h0f662aa_0            ┆ conda-forge    
 │ │    ┆ 108.01 KiB │
 │ │ │ libaec                                            ┆                                              ┆ 1.1.5        ┆ h088129d_0            ┆ conda-forge    
 │ │    ┆  35.69 KiB │
 │ │ │ libamd                                            ┆                                              ┆ 3.3.3        ┆ haaf9dc3_7100102      ┆ conda-forge    
 │ │    ┆  49.32 KiB │
 │ │ │ libass                                            ┆                                              ┆ 0.17.4       ┆ h96ad9f0_0            ┆ conda-forge    
 │ │    ┆ 148.61 KiB │
 │ │ │ libattr                                           ┆                                              ┆ 2.5.2        ┆ hb03c661_1            ┆ conda-forge    
 │ │    ┆  52.07 KiB │
 │ │ │ libavif16                                         ┆                                              ┆ 1.4.2        ┆ hcfa2d63_0            ┆ conda-forge    
 │ │    ┆ 146.01 KiB │
 │ │ │ libblas                                           ┆                                              ┆ 3.11.0       ┆ 11_h4a7cf45_openblas  ┆ conda-forge    
 │ │    ┆  17.82 KiB │
 │ │ │ libboost                                          ┆                                              ┆ 1.88.0       ┆ hd24cca6_7            ┆ conda-forge    
 │ │    ┆   2.93 MiB │
 │ │ │ libboost-devel                                    ┆                                              ┆ 1.88.0       ┆ hfcd1e18_7            ┆ conda-forge    
 │ │    ┆  39.17 KiB │
 │ │ │ libboost-headers                                  ┆                                              ┆ 1.88.0       ┆ ha770c72_7            ┆ conda-forge    
 │ │    ┆  13.91 MiB │
 │ │ │ libboost-python                                   ┆                                              ┆ 1.88.0       ┆ py312hf890105_7       ┆ conda-forge    
 │ │    ┆ 127.12 KiB │
 │ │ │ libboost-python-devel                             ┆                                              ┆ 1.88.0       ┆ py312h26dfbe5_7       ┆ conda-forge    
 │ │    ┆  18.53 KiB │
 │ │ │ libbrotlicommon                                   ┆                                              ┆ 1.2.0        ┆ h39a168f_4            ┆ conda-forge    
 │ │    ┆  78.67 KiB │
 │ │ │ libbrotlidec                                      ┆                                              ┆ 1.2.0        ┆ ha411449_4            ┆ conda-forge    
 │ │    ┆  33.92 KiB │
 │ │ │ libbrotlienc                                      ┆                                              ┆ 1.2.0        ┆ h018ffa1_4            ┆ conda-forge    
 │ │    ┆ 291.15 KiB │
 │ │ │ libbtf                                            ┆                                              ┆ 2.3.2        ┆ h32481e8_7100102      ┆ conda-forge    
 │ │    ┆  27.20 KiB │
 │ │ │ libcamd                                           ┆                                              ┆ 3.3.3        ┆ h32481e8_7100102      ┆ conda-forge    
 │ │    ┆  45.80 KiB │
 │ │ │ libcap                                            ┆                                              ┆ 2.78         ┆ h084b8d7_1            ┆ conda-forge    
 │ │    ┆ 121.39 KiB │
 │ │ │ libcblas                                          ┆                                              ┆ 3.11.0       ┆ 11_h0358290_openblas  ┆ conda-forge    
 │ │    ┆  17.77 KiB │
 │ │ │ libccolamd                                        ┆                                              ┆ 3.3.4        ┆ h32481e8_7100102      ┆ conda-forge    
 │ │    ┆  41.64 KiB │
 │ │ │ libcholmod                                        ┆                                              ┆ 5.3.1        ┆ h59ddab4_7100102      ┆ conda-forge    
 │ │    ┆   1.05 MiB │
 │ │ │ libclang-cpp21.1                                  ┆                                              ┆ 21.1.8       ┆ default_h6209e06_6    ┆ conda-forge    
 │ │    ┆  20.48 MiB │
 │ │ │ libclang-cpp23.1                                  ┆                                              ┆ 23.1.1       ┆ default_h0acdd01_0    ┆ conda-forge    
 │ │    ┆  24.18 MiB │
 │ │ │ libclang13                                        ┆                                              ┆ 23.1.1       ┆ default_h7037f76_0    ┆ conda-forge    
 │ │    ┆  14.73 MiB │
 │ │ │ libcolamd                                         ┆                                              ┆ 3.3.4        ┆ h32481e8_7100102      ┆ conda-forge    
 │ │    ┆  33.29 KiB │
 │ │ │ libcups                                           ┆                                              ┆ 2.3.3        ┆ hb8b1518_5            ┆ conda-forge    
 │ │    ┆   4.31 MiB │
 │ │ │ libcurl                                           ┆                                              ┆ 8.18.0       ┆ h4e3cde8_0            ┆ conda-forge    
 │ │    ┆ 452.09 KiB │
 │ │ │ libcxsparse                                       ┆                                              ┆ 4.4.1        ┆ h32481e8_7100102      ┆ conda-forge    
 │ │    ┆ 117.76 KiB │
 │ │ │ libdeflate                                        ┆                                              ┆ 1.25         ┆ hd45a770_1            ┆ conda-forge    
 │ │    ┆  71.98 KiB │
 │ │ │ libdovi                                           ┆                                              ┆ 3.4.0        ┆ h39d0f39_0            ┆ conda-forge    
 │ │    ┆ 395.71 KiB │
 │ │ │ libdrm                                            ┆                                              ┆ 2.4.129      ┆ h7cc23a3_0            ┆ conda-forge    
 │ │    ┆ 306.11 KiB │
 │ │ │ libedit                                           ┆                                              ┆ 3.1.20250104 ┆ pl5321h373387f_1      ┆ conda-forge    
 │ │    ┆ 131.93 KiB │
 │ │ │ libegl                                            ┆                                              ┆ 1.7.0        ┆ ha4b6fd6_5            ┆ conda-forge    
 │ │    ┆  45.60 KiB │
 │ │ │ libev                                             ┆                                              ┆ 4.33         ┆ h280c20c_3            ┆ conda-forge    
 │ │    ┆  42.21 KiB │
 │ │ │ libevent                                          ┆                                              ┆ 2.1.12       ┆ h5348a74_2            ┆ conda-forge    
 │ │    ┆ 420.91 KiB │
 │ │ │ libexpat                                          ┆                                              ┆ 2.8.1        ┆ hecca717_1            ┆ conda-forge    
 │ │    ┆  76.03 KiB │
 │ │ │ libffi                                            ┆                                              ┆ 3.7.0        ┆ h81df57d_1            ┆ conda-forge    
 │ │    ┆  66.41 KiB │
 │ │ │ libflac                                           ┆                                              ┆ 1.5.0        ┆ he200343_1            ┆ conda-forge    
 │ │    ┆ 414.61 KiB │
 │ │ │ libfreetype                                       ┆                                              ┆ 2.14.3       ┆ ha770c72_2            ┆ conda-forge    
 │ │    ┆   8.21 KiB │
 │ │ │ libfreetype6                                      ┆                                              ┆ 2.14.3       ┆ h5e6c136_2            ┆ conda-forge    
 │ │    ┆ 378.58 KiB │
 │ │ │ libgcc-ng                                         ┆                                              ┆ 16.2.0       ┆ h69a702a_4            ┆ conda-forge    
 │ │    ┆  27.74 KiB │
 │ │ │ libgfortran                                       ┆                                              ┆ 16.2.0       ┆ h69a702a_4            ┆ conda-forge    
 │ │    ┆  27.71 KiB │
 │ │ │ libgfortran5                                      ┆                                              ┆ 16.2.0       ┆ h6b99dfc_4            ┆ conda-forge    
 │ │    ┆   2.41 MiB │
 │ │ │ libgl                                             ┆                                              ┆ 1.7.0        ┆ ha4b6fd6_5            ┆ conda-forge    
 │ │    ┆ 128.89 KiB │
 │ │ │ libgl-devel                                       ┆                                              ┆ 1.7.0        ┆ ha4b6fd6_5            ┆ conda-forge    
 │ │    ┆ 113.49 KiB │
 │ │ │ libglib                                           ┆                                              ┆ 2.88.3       ┆ h569388d_4            ┆ conda-forge    
 │ │    ┆   4.54 MiB │
 │ │ │ libglu                                            ┆                                              ┆ 9.0.3        ┆ h5888daf_1            ┆ conda-forge    
 │ │    ┆ 317.64 KiB │
 │ │ │ libglvnd                                          ┆                                              ┆ 1.7.0        ┆ ha4b6fd6_5            ┆ conda-forge    
 │ │    ┆ 130.69 KiB │
 │ │ │ libglx                                            ┆                                              ┆ 1.7.0        ┆ ha4b6fd6_5            ┆ conda-forge    
 │ │    ┆  77.96 KiB │
 │ │ │ libglx-devel                                      ┆                                              ┆ 1.7.0        ┆ ha4b6fd6_5            ┆ conda-forge    
 │ │    ┆  27.05 KiB │
 │ │ │ libgomp                                           ┆                                              ┆ 16.2.0       ┆ he0feb66_4            ┆ conda-forge    
 │ │    ┆ 624.97 KiB │
 │ │ │ libharfbuzz                                       ┆                                              ┆ 14.4.0       ┆ h23af247_1            ┆ conda-forge    
 │ │    ┆   1.32 MiB │
 │ │ │ libharfbuzz-devel                                 ┆                                              ┆ 14.4.0       ┆ h23af247_1            ┆ conda-forge    
 │ │    ┆   2.04 MiB │
 │ │ │ libhwloc                                          ┆                                              ┆ 2.13.0       ┆ default_he001693_1000 ┆ conda-forge    
 │ │    ┆   2.32 MiB │
 │ │ │ libhwy                                            ┆                                              ┆ 1.4.0        ┆ h57c4cff_1            ┆ conda-forge    
 │ │    ┆   1.39 MiB │
 │ │ │ libiconv                                          ┆                                              ┆ 1.18         ┆ h0cb94f2_3            ┆ conda-forge    
 │ │    ┆ 770.97 KiB │
 │ │ │ libjpeg-turbo                                     ┆                                              ┆ 3.2.0        ┆ hb03c661_1            ┆ conda-forge    
 │ │    ┆ 635.19 KiB │
 │ │ │ libjxl                                            ┆                                              ┆ 0.11.2       ┆ h174a0a3_1            ┆ conda-forge    
 │ │    ┆   1.76 MiB │
 │ │ │ libklu                                            ┆                                              ┆ 2.3.5        ┆ hf24d653_7100102      ┆ conda-forge    
 │ │    ┆ 142.45 KiB │
 │ │ │ liblapack                                         ┆                                              ┆ 3.11.0       ┆ 11_h47877c9_openblas  ┆ conda-forge    
 │ │    ┆  17.80 KiB │
 │ │ │ liblapacke                                        ┆                                              ┆ 3.11.0       ┆ 11_h6ae95b6_openblas  ┆ conda-forge    
 │ │    ┆  17.81 KiB │
 │ │ │ libldl                                            ┆                                              ┆ 3.3.2        ┆ h32481e8_7100102      ┆ conda-forge    
 │ │    ┆  23.67 KiB │
 │ │ │ libllvm21                                         ┆                                              ┆ 21.1.8       ┆ h474f4eb_1            ┆ conda-forge    
 │ │    ┆  42.72 MiB │
 │ │ │ libllvm23                                         ┆                                              ┆ 23.1.1       ┆ h474f4eb_0            ┆ conda-forge    
 │ │    ┆  42.98 MiB │
 │ │ │ liblzma                                           ┆                                              ┆ 5.8.3        ┆ hb03c661_1            ┆ conda-forge    
 │ │    ┆ 110.35 KiB │
 │ │ │ liblzma-devel                                     ┆                                              ┆ 5.8.3        ┆ hb03c661_1            ┆ conda-forge    
 │ │    ┆ 480.44 KiB │
 │ │ │ libnetcdf                                         ┆                                              ┆ 4.9.3        ┆ nompi_hbf2fc22_104    ┆ conda-forge    
 │ │    ┆ 850.38 KiB │
 │ │ │ libnghttp2                                        ┆                                              ┆ 1.68.1       ┆ h74cf4be_1            ┆ conda-forge    
 │ │    ┆ 634.74 KiB │
 │ │ │ libnsl                                            ┆                                              ┆ 2.0.1        ┆ hb9d3cd8_1            ┆ conda-forge    
 │ │    ┆  32.94 KiB │
 │ │ │ libntlm                                           ┆                                              ┆ 1.8          ┆ hb9d3cd8_0            ┆ conda-forge    
 │ │    ┆  32.63 KiB │
 │ │ │ libogg                                            ┆                                              ┆ 1.3.5        ┆ hd0c01bc_1            ┆ conda-forge    
 │ │    ┆ 213.38 KiB │
 │ │ │ libopenblas                                       ┆                                              ┆ 0.3.34       ┆ pthreads_hf13c14d_2   ┆ conda-forge    
 │ │    ┆   6.53 MiB │
 │ │ │ libopencv                                         ┆                                              ┆ 4.13.0       ┆ qt6_py312h46ef85d_606 ┆ conda-forge    
 │ │    ┆  31.85 MiB │
 │ │ │ libopengl                                         ┆                                              ┆ 1.7.0        ┆ ha4b6fd6_5            ┆ conda-forge    
 │ │    ┆  49.44 KiB │
 │ │ │ libopengl-devel                                   ┆                                              ┆ 1.7.0        ┆ ha4b6fd6_5            ┆ conda-forge    
 │ │    ┆  15.83 KiB │
 │ │ │ libopenvino                                       ┆                                              ┆ 2026.0.0     ┆ hb56ce9e_1            ┆ conda-forge    
 │ │    ┆   6.28 MiB │
 │ │ │ libopenvino-auto-batch-plugin                     ┆                                              ┆ 2026.0.0     ┆ hd85de46_1            ┆ conda-forge    
 │ │    ┆ 111.75 KiB │
 │ │ │ libopenvino-auto-plugin                           ┆                                              ┆ 2026.0.0     ┆ hd85de46_1            ┆ conda-forge    
 │ │    ┆ 243.22 KiB │
 │ │ │ libopenvino-hetero-plugin                         ┆                                              ┆ 2026.0.0     ┆ hd41364c_1            ┆ conda-forge    
 │ │    ┆ 206.62 KiB │
 │ │ │ libopenvino-intel-cpu-plugin                      ┆                                              ┆ 2026.0.0     ┆ hb56ce9e_1            ┆ conda-forge    
 │ │    ┆  12.56 MiB │
 │ │ │ libopenvino-intel-gpu-plugin                      ┆                                              ┆ 2026.0.0     ┆ hb56ce9e_1            ┆ conda-forge    
 │ │    ┆  10.87 MiB │
 │ │ │ libopenvino-intel-npu-plugin                      ┆                                              ┆ 2026.0.0     ┆ hb56ce9e_1            ┆ conda-forge    
 │ │    ┆   1.90 MiB │
 │ │ │ libopenvino-ir-frontend                           ┆                                              ┆ 2026.0.0     ┆ hd41364c_1            ┆ conda-forge    
 │ │    ┆ 188.26 KiB │
 │ │ │ libopenvino-onnx-frontend                         ┆                                              ┆ 2026.0.0     ┆ h7a07914_1            ┆ conda-forge    
 │ │    ┆   1.77 MiB │
 │ │ │ libopenvino-paddle-frontend                       ┆                                              ┆ 2026.0.0     ┆ h7a07914_1            ┆ conda-forge    
 │ │    ┆ 668.19 KiB │
 │ │ │ libopenvino-pytorch-frontend                      ┆                                              ┆ 2026.0.0     ┆ hecca717_1            ┆ conda-forge    
 │ │    ┆   1.13 MiB │
 │ │ │ libopenvino-tensorflow-frontend                   ┆                                              ┆ 2026.0.0     ┆ h78e8023_1            ┆ conda-forge    
 │ │    ┆   1.20 MiB │
 │ │ │ libopenvino-tensorflow-lite-frontend              ┆                                              ┆ 2026.0.0     ┆ hecca717_1            ┆ conda-forge    
 │ │    ┆ 445.88 KiB │
 │ │ │ libopus                                           ┆                                              ┆ 1.6.1        ┆ hebe6cf0_1            ┆ conda-forge    
 │ │    ┆ 322.47 KiB │
 │ │ │ libparu                                           ┆                                              ┆ 1.0.0        ┆ h17147ab_7100102      ┆ conda-forge    
 │ │    ┆  91.03 KiB │
 │ │ │ libpciaccess                                      ┆                                              ┆ 0.19         ┆ hb03c661_1            ┆ conda-forge    
 │ │    ┆  29.37 KiB │
 │ │ │ libplacebo                                        ┆                                              ┆ 7.360.1      ┆ h9eeb4b2_0            ┆ conda-forge    
 │ │    ┆ 536.47 KiB │
 │ │ │ libpng                                            ┆                                              ┆ 1.6.58       ┆ h922cc85_1            ┆ conda-forge    
 │ │    ┆ 309.22 KiB │
 │ │ │ libpq                                             ┆                                              ┆ 18.2         ┆ hb80d175_0            ┆ conda-forge    
 │ │    ┆   2.68 MiB │
 │ │ │ libprotobuf                                       ┆                                              ┆ 6.33.5       ┆ h538a264_2            ┆ conda-forge    
 │ │    ┆   3.50 MiB │
 │ │ │ libpython                                         ┆                                              ┆ 3.12.14      ┆ h0c77377_3_cpython    ┆ conda-forge    
 │ │    ┆   8.36 MiB │
 │ │ │ libraqm                                           ┆                                              ┆ 0.11.0       ┆ h6406941_0            ┆ conda-forge    
 │ │    ┆  33.19 KiB │
 │ │ │ librbio                                           ┆                                              ┆ 4.3.4        ┆ h32481e8_7100102      ┆ conda-forge    
 │ │    ┆  46.50 KiB │
 │ │ │ librsvg                                           ┆                                              ┆ 2.62.3       ┆ h4c96295_0            ┆ conda-forge    
 │ │    ┆   3.32 MiB │
 │ │ │ libsndfile                                        ┆                                              ┆ 1.2.2        ┆ hc7d488a_2            ┆ conda-forge    
 │ │    ┆ 347.28 KiB │
 │ │ │ libspex                                           ┆                                              ┆ 3.2.3        ┆ had10066_7100102      ┆ conda-forge    
 │ │    ┆  78.85 KiB │
 │ │ │ libspqr                                           ┆                                              ┆ 4.3.4        ┆ h852d39f_7100102      ┆ conda-forge    
 │ │    ┆ 213.25 KiB │
 │ │ │ libsqlite                                         ┆                                              ┆ 3.53.4       ┆ h13e7031_1            ┆ conda-forge    
 │ │    ┆ 951.51 KiB │
 │ │ │ libssh2                                           ┆                                              ┆ 1.11.1       ┆ h6154650_1            ┆ conda-forge    
 │ │    ┆ 298.87 KiB │
 │ │ │ libstdcxx-ng                                      ┆                                              ┆ 16.2.0       ┆ hdf11a46_4            ┆ conda-forge    
 │ │    ┆  27.79 KiB │
 │ │ │ libsuitesparseconfig                              ┆                                              ┆ 7.10.1       ┆ h92d6892_7100102      ┆ conda-forge    
 │ │    ┆  42.17 KiB │
 │ │ │ libsystemd0                                       ┆                                              ┆ 261.3        ┆ h26e0ef7_0            ┆ conda-forge    
 │ │    ┆ 574.42 KiB │
 │ │ │ libtheora                                         ┆                                              ┆ 1.1.1        ┆ h4ab18f5_1006         ┆ conda-forge    
 │ │    ┆ 321.21 KiB │
 │ │ │ libtiff                                           ┆                                              ┆ 4.7.2        ┆ hcc2c06a_1            ┆ conda-forge    
 │ │    ┆ 448.98 KiB │
 │ │ │ libudev1                                          ┆                                              ┆ 261.3        ┆ h26e0ef7_0            ┆ conda-forge    
 │ │    ┆ 196.67 KiB │
 │ │ │ libumfpack                                        ┆                                              ┆ 6.3.5        ┆ heb53515_7100102      ┆ conda-forge    
 │ │    ┆ 424.05 KiB │
 │ │ │ libunwind                                         ┆                                              ┆ 1.8.3        ┆ h65a8314_0            ┆ conda-forge    
 │ │    ┆  74.21 KiB │
 │ │ │ liburing                                          ┆                                              ┆ 2.14         ┆ hb700be7_0            ┆ conda-forge    
 │ │    ┆ 150.59 KiB │
 │ │ │ libusb                                            ┆                                              ┆ 1.0.29       ┆ h73b1eb8_0            ┆ conda-forge    
 │ │    ┆  87.45 KiB │
 │ │ │ libuuid                                           ┆                                              ┆ 2.42.3       ┆ hcfc3c73_0            ┆ conda-forge    
 │ │    ┆  39.06 KiB │
 │ │ │ libuv                                             ┆                                              ┆ 1.52.1       ┆ h280c20c_1            ┆ conda-forge    
 │ │    ┆ 410.20 KiB │
 │ │ │ libva                                             ┆                                              ┆ 2.24.1       ┆ hb83e432_1            ┆ conda-forge    
 │ │    ┆ 219.81 KiB │
 │ │ │ libvorbis                                         ┆                                              ┆ 1.3.7        ┆ h54a6638_2            ┆ conda-forge    
 │ │    ┆ 279.19 KiB │
 │ │ │ libvpl                                            ┆                                              ┆ 2.16.0       ┆ h54a6638_0            ┆ conda-forge    
 │ │    ┆ 281.24 KiB │
 │ │ │ libvpx                                            ┆                                              ┆ 1.15.2       ┆ hd2095e1_1            ┆ conda-forge    
 │ │    ┆   1.07 MiB │
 │ │ │ libvulkan-loader                                  ┆                                              ┆ 1.4.357.0    ┆ h0e34353_2            ┆ conda-forge    
 │ │    ┆ 202.11 KiB │
 │ │ │ libwebp-base                                      ┆                                              ┆ 1.6.0        ┆ hd42ef1d_1            ┆ conda-forge    
 │ │    ┆ 418.39 KiB │
 │ │ │ libxcb                                            ┆                                              ┆ 1.17.0       ┆ hb83e432_2            ┆ conda-forge    
 │ │    ┆ 385.86 KiB │
 │ │ │ libxcrypt                                         ┆                                              ┆ 4.4.38       ┆ h280c20c_0            ┆ conda-forge    
 │ │    ┆  99.57 KiB │
 │ │ │ libxkbcommon                                      ┆                                              ┆ 1.13.2       ┆ h51789e4_1            ┆ conda-forge    
 │ │    ┆ 920.48 KiB │
 │ │ │ libxml2                                           ┆                                              ┆ 2.15.4       ┆ h7df9aa5_0            ┆ conda-forge    
 │ │    ┆  45.97 KiB │
 │ │ │ libxml2-16                                        ┆                                              ┆ 2.15.4       ┆ hf3af7cc_0            ┆ conda-forge    
 │ │    ┆ 555.86 KiB │
 │ │ │ libzip                                            ┆                                              ┆ 1.11.2       ┆ h6008cf6_1            ┆ conda-forge    
 │ │    ┆ 109.80 KiB │
 │ │ │ libzlib                                           ┆                                              ┆ 1.3.2        ┆ h25fd6f3_3            ┆ conda-forge    
 │ │    ┆  62.22 KiB │
 │ │ │ loguru                                            ┆                                              ┆ 0.7.3        ┆ pyh707e725_0          ┆ conda-forge    
 │ │    ┆  58.30 KiB │
 │ │ │ lz4-c                                             ┆                                              ┆ 1.10.0       ┆ hee9eb32_2            ┆ conda-forge    
 │ │    ┆ 177.55 KiB │
 │ │ │ matplotlib-base                                   ┆                                              ┆ 3.11.1       ┆ py312h4c94fcb_2       ┆ conda-forge    
 │ │    ┆   8.52 MiB │
 │ │ │ metis                                             ┆                                              ┆ 5.1.0        ┆ hd0bcaf9_1007         ┆ conda-forge    
 │ │    ┆   3.74 MiB │
 │ │ │ mpfr                                              ┆                                              ┆ 4.2.2        ┆ ha2cb11d_1            ┆ conda-forge    
 │ │    ┆ 713.29 KiB │
 │ │ │ mpg123                                            ┆                                              ┆ 1.32.9       ┆ h8142553_0            ┆ conda-forge    
 │ │    ┆ 476.03 KiB │
 │ │ │ msgpack-python                                    ┆                                              ┆ 1.2.2        ┆ py312h9be0db6_2       ┆ conda-forge    
 │ │    ┆ 111.72 KiB │
 │ │ │ multidict                                         ┆                                              ┆ 6.7.1        ┆ py312h8a5da7c_0       ┆ conda-forge    
 │ │    ┆  97.71 KiB │
 │ │ │ munkres                                           ┆                                              ┆ 1.1.4        ┆ pyhd8ed1ab_1          ┆ conda-forge    
 │ │    ┆  15.48 KiB │
 │ │ │ nanoflann                                         ┆                                              ┆ 1.6.1        ┆ hff21bea_0            ┆ conda-forge    
 │ │    ┆  25.31 KiB │
 │ │ │ ncurses                                           ┆                                              ┆ 6.6          ┆ hdb14827_1            ┆ conda-forge    
 │ │    ┆ 889.84 KiB │
 │ │ │ nlohmann_json                                     ┆                                              ┆ 3.12.0       ┆ h54a6638_2            ┆ conda-forge    
 │ │    ┆ 133.18 KiB │
 │ │ │ nspr                                              ┆                                              ┆ 4.40         ┆ h29cc59b_0            ┆ conda-forge    
 │ │    ┆ 225.93 KiB │
 │ │ │ nss                                               ┆                                              ┆ 3.118        ┆ h445c969_0            ┆ conda-forge    
 │ │    ┆   1.96 MiB │
 │ │ │ ocl-icd                                           ┆                                              ┆ 2.3.4        ┆ hb03c661_1            ┆ conda-forge    
 │ │    ┆ 107.03 KiB │
 │ │ │ octomap                                           ┆                                              ┆ 1.10.0       ┆ h4dbf13b_1            ┆ conda-forge    
 │ │    ┆ 260.63 KiB │
 │ │ │ openblas                                          ┆                                              ┆ 0.3.34       ┆ pthreads_h299a788_2   ┆ conda-forge    
 │ │    ┆   7.23 MiB │
 │ │ │ opencl-headers                                    ┆                                              ┆ 2025.06.13   ┆ hecca717_0            ┆ conda-forge    
 │ │    ┆  54.45 KiB │
 │ │ │ openexr                                           ┆                                              ┆ 3.4.15       ┆ ha9edf89_0            ┆ conda-forge    
 │ │    ┆   1.17 MiB │
 │ │ │ openh264                                          ┆                                              ┆ 2.6.0        ┆ h8c49934_2            ┆ conda-forge    
 │ │    ┆ 719.76 KiB │
 │ │ │ openjpeg                                          ┆                                              ┆ 2.5.4        ┆ heb1ab33_2            ┆ conda-forge    
 │ │    ┆ 382.07 KiB │
 │ │ │ openjph                                           ┆                                              ┆ 0.31.0       ┆ h8d634f6_0            ┆ conda-forge    
 │ │    ┆ 288.27 KiB │
 │ │ │ openldap                                          ┆                                              ┆ 2.6.10       ┆ he970967_0            ┆ conda-forge    
 │ │    ┆ 761.97 KiB │
 │ │ │ openssl                                           ┆                                              ┆ 3.6.4        ┆ h781a0a9_0            ┆ conda-forge    
 │ │    ┆   3.05 MiB │
 │ │ │ orocos-kdl                                        ┆                                              ┆ 1.5.3        ┆ hca8cc02_1            ┆ conda-forge    
 │ │    ┆ 378.21 KiB │
 │ │ │ packaging                                         ┆                                              ┆ 26.3         ┆ pyhc364b38_0          ┆ conda-forge    
 │ │    ┆ 113.64 KiB │
 │ │ │ pango                                             ┆                                              ┆ 1.58.2       ┆ h7bb47b9_1            ┆ conda-forge    
 │ │    ┆ 460.76 KiB │
 │ │ │ pcl                                               ┆                                              ┆ 1.15.1       ┆ h717c489_7            ┆ conda-forge    
 │ │    ┆  17.10 MiB │
 │ │ │ pcre2                                             ┆                                              ┆ 10.47        ┆ h8b3dc9c_1            ┆ conda-forge    
 │ │    ┆   1.16 MiB │
 │ │ │ pep517                                            ┆                                              ┆ 0.13.0       ┆ pyhd8ed1ab_0          ┆ conda-forge    
 │ │    ┆  18.60 KiB │
 │ │ │ pillow                                            ┆                                              ┆ 12.3.0       ┆ py312h38079b3_4       ┆ conda-forge    
 │ │    ┆   1.01 MiB │
 │ │ │ pixman                                            ┆                                              ┆ 0.46.4       ┆ h54a6638_3            ┆ conda-forge    
 │ │    ┆ 367.88 KiB │
 │ │ │ pluggy                                            ┆                                              ┆ 1.6.0        ┆ pyhf9edf01_1          ┆ conda-forge    
 │ │    ┆  25.27 KiB │
 │ │ │ ply                                               ┆                                              ┆ 3.11         ┆ pyhd8ed1ab_3          ┆ conda-forge    
 │ │    ┆  47.90 KiB │
 │ │ │ proj                                              ┆                                              ┆ 9.7.1        ┆ he0df7b0_3            ┆ conda-forge    
 │ │    ┆   3.43 MiB │
 │ │ │ propcache                                         ┆                                              ┆ 0.5.2        ┆ py312h8a5da7c_0       ┆ conda-forge    
 │ │    ┆  50.38 KiB │
 │ │ │ pthread-stubs                                     ┆                                              ┆ 0.4          ┆ h7cc23a3_1004         ┆ conda-forge    
 │ │    ┆   9.40 KiB │
 │ │ │ pugixml                                           ┆                                              ┆ 1.15         ┆ h3f63f65_0            ┆ conda-forge    
 │ │    ┆ 115.71 KiB │
 │ │ │ pulseaudio-client                                 ┆                                              ┆ 17.0         ┆ h9a6aba3_3            ┆ conda-forge    
 │ │    ┆ 733.19 KiB │
 │ │ │ py-opencv                                         ┆                                              ┆ 4.13.0       ┆ qt6_py312h2638c08_606 ┆ conda-forge    
 │ │    ┆   1.10 MiB │
 │ │ │ pygments                                          ┆                                              ┆ 2.21.0       ┆ pyhcf101f3_0          ┆ conda-forge    
 │ │    ┆ 936.89 KiB │
 │ │ │ pyparsing                                         ┆                                              ┆ 3.3.2        ┆ pyhcf101f3_0          ┆ conda-forge    
 │ │    ┆ 108.29 KiB │
 │ │ │ pyqt                                              ┆                                              ┆ 5.15.11      ┆ py312h82c0db2_2       ┆ conda-forge    
 │ │    ┆   5.04 MiB │
 │ │ │ pyqt-builder                                      ┆                                              ┆ 1.18.2       ┆ pyhd8ed1ab_1          ┆ conda-forge    
 │ │    ┆   2.82 MiB │
 │ │ │ pyqt5-sip                                         ┆                                              ┆ 12.17.0      ┆ py312h1289d80_2       ┆ conda-forge    
 │ │    ┆  83.79 KiB │
 │ │ │ pytest                                            ┆                                              ┆ 9.1.1        ┆ pyhc364b38_2          ┆ conda-forge    
 │ │    ┆ 299.54 KiB │
 │ │ │ python-dateutil                                   ┆                                              ┆ 2.9.0.post0  ┆ pyhe01879c_2          ┆ conda-forge    
 │ │    ┆ 227.84 KiB │
 │ │ │ python_abi                                        ┆                                              ┆ 3.12         ┆ 9_cp312               ┆ conda-forge    
 │ │    ┆   6.59 KiB │
 │ │ │ qhull                                             ┆                                              ┆ 2020.2       ┆ h434a139_5            ┆ conda-forge    
 │ │    ┆ 539.98 KiB │
 │ │ │ qt-main                                           ┆                                              ┆ 5.15.15      ┆ hc240232_7            ┆ conda-forge    
 │ │    ┆  49.99 MiB │
 │ │ │ qt6-main                                          ┆                                              ┆ 6.10.2       ┆ hb82b983_4            ┆ conda-forge    
 │ │    ┆  54.76 MiB │
 │ │ │ rav1e                                             ┆                                              ┆ 0.8.1        ┆ h1fbca29_0            ┆ conda-forge    
 │ │    ┆   5.34 MiB │
 │ │ │ readline                                          ┆                                              ┆ 8.3          ┆ hd6e31c0_1            ┆ conda-forge    
 │ │    ┆ 340.72 KiB │
 │ │ │ rhash                                             ┆                                              ┆ 1.4.6        ┆ hb03c661_2            ┆ conda-forge    
 │ │    ┆ 190.42 KiB │
 │ │ │ ros-humble-action-msgs                            ┆                                              ┆ 1.2.2        ┆ np2py312h2ed9cc7_15   ┆ robostack-stagi
 │ │ ng ┆ 115.18 KiB │
 │ │ │ ros-humble-ament-cmake-core                       ┆                                              ┆ 1.3.13       ┆ np2py312h2ed9cc7_15   ┆ robostack-stagi
 │ │ ng ┆  43.48 KiB │
 │ │ │ ros-humble-ament-cmake-export-definitions         ┆                                              ┆ 1.3.13       ┆ np2py312h2ed9cc7_15   ┆ robostack-stagi
 │ │ ng ┆  21.83 KiB │
 │ │ │ ros-humble-ament-cmake-export-dependencies        ┆                                              ┆ 1.3.13       ┆ np2py312h2ed9cc7_15   ┆ robostack-stagi
 │ │ ng ┆  23.00 KiB │
 │ │ │ ros-humble-ament-cmake-export-include-directories ┆                                              ┆ 1.3.13       ┆ np2py312h2ed9cc7_15   ┆ robostack-stagi
 │ │ ng ┆  22.26 KiB │
 │ │ │ ros-humble-ament-cmake-export-interfaces          ┆                                              ┆ 1.3.13       ┆ np2py312h2ed9cc7_15   ┆ robostack-stagi
 │ │ ng ┆  22.44 KiB │
 │ │ │ ros-humble-ament-cmake-export-libraries           ┆                                              ┆ 1.3.13       ┆ np2py312h2ed9cc7_15   ┆ robostack-stagi
 │ │ ng ┆  23.73 KiB │
 │ │ │ ros-humble-ament-cmake-export-link-flags          ┆                                              ┆ 1.3.13       ┆ np2py312h2ed9cc7_15   ┆ robostack-stagi
 │ │ ng ┆  21.77 KiB │
 │ │ │ ros-humble-ament-cmake-export-targets             ┆                                              ┆ 1.3.13       ┆ np2py312h2ed9cc7_15   ┆ robostack-stagi
 │ │ ng ┆  22.59 KiB │
 │ │ │ ros-humble-ament-cmake-gen-version-h              ┆                                              ┆ 1.3.13       ┆ np2py312h2ed9cc7_15   ┆ robostack-stagi
 │ │ ng ┆  24.53 KiB │
 │ │ │ ros-humble-ament-cmake-gmock                      ┆                                              ┆ 1.3.13       ┆ np2py312h2ed9cc7_15   ┆ robostack-stagi
 │ │ ng ┆  24.13 KiB │
 │ │ │ ros-humble-ament-cmake-gtest                      ┆                                              ┆ 1.3.13       ┆ np2py312h2ed9cc7_15   ┆ robostack-stagi
 │ │ ng ┆  24.34 KiB │
 │ │ │ ros-humble-ament-cmake-include-directories        ┆                                              ┆ 1.3.13       ┆ np2py312h2ed9cc7_15   ┆ robostack-stagi
 │ │ ng ┆  21.71 KiB │
 │ │ │ ros-humble-ament-cmake-libraries                  ┆                                              ┆ 1.3.13       ┆ np2py312h2ed9cc7_15   ┆ robostack-stagi
 │ │ ng ┆  21.44 KiB │
 │ │ │ ros-humble-ament-cmake-pytest                     ┆                                              ┆ 1.3.13       ┆ np2py312h2ed9cc7_15   ┆ robostack-stagi
 │ │ ng ┆  24.55 KiB │
 │ │ │ ros-humble-ament-cmake-python                     ┆                                              ┆ 1.3.13       ┆ np2py312h2ed9cc7_15   ┆ robostack-stagi
 │ │ ng ┆  23.92 KiB │
 │ │ │ ros-humble-ament-cmake-ros                        ┆                                              ┆ 0.10.0       ┆ np2py312h2ed9cc7_15   ┆ robostack-stagi
 │ │ ng ┆  30.42 KiB │
 │ │ │ ros-humble-ament-cmake-target-dependencies        ┆                                              ┆ 1.3.13       ┆ np2py312h2ed9cc7_15   ┆ robostack-stagi
 │ │ ng ┆  23.40 KiB │
 │ │ │ ros-humble-ament-cmake-test                       ┆                                              ┆ 1.3.13       ┆ np2py312h2ed9cc7_15   ┆ robostack-stagi
 │ │ ng ┆  34.96 KiB │
 │ │ │ ros-humble-ament-cmake-version                    ┆                                              ┆ 1.3.13       ┆ np2py312h2ed9cc7_15   ┆ robostack-stagi
 │ │ ng ┆  21.61 KiB │
 │ │ │ ros-humble-ament-index-cpp                        ┆                                              ┆ 1.4.1        ┆ np2py312h2ed9cc7_15   ┆ robostack-stagi
 │ │ ng ┆  45.37 KiB │
 │ │ │ ros-humble-ament-index-python                     ┆                                              ┆ 1.4.1        ┆ np2py312h2ed9cc7_15   ┆ robostack-stagi
 │ │ ng ┆  27.24 KiB │
 │ │ │ ros-humble-ament-package                          ┆                                              ┆ 0.14.2       ┆ np2py312h2ed9cc7_15   ┆ robostack-stagi
 │ │ ng ┆  45.33 KiB │
 │ │ │ ros-humble-builtin-interfaces                     ┆                                              ┆ 1.2.2        ┆ np2py312h2ed9cc7_15   ┆ robostack-stagi
 │ │ ng ┆  74.72 KiB │
 │ │ │ ros-humble-class-loader                           ┆                                              ┆ 2.2.0        ┆ np2py312h2ed9cc7_15   ┆ robostack-stagi
 │ │ ng ┆  70.63 KiB │
 │ │ │ ros-humble-composition-interfaces                 ┆                                              ┆ 1.2.2        ┆ np2py312h2ed9cc7_15   ┆ robostack-stagi
 │ │ ng ┆ 141.93 KiB │
 │ │ │ ros-humble-console-bridge-vendor                  ┆                                              ┆ 1.4.1        ┆ np2py312h2ed9cc7_15   ┆ robostack-stagi
 │ │ ng ┆  26.47 KiB │
 │ │ │ ros-humble-cyclonedds                             ┆                                              ┆ 0.10.5       ┆ np2py312h2ed9cc7_15   ┆ robostack-stagi
 │ │ ng ┆   1.14 MiB │
 │ │ │ ros-humble-diagnostic-msgs                        ┆                                              ┆ 4.9.1        ┆ np2py312h2ed9cc7_15   ┆ robostack-stagi
 │ │ ng ┆ 142.95 KiB │
 │ │ │ ros-humble-diagnostic-updater                     ┆                                              ┆ 4.0.6        ┆ np2py312h2ed9cc7_15   ┆ robostack-stagi
 │ │ ng ┆ 162.66 KiB │
 │ │ │ ros-humble-domain-coordinator                     ┆                                              ┆ 0.10.0       ┆ np2py312h2ed9cc7_15   ┆ robostack-stagi
 │ │ ng ┆  19.89 KiB │
 │ │ │ ros-humble-eigen3-cmake-module                    ┆                                              ┆ 0.1.1        ┆ np2py312h2ed9cc7_15   ┆ robostack-stagi
 │ │ ng ┆  23.21 KiB │
 │ │ │ ros-humble-fastcdr                                ┆                                              ┆ 1.0.29       ┆ np2py312h2ed9cc7_15   ┆ robostack-stagi
 │ │ ng ┆  65.18 KiB │
 │ │ │ ros-humble-fastrtps                               ┆                                              ┆ 2.6.11       ┆ np2py312h2ed9cc7_15   ┆ robostack-stagi
 │ │ ng ┆   3.62 MiB │
 │ │ │ ros-humble-fastrtps-cmake-module                  ┆                                              ┆ 2.2.4        ┆ np2py312h2ed9cc7_15   ┆ robostack-stagi
 │ │ ng ┆  26.60 KiB │
 │ │ │ ros-humble-filters                                ┆                                              ┆ 2.2.2        ┆ np2py312h2ed9cc7_15   ┆ robostack-stagi
 │ │ ng ┆ 116.02 KiB │
 │ │ │ ros-humble-foonathan-memory-vendor                ┆                                              ┆ 1.2.0        ┆ np2py312h2ed9cc7_15   ┆ robostack-stagi
 │ │ ng ┆  19.25 KiB │
 │ │ │ ros-humble-geometry-msgs                          ┆                                              ┆ 4.9.1        ┆ np2py312h2ed9cc7_15   ┆ robostack-stagi
 │ │ ng ┆ 310.89 KiB │
 │ │ │ ros-humble-gmock-vendor                           ┆                                              ┆ 1.10.9006    ┆ np2py312h2ed9cc7_15   ┆ robostack-stagi
 │ │ ng ┆ 110.81 KiB │
 │ │ │ ros-humble-grid-map-core                          ┆                                              ┆ 2.0.1        ┆ np2py312h2ed9cc7_15   ┆ robostack-stagi
 │ │ ng ┆   1.82 MiB │
 │ │ │ ros-humble-grid-map-cv                            ┆                                              ┆ 2.0.1        ┆ np2py312h2ed9cc7_15   ┆ robostack-stagi
 │ │ ng ┆  92.67 KiB │
 │ │ │ ros-humble-grid-map-msgs                          ┆                                              ┆ 2.0.1        ┆ np2py312h2ed9cc7_15   ┆ robostack-stagi
 │ │ ng ┆ 167.93 KiB │
 │ │ │ ros-humble-gtest-vendor                           ┆                                              ┆ 1.10.9006    ┆ np2py312h2ed9cc7_15   ┆ robostack-stagi
 │ │ ng ┆ 195.16 KiB │
 │ │ │ ros-humble-gtsam                                  ┆                                              ┆ 4.2.0        ┆ py312hfb442f0_15      ┆ robostack-stagi
 │ │ ng ┆   8.62 KiB │
 │ │ │ ros-humble-iceoryx-binding-c                      ┆                                              ┆ 2.0.5        ┆ np2py312h2ed9cc7_15   ┆ robostack-stagi
 │ │ ng ┆  90.75 KiB │
 │ │ │ ros-humble-iceoryx-hoofs                          ┆                                              ┆ 2.0.5        ┆ np2py312h2ed9cc7_15   ┆ robostack-stagi
 │ │ ng ┆ 257.53 KiB │
 │ │ │ ros-humble-iceoryx-posh                           ┆                                              ┆ 2.0.5        ┆ np2py312h2ed9cc7_15   ┆ robostack-stagi
 │ │ ng ┆ 560.41 KiB │
 │ │ │ ros-humble-libg2o                                 ┆                                              ┆ 2020.5.29    ┆ np2py312h2ed9cc7_15   ┆ robostack-stagi
 │ │ ng ┆   1.40 MiB │
 │ │ │ ros-humble-libstatistics-collector                ┆                                              ┆ 1.3.4        ┆ np2py312h2ed9cc7_15   ┆ robostack-stagi
 │ │ ng ┆  54.01 KiB │
 │ │ │ ros-humble-libyaml-vendor                         ┆                                              ┆ 1.2.2        ┆ np2py312h2ed9cc7_15   ┆ robostack-stagi
 │ │ ng ┆  30.06 KiB │
 │ │ │ ros-humble-lifecycle-msgs                         ┆                                              ┆ 1.2.2        ┆ np2py312h2ed9cc7_15   ┆ robostack-stagi
 │ │ ng ┆ 176.35 KiB │
 │ │ │ ros-humble-nav2-msgs                              ┆                                              ┆ 1.1.20       ┆ np2py312h2ed9cc7_15   ┆ robostack-stagi
 │ │ ng ┆   1.11 MiB │
 │ │ │ ros-humble-orocos-kdl-vendor                      ┆                                              ┆ 0.2.5        ┆ np2py312h2ed9cc7_15   ┆ robostack-stagi
 │ │ ng ┆  26.88 KiB │
 │ │ │ ros-humble-pcl-msgs                               ┆                                              ┆ 1.0.0        ┆ np2py312h2ed9cc7_15   ┆ robostack-stagi
 │ │ ng ┆ 131.02 KiB │
 │ │ │ ros-humble-pluginlib                              ┆                                              ┆ 5.1.3        ┆ np2py312h2ed9cc7_15   ┆ robostack-stagi
 │ │ ng ┆ 135.07 KiB │
 │ │ │ ros-humble-python-cmake-module                    ┆                                              ┆ 0.10.0       ┆ np2py312h2ed9cc7_15   ┆ robostack-stagi
 │ │ ng ┆  27.66 KiB │
 │ │ │ ros-humble-python-qt-binding                      ┆                                              ┆ 1.1.3        ┆ np2py312h2ed9cc7_15   ┆ robostack-stagi
 │ │ ng ┆  57.04 KiB │
 │ │ │ ros-humble-qt-gui                                 ┆                                              ┆ 2.2.4        ┆ np2py312h2ed9cc7_15   ┆ robostack-stagi
 │ │ ng ┆ 166.67 KiB │
 │ │ │ ros-humble-qt-gui-cpp                             ┆                                              ┆ 2.2.4        ┆ np2py312h2ed9cc7_15   ┆ robostack-stagi
 │ │ ng ┆ 499.19 KiB │
 │ │ │ ros-humble-rcl                                    ┆                                              ┆ 5.3.12       ┆ np2py312h2ed9cc7_15   ┆ robostack-stagi
 │ │ ng ┆ 172.49 KiB │
 │ │ │ ros-humble-rcl-action                             ┆                                              ┆ 5.3.12       ┆ np2py312h2ed9cc7_15   ┆ robostack-stagi
 │ │ ng ┆  76.44 KiB │
 │ │ │ ros-humble-rcl-interfaces                         ┆                                              ┆ 1.2.2        ┆ np2py312h2ed9cc7_15   ┆ robostack-stagi
 │ │ ng ┆ 329.73 KiB │
 │ │ │ ros-humble-rcl-lifecycle                          ┆                                              ┆ 5.3.12       ┆ np2py312h2ed9cc7_15   ┆ robostack-stagi
 │ │ ng ┆  55.03 KiB │
 │ │ │ ros-humble-rcl-logging-interface                  ┆                                              ┆ 2.3.2        ┆ np2py312h2ed9cc7_15   ┆ robostack-stagi
 │ │ ng ┆  34.66 KiB │
 │ │ │ ros-humble-rcl-logging-spdlog                     ┆                                              ┆ 2.3.2        ┆ np2py312h918b84f_15   ┆ robostack-stagi
 │ │ ng ┆  44.61 KiB │
 │ │ │ ros-humble-rcl-yaml-param-parser                  ┆                                              ┆ 5.3.12       ┆ np2py312h2ed9cc7_15   ┆ robostack-stagi
 │ │ ng ┆  49.91 KiB │
 │ │ │ ros-humble-rclcpp-action                          ┆                                              ┆ 16.0.18      ┆ np2py312h2ed9cc7_15   ┆ robostack-stagi
 │ │ ng ┆ 113.70 KiB │
 │ │ │ ros-humble-rclpy                                  ┆                                              ┆ 3.3.20       ┆ np2py312h2ed9cc7_15   ┆ robostack-stagi
 │ │ ng ┆ 609.19 KiB │
 │ │ │ ros-humble-rcpputils                              ┆                                              ┆ 2.4.6        ┆ np2py312h2ed9cc7_15   ┆ robostack-stagi
 │ │ ng ┆  76.72 KiB │
 │ │ │ ros-humble-rcutils                                ┆                                              ┆ 5.1.8        ┆ np2py312h2ed9cc7_15   ┆ robostack-stagi
 │ │ ng ┆ 115.04 KiB │
 │ │ │ ros-humble-rmw                                    ┆                                              ┆ 6.1.2        ┆ np2py312h2ed9cc7_15   ┆ robostack-stagi
 │ │ ng ┆  89.59 KiB │
 │ │ │ ros-humble-rmw-connextdds                         ┆                                              ┆ 0.11.6       ┆ np2py312h2ed9cc7_15   ┆ robostack-stagi
 │ │ ng ┆  30.21 KiB │
 │ │ │ ros-humble-rmw-connextdds-common                  ┆                                              ┆ 0.11.6       ┆ np2py312h2ed9cc7_15   ┆ robostack-stagi
 │ │ ng ┆  51.35 KiB │
 │ │ │ ros-humble-rmw-cyclonedds-cpp                     ┆                                              ┆ 1.3.4        ┆ np2py312h2ed9cc7_15   ┆ robostack-stagi
 │ │ ng ┆ 250.53 KiB │
 │ │ │ ros-humble-rmw-dds-common                         ┆                                              ┆ 1.6.0        ┆ np2py312h2ed9cc7_15   ┆ robostack-stagi
 │ │ ng ┆ 145.56 KiB │
 │ │ │ ros-humble-rmw-fastrtps-cpp                       ┆                                              ┆ 6.2.10       ┆ np2py312h2ed9cc7_15   ┆ robostack-stagi
 │ │ ng ┆ 140.30 KiB │
 │ │ │ ros-humble-rmw-fastrtps-dynamic-cpp               ┆                                              ┆ 6.2.10       ┆ np2py312h2ed9cc7_15   ┆ robostack-stagi
 │ │ ng ┆ 179.03 KiB │
 │ │ │ ros-humble-rmw-fastrtps-shared-cpp                ┆                                              ┆ 6.2.10       ┆ np2py312h2ed9cc7_15   ┆ robostack-stagi
 │ │ ng ┆ 204.62 KiB │
 │ │ │ ros-humble-rmw-implementation                     ┆                                              ┆ 2.8.5        ┆ np2py312h2c89a96_15   ┆ robostack-stagi
 │ │ ng ┆  52.02 KiB │
 │ │ │ ros-humble-rmw-implementation-cmake               ┆                                              ┆ 6.1.2        ┆ np2py312h2ed9cc7_15   ┆ robostack-stagi
 │ │ ng ┆  28.57 KiB │
 │ │ │ ros-humble-rosbag2-cpp                            ┆                                              ┆ 0.15.16      ┆ np2py312h2ed9cc7_15   ┆ robostack-stagi
 │ │ ng ┆ 286.10 KiB │
 │ │ │ ros-humble-rosbag2-storage                        ┆                                              ┆ 0.15.16      ┆ np2py312h2ed9cc7_15   ┆ robostack-stagi
 │ │ ng ┆ 225.98 KiB │
 │ │ │ ros-humble-rosgraph-msgs                          ┆                                              ┆ 1.2.2        ┆ np2py312h2ed9cc7_15   ┆ robostack-stagi
 │ │ ng ┆  67.92 KiB │
 │ │ │ ros-humble-rosidl-adapter                         ┆                                              ┆ 3.1.8        ┆ np2py312h2ed9cc7_15   ┆ robostack-stagi
 │ │ ng ┆  61.08 KiB │
 │ │ │ ros-humble-rosidl-cli                             ┆                                              ┆ 3.1.8        ┆ np2py312h2ed9cc7_15   ┆ robostack-stagi
 │ │ ng ┆  37.25 KiB │
 │ │ │ ros-humble-rosidl-cmake                           ┆                                              ┆ 3.1.8        ┆ np2py312h2ed9cc7_15   ┆ robostack-stagi
 │ │ ng ┆  40.31 KiB │
 │ │ │ ros-humble-rosidl-default-generators              ┆                                              ┆ 1.2.0        ┆ np2py312h2ed9cc7_15   ┆ robostack-stagi
 │ │ ng ┆  31.26 KiB │
 │ │ │ ros-humble-rosidl-default-runtime                 ┆                                              ┆ 1.2.0        ┆ np2py312h2ed9cc7_15   ┆ robostack-stagi
 │ │ ng ┆  30.22 KiB │
 │ │ │ ros-humble-rosidl-generator-c                     ┆                                              ┆ 3.1.8        ┆ np2py312h2ed9cc7_15   ┆ robostack-stagi
 │ │ ng ┆  46.01 KiB │
 │ │ │ ros-humble-rosidl-generator-cpp                   ┆                                              ┆ 3.1.8        ┆ np2py312h2ed9cc7_15   ┆ robostack-stagi
 │ │ ng ┆  48.73 KiB │
 │ │ │ ros-humble-rosidl-generator-py                    ┆                                              ┆ 0.14.6       ┆ np2py312h2ed9cc7_15   ┆ robostack-stagi
 │ │ ng ┆  58.95 KiB │
 │ │ │ ros-humble-rosidl-generator-rs                    ┆                                              ┆ 0.4.11       ┆ np2py312h2ed9cc7_15   ┆ robostack-stagi
 │ │ ng ┆  47.48 KiB │
 │ │ │ ros-humble-rosidl-parser                          ┆                                              ┆ 3.1.8        ┆ np2py312h2ed9cc7_15   ┆ robostack-stagi
 │ │ ng ┆  57.98 KiB │
 │ │ │ ros-humble-rosidl-runtime-c                       ┆                                              ┆ 3.1.8        ┆ np2py312h2ed9cc7_15   ┆ robostack-stagi
 │ │ ng ┆  47.38 KiB │
 │ │ │ ros-humble-rosidl-runtime-cpp                     ┆                                              ┆ 3.1.8        ┆ np2py312h2ed9cc7_15   ┆ robostack-stagi
 │ │ ng ┆  35.29 KiB │
 │ │ │ ros-humble-rosidl-typesupport-c                   ┆                                              ┆ 2.0.2        ┆ np2py312h2ed9cc7_15   ┆ robostack-stagi
 │ │ ng ┆  48.25 KiB │
 │ │ │ ros-humble-rosidl-typesupport-cpp                 ┆                                              ┆ 2.0.2        ┆ np2py312h2ed9cc7_15   ┆ robostack-stagi
 │ │ ng ┆  47.60 KiB │
 │ │ │ ros-humble-rosidl-typesupport-fastrtps-c          ┆                                              ┆ 2.2.4        ┆ np2py312h2ed9cc7_15   ┆ robostack-stagi
 │ │ ng ┆  47.87 KiB │
 │ │ │ ros-humble-rosidl-typesupport-fastrtps-cpp        ┆                                              ┆ 2.2.4        ┆ np2py312h2ed9cc7_15   ┆ robostack-stagi
 │ │ ng ┆  50.11 KiB │
 │ │ │ ros-humble-rosidl-typesupport-interface           ┆                                              ┆ 3.1.8        ┆ np2py312h2ed9cc7_15   ┆ robostack-stagi
 │ │ ng ┆  28.40 KiB │
 │ │ │ ros-humble-rosidl-typesupport-introspection-c     ┆                                              ┆ 3.1.8        ┆ np2py312h2ed9cc7_15   ┆ robostack-stagi
 │ │ ng ┆  45.49 KiB │
 │ │ │ ros-humble-rosidl-typesupport-introspection-cpp   ┆                                              ┆ 3.1.8        ┆ np2py312h2ed9cc7_15   ┆ robostack-stagi
 │ │ ng ┆  45.81 KiB │
 │ │ │ ros-humble-rpyutils                               ┆                                              ┆ 0.2.2        ┆ np2py312h2ed9cc7_15   ┆ robostack-stagi
 │ │ ng ┆  25.03 KiB │
 │ │ │ ros-humble-rtabmap                                ┆                                              ┆ 0.22.1       ┆ np2py312h2ed9cc7_18   ┆ output         
 │ │    ┆   6.06 MiB │
 │ │ │ ros-humble-rti-connext-dds-cmake-module           ┆                                              ┆ 0.11.6       ┆ np2py312h2ed9cc7_15   ┆ robostack-stagi
 │ │ ng ┆  30.74 KiB │
 │ │ │ ros-humble-sensor-msgs-py                         ┆                                              ┆ 4.9.1        ┆ np2py312h2ed9cc7_15   ┆ robostack-stagi
 │ │ ng ┆  29.24 KiB │
 │ │ │ ros-humble-shared-queues-vendor                   ┆                                              ┆ 0.15.16      ┆ np2py312h2ed9cc7_15   ┆ robostack-stagi
 │ │ ng ┆  65.09 KiB │
 │ │ │ ros-humble-spdlog-vendor                          ┆                                              ┆ 1.3.1        ┆ np2py312h918b84f_15   ┆ robostack-stagi
 │ │ ng ┆  26.83 KiB │
 │ │ │ ros-humble-statistics-msgs                        ┆                                              ┆ 1.2.2        ┆ np2py312h2ed9cc7_15   ┆ robostack-stagi
 │ │ ng ┆  98.84 KiB │
 │ │ │ ros-humble-std-srvs                               ┆                                              ┆ 4.9.1        ┆ np2py312h2ed9cc7_15   ┆ robostack-stagi
 │ │ ng ┆ 104.52 KiB │
 │ │ │ ros-humble-tango-icons-vendor                     ┆                                              ┆ 0.1.1        ┆ np2py312h2ed9cc7_15   ┆ robostack-stagi
 │ │ ng ┆  25.87 KiB │
 │ │ │ ros-humble-tf2-eigen                              ┆                                              ┆ 0.25.19      ┆ np2py312h2ed9cc7_15   ┆ robostack-stagi
 │ │ ng ┆  44.00 KiB │
 │ │ │ ros-humble-tf2-msgs                               ┆                                              ┆ 0.25.19      ┆ np2py312h2ed9cc7_15   ┆ robostack-stagi
 │ │ ng ┆ 169.61 KiB │
 │ │ │ ros-humble-tf2-py                                 ┆                                              ┆ 0.25.19      ┆ np2py312h2ed9cc7_15   ┆ robostack-stagi
 │ │ ng ┆  57.20 KiB │
 │ │ │ ros-humble-tf2-ros-py                             ┆                                              ┆ 0.25.19      ┆ np2py312h2ed9cc7_15   ┆ robostack-stagi
 │ │ ng ┆  43.62 KiB │
 │ │ │ ros-humble-tinyxml2-vendor                        ┆                                              ┆ 0.7.7        ┆ np2py312h2ed9cc7_15   ┆ robostack-stagi
 │ │ ng ┆  24.30 KiB │
 │ │ │ ros-humble-tracetools                             ┆                                              ┆ 4.1.2        ┆ np2py312h2ed9cc7_15   ┆ robostack-stagi
 │ │ ng ┆  39.71 KiB │
 │ │ │ ros-humble-unique-identifier-msgs                 ┆                                              ┆ 2.2.1        ┆ np2py312h2ed9cc7_15   ┆ robostack-stagi
 │ │ ng ┆  70.03 KiB │
 │ │ │ ros-humble-visualization-msgs                     ┆                                              ┆ 4.9.1        ┆ np2py312h2ed9cc7_15   ┆ robostack-stagi
 │ │ ng ┆ 292.22 KiB │
 │ │ │ ros-humble-yaml-cpp-vendor                        ┆                                              ┆ 8.0.2        ┆ np2py312h2ed9cc7_15   ┆ robostack-stagi
 │ │ ng ┆  22.83 KiB │
 │ │ │ sdl2                                              ┆                                              ┆ 2.32.56      ┆ h54a6638_0            ┆ conda-forge    
 │ │    ┆ 575.34 KiB │
 │ │ │ sdl3                                              ┆                                              ┆ 3.4.16       ┆ h5330f5c_0            ┆ conda-forge    
 │ │    ┆   2.05 MiB │
 │ │ │ setuptools                                        ┆                                              ┆ 84.0.0       ┆ pyh332efcf_0          ┆ conda-forge    
 │ │    ┆ 512.20 KiB │
 │ │ │ shaderc                                           ┆                                              ┆ 2026.2       ┆ h718be3e_0            ┆ conda-forge    
 │ │    ┆ 111.02 KiB │
 │ │ │ sip                                               ┆                                              ┆ 6.10.0       ┆ py312h1289d80_1       ┆ conda-forge    
 │ │    ┆ 664.93 KiB │
 │ │ │ six                                               ┆                                              ┆ 1.17.0       ┆ pyhe01879c_1          ┆ conda-forge    
 │ │    ┆  18.02 KiB │
 │ │ │ snappy                                            ┆                                              ┆ 1.2.2        ┆ h03e3b7b_1            ┆ conda-forge    
 │ │    ┆  44.75 KiB │
 │ │ │ spdlog                                            ┆                                              ┆ 1.17.0       ┆ hb6aa676_2            ┆ conda-forge    
 │ │    ┆ 192.81 KiB │
 │ │ │ spirv-tools                                       ┆                                              ┆ 2026.3       ┆ h7148c6a_1            ┆ conda-forge    
 │ │    ┆   2.27 MiB │
 │ │ │ sqlite                                            ┆                                              ┆ 3.53.4       ┆ h9ffa6c4_1            ┆ conda-forge    
 │ │    ┆ 200.87 KiB │
 │ │ │ suitesparse                                       ┆                                              ┆ 7.10.1       ┆ ha0f6916_7100102      ┆ conda-forge    
 │ │    ┆  11.99 KiB │
 │ │ │ svt-av1                                           ┆                                              ┆ 4.0.1        ┆ hecca717_0            ┆ conda-forge    
 │ │    ┆   2.50 MiB │
 │ │ │ tbb                                               ┆                                              ┆ 2023.1.0     ┆ hfd44327_0            ┆ conda-forge    
 │ │    ┆ 182.90 KiB │
 │ │ │ tbb-devel                                         ┆                                              ┆ 2023.1.0     ┆ hfd44327_0            ┆ conda-forge    
 │ │    ┆   1.10 MiB │
 │ │ │ tinyxml2                                          ┆                                              ┆ 11.0.0       ┆ h3f2d84a_0            ┆ conda-forge    
 │ │    ┆ 128.27 KiB │
 │ │ │ tk                                                ┆                                              ┆ 8.6.13       ┆ noxft_h1df4ec4_4      ┆ conda-forge    
 │ │    ┆   3.40 MiB │
 │ │ │ toml                                              ┆                                              ┆ 0.10.2       ┆ pyhcf101f3_3          ┆ conda-forge    
 │ │    ┆  23.45 KiB │
 │ │ │ tomli                                             ┆                                              ┆ 2.4.1        ┆ pyhcf101f3_0          ┆ conda-forge    
 │ │    ┆  21.06 KiB │
 │ │ │ typing_extensions                                 ┆                                              ┆ 4.16.0       ┆ pyhcf101f3_0          ┆ conda-forge    
 │ │    ┆  51.40 KiB │
 │ │ │ tzdata                                            ┆                                              ┆ 2026c        ┆ h151e31d_0            ┆ conda-forge    
 │ │    ┆ 116.06 KiB │
 │ │ │ unicodedata2                                      ┆                                              ┆ 17.0.1       ┆ py312h5cc1888_1       ┆ conda-forge    
 │ │    ┆ 404.32 KiB │
 │ │ │ utfcpp                                            ┆                                              ┆ 4.09         ┆ ha770c72_0            ┆ conda-forge    
 │ │    ┆  13.89 KiB │
 │ │ │ viskores                                          ┆                                              ┆ 1.1.1        ┆ cpu_hc82bd48_1        ┆ conda-forge    
 │ │    ┆  23.96 MiB │
 │ │ │ vtk                                               ┆                                              ┆ 9.5.2        ┆ py312h244374b_7       ┆ conda-forge    
 │ │    ┆  24.99 KiB │
 │ │ │ vtk-base                                          ┆                                              ┆ 9.5.2        ┆ py312h6fba518_7       ┆ conda-forge    
 │ │    ┆  65.69 MiB │
 │ │ │ vtk-io-ffmpeg                                     ┆                                              ┆ 9.5.2        ┆ py312hcdbd8b1_7       ┆ conda-forge    
 │ │    ┆ 105.84 KiB │
 │ │ │ wayland                                           ┆                                              ┆ 1.26.0       ┆ hc1c935e_2            ┆ conda-forge    
 │ │    ┆ 332.09 KiB │
 │ │ │ wayland-protocols                                 ┆                                              ┆ 1.49         ┆ hd8ed1ab_0            ┆ conda-forge    
 │ │    ┆ 144.49 KiB │
 │ │ │ wheel                                             ┆                                              ┆ 0.48.0       ┆ pyhd8ed1ab_0          ┆ conda-forge    
 │ │    ┆  33.72 KiB │
 │ │ │ wslink                                            ┆                                              ┆ 2.5.7        ┆ pyhd8ed1ab_0          ┆ conda-forge    
 │ │    ┆  35.94 KiB │
 │ │ │ x264                                              ┆                                              ┆ 1!164.3095   ┆ h7cc23a3_3            ┆ conda-forge    
 │ │    ┆ 690.57 KiB │
 │ │ │ x265                                              ┆                                              ┆ 3.5          ┆ h73f68a7_4            ┆ conda-forge    
 │ │    ┆   2.13 MiB │
 │ │ │ xcb-util                                          ┆                                              ┆ 0.4.1        ┆ h4f16b4b_2            ┆ conda-forge    
 │ │    ┆  20.29 KiB │
 │ │ │ xcb-util-cursor                                   ┆                                              ┆ 0.1.6        ┆ hb03c661_0            ┆ conda-forge    
 │ │    ┆  20.34 KiB │
 │ │ │ xcb-util-image                                    ┆                                              ┆ 0.4.0        ┆ hb711507_2            ┆ conda-forge    
 │ │    ┆  23.98 KiB │
 │ │ │ xcb-util-keysyms                                  ┆                                              ┆ 0.4.1        ┆ hb711507_0            ┆ conda-forge    
 │ │    ┆  13.98 KiB │
 │ │ │ xcb-util-renderutil                               ┆                                              ┆ 0.3.10       ┆ hb711507_0            ┆ conda-forge    
 │ │    ┆  16.58 KiB │
 │ │ │ xcb-util-wm                                       ┆                                              ┆ 0.4.2        ┆ hb711507_0            ┆ conda-forge    
 │ │    ┆  50.48 KiB │
 │ │ │ xkeyboard-config                                  ┆                                              ┆ 2.48         ┆ h280c20c_0            ┆ conda-forge    
 │ │    ┆ 431.32 KiB │
 │ │ │ xorg-libice                                       ┆                                              ┆ 1.1.2        ┆ h280c20c_0            ┆ conda-forge    
 │ │    ┆  61.05 KiB │
 │ │ │ xorg-libsm                                        ┆                                              ┆ 1.2.6        ┆ h0d788c3_1            ┆ conda-forge    
 │ │    ┆  30.02 KiB │
 │ │ │ xorg-libx11                                       ┆                                              ┆ 1.8.13       ┆ he1eb515_1            ┆ conda-forge    
 │ │    ┆ 819.90 KiB │
 │ │ │ xorg-libxau                                       ┆                                              ┆ 1.0.12       ┆ h7cc23a3_2            ┆ conda-forge    
 │ │    ┆  18.35 KiB │
 │ │ │ xorg-libxcomposite                                ┆                                              ┆ 0.4.7        ┆ hb03c661_0            ┆ conda-forge    
 │ │    ┆  14.08 KiB │
 │ │ │ xorg-libxcursor                                   ┆                                              ┆ 1.2.3        ┆ hb9d3cd8_0            ┆ conda-forge    
 │ │    ┆  31.77 KiB │
 │ │ │ xorg-libxdamage                                   ┆                                              ┆ 1.1.6        ┆ hb9d3cd8_0            ┆ conda-forge    
 │ │    ┆  12.91 KiB │
 │ │ │ xorg-libxdmcp                                     ┆                                              ┆ 1.1.5        ┆ hb03c661_2            ┆ conda-forge    
 │ │    ┆  20.62 KiB │
 │ │ │ xorg-libxext                                      ┆                                              ┆ 1.3.7        ┆ h7cc23a3_1            ┆ conda-forge    
 │ │    ┆  51.88 KiB │
 │ │ │ xorg-libxfixes                                    ┆                                              ┆ 6.0.2        ┆ h7cc23a3_1            ┆ conda-forge    
 │ │    ┆  20.94 KiB │
 │ │ │ xorg-libxi                                        ┆                                              ┆ 1.8.3        ┆ h7cc23a3_1            ┆ conda-forge    
 │ │    ┆  48.01 KiB │
 │ │ │ xorg-libxrandr                                    ┆                                              ┆ 1.5.5        ┆ h7cc23a3_1            ┆ conda-forge    
 │ │    ┆  30.38 KiB │
 │ │ │ xorg-libxrender                                   ┆                                              ┆ 0.9.12       ┆ hb03c661_1            ┆ conda-forge    
 │ │    ┆  33.83 KiB │
 │ │ │ xorg-libxscrnsaver                                ┆                                              ┆ 1.2.4        ┆ hb9d3cd8_0            ┆ conda-forge    
 │ │    ┆  14.07 KiB │
 │ │ │ xorg-libxshmfence                                 ┆                                              ┆ 1.3.3        ┆ hb9d3cd8_0            ┆ conda-forge    
 │ │    ┆  12.01 KiB │
 │ │ │ xorg-libxtst                                      ┆                                              ┆ 1.2.5        ┆ h7cc23a3_4            ┆ conda-forge    
 │ │    ┆  34.23 KiB │
 │ │ │ xorg-libxxf86vm                                   ┆                                              ┆ 1.1.7        ┆ hb03c661_0            ┆ conda-forge    
 │ │    ┆  18.26 KiB │
 │ │ │ xorg-xorgproto                                    ┆                                              ┆ 2025.1       ┆ hebe6cf0_3            ┆ conda-forge    
 │ │    ┆ 582.36 KiB │
 │ │ │ yaml                                              ┆                                              ┆ 0.2.5        ┆ hebe6cf0_3            ┆ conda-forge    
 │ │    ┆  82.95 KiB │
 │ │ │ yaml-cpp                                          ┆                                              ┆ 0.8.0        ┆ h54a6638_1            ┆ conda-forge    
 │ │    ┆ 236.97 KiB │
 │ │ │ yarl                                              ┆                                              ┆ 1.24.5       ┆ py312h8a5da7c_0       ┆ conda-forge    
 │ │    ┆ 167.27 KiB │
 │ │ │ zfp                                               ┆                                              ┆ 1.0.1        ┆ h79e284d_6            ┆ conda-forge    
 │ │    ┆ 257.10 KiB │
 │ │ │ zipp                                              ┆                                              ┆ 4.1.0        ┆ pyhcf101f3_0          ┆ conda-forge    
 │ │    ┆  23.62 KiB │
 │ │ │ zlib                                              ┆                                              ┆ 1.3.2        ┆ h25fd6f3_3            ┆ conda-forge    
 │ │    ┆  93.88 KiB │
 │ │ │ zlib-ng                                           ┆                                              ┆ 2.3.3        ┆ hce19668_1            ┆ conda-forge    
 │ │    ┆ 121.05 KiB │
 │ │ │ zstd                                              ┆                                              ┆ 1.5.7        ┆ hb78ec9c_7            ┆ conda-forge    
 │ │    ┆ 587.21 KiB │
 │ │ ╰───────────────────────────────────────────────────┴──────────────────────────────────────────────┴──────────────┴───────────────────────┴────────────────
 │ │ ───┴────────────╯
 │ │ 
 │ │ Run dependencies:
 │ │ ╭────────────────────────────────┬────────────────────────────────────────────────────╮
 │ │ │ Name                           ┆ Spec                                               │
 │ │ ╞════════════════════════════════╪════════════════════════════════════════════════════╡
 │ │ │ Run dependencies               ┆                                                    │
 │ │ │ __glibc                        ┆ >=2.17,<3.0.a0 (RE of [build: sysroot_linux-64])   │
 │ │ │ libgcc                         ┆ >=14 (RE of [build: gxx_linux-64])                 │
 │ │ │                                ┆ >=14 (RE of [build: gcc_linux-64])                 │
 │ │ │ libstdcxx                      ┆ >=14 (RE of [build: gxx_linux-64])                 │
 │ │ │ numpy                          ┆ >=1.25,<3 (RE of [host: numpy])                    │
 │ │ │ python                         ┆ *                                                  │
 │ │ │ python_abi                     ┆ 3.12.* *_cp312 (RE of [host: python])              │
 │ │ │ ros-humble-cv-bridge           ┆ *                                                  │
 │ │ │ ros-humble-grid-map-ros        ┆ *                                                  │
 │ │ │ ros-humble-image-geometry      ┆ *                                                  │
 │ │ │ ros-humble-image-transport     ┆ *                                                  │
 │ │ │ ros-humble-laser-geometry      ┆ *                                                  │
 │ │ │ ros-humble-message-filters     ┆ *                                                  │
 │ │ │ ros-humble-nav-msgs            ┆ *                                                  │
 │ │ │ ros-humble-octomap-msgs        ┆ *                                                  │
 │ │ │ ros-humble-pcl-conversions     ┆ *                                                  │
 │ │ │ ros-humble-pcl-ros             ┆ *                                                  │
 │ │ │ ros-humble-rclcpp              ┆ *                                                  │
 │ │ │ ros-humble-rclcpp-components   ┆ *                                                  │
 │ │ │ ros-humble-ros-workspace       ┆ *                                                  │
 │ │ │ ros-humble-rtabmap-conversions ┆ *                                                  │
 │ │ │ ros-humble-rtabmap-msgs        ┆ *                                                  │
 │ │ │ ros-humble-rtabmap-sync        ┆ *                                                  │
 │ │ │ ros-humble-sensor-msgs         ┆ *                                                  │
 │ │ │ ros-humble-std-msgs            ┆ *                                                  │
 │ │ │ ros-humble-stereo-msgs         ┆ *                                                  │
 │ │ │ ros-humble-tf2                 ┆ *                                                  │
 │ │ │ ros-humble-tf2-geometry-msgs   ┆ *                                                  │
 │ │ │ ros-humble-tf2-ros             ┆ *                                                  │
 │ │ │ ros2-distro-mutex              ┆ 0.8.* humble_*                                     │
 │ │ │                                ┆ >=0.8.0,<0.9.0a0 (RE of [host: ros2-distro-mutex]) │
 │ │ ╰────────────────────────────────┴────────────────────────────────────────────────────╯
 │ │ 
 │ │ ⚠ warning Warnings:
 │ │ ⚠ warning Overlinking against "lib/librcutils.so" for "lib/rtabmap_util/rgbd_split"
 │ │ ⚠ warning Overlinking against "lib/librcutils.so" for "lib/rtabmap_util/point_cloud_xyzrgb"
 │ │ ⚠ warning Overlinking against "lib/librcutils.so" for "lib/rtabmap_util/point_cloud_aggregator"
 │ │ ⚠ warning Overlinking against "lib/librcutils.so" for "lib/rtabmap_util/rgbd_relay"
 │ │ ⚠ warning Overlinking against "lib/librcutils.so" for "lib/rtabmap_util/point_cloud_xyz"
 │ │ ⚠ warning Overlinking against "lib/librtabmap_utilite.so.0.22.1" for "lib/rtabmap_util/disparity_to_depth"
 │ │ ⚠ warning Overlinking against "lib/librcutils.so" for "lib/rtabmap_util/disparity_to_depth"
 │ │ ⚠ warning Overlinking against "lib/libtf2_msgs__rosidl_typesupport_cpp.so" for "lib/librtabmap_util_plugins.so"
 │ │ ⚠ warning Overlinking against "lib/libopencv_core.so.4.13.0" for "lib/librtabmap_util_plugins.so"
 │ │ ⚠ warning Overlinking against "lib/liblibstatistics_collector.so" for "lib/librtabmap_util_plugins.so"
 │ │ ⚠ warning Overlinking against "lib/libtracetools.so" for "lib/librtabmap_util_plugins.so"
 │ │ ⚠ warning Overlinking against "lib/libclass_loader.so" for "lib/librtabmap_util_plugins.so"
 │ │ ⚠ warning Overlinking against "lib/librcl.so" for "lib/librtabmap_util_plugins.so"
 │ │ ⚠ warning Overlinking against "lib/libpcl_common.so.1.15.1" for "lib/librtabmap_util_plugins.so"
 │ │ ⚠ warning Overlinking against "lib/librmw.so" for "lib/librtabmap_util_plugins.so"
 │ │ ⚠ warning Overlinking against "lib/librtabmap_core.so.0.22.1" for "lib/librtabmap_util_plugins.so"
 │ │ ⚠ warning Overlinking against "lib/liboctomap.so.1.10.0" for "lib/librtabmap_util_plugins.so"
 │ │ ⚠ warning Overlinking against "lib/librtabmap_utilite.so.0.22.1" for "lib/librtabmap_util_plugins.so"
 │ │ ⚠ warning Overlinking against "lib/libstd_srvs__rosidl_typesupport_cpp.so" for "lib/librtabmap_util_plugins.so"
 │ │ ⚠ warning Overlinking against "lib/librcutils.so" for "lib/librtabmap_util_plugins.so"
 │ │ ⚠ warning Overlinking against "lib/libconsole_bridge.so.1.0" for "lib/librtabmap_util_plugins.so"
 │ │ ⚠ warning Overlinking against "lib/libpcl_filters.so.1.15.1" for "lib/librtabmap_util_plugins.so"
 │ │ ⚠ warning Overlinking against "lib/libstatistics_msgs__rosidl_typesupport_cpp.so" for "lib/librtabmap_util_plugins.so"
 │ │ ⚠ warning Overlinking against "lib/librcutils.so" for "lib/rtabmap_util/obstacles_detection"
 │ │ ⚠ warning Overlinking against "lib/librtabmap_core.so.0.22.1" for "lib/rtabmap_util/obstacles_detection"
 │ │ ⚠ warning Overlinking against "lib/librtabmap_utilite.so.0.22.1" for "lib/rtabmap_util/point_cloud_assembler"
 │ │ ⚠ warning Overlinking against "lib/librcutils.so" for "lib/rtabmap_util/point_cloud_assembler"
 │ │ ⚠ warning Overlinking against "lib/librcutils.so" for "lib/rtabmap_util/pointcloud_to_depthimage"
 │ │ ⚠ warning Overlinking against "lib/librtabmap_utilite.so.0.22.1" for "lib/rtabmap_util/pointcloud_to_depthimage"
 │ │ ⚠ warning Overlinking against "lib/librtabmap_utilite.so.0.22.1" for "lib/rtabmap_util/lidar_deskewing"
 │ │ ⚠ warning Overlinking against "lib/librcutils.so" for "lib/rtabmap_util/lidar_deskewing"
 │ │ ⚠ warning Overlinking against "lib/librcutils.so" for "lib/rtabmap_util/map_assembler"
 │ │ ⚠ warning Overlinking against "lib/librtabmap_utilite.so.0.22.1" for "lib/rtabmap_util/map_assembler"
 │ │ ⚠ warning Overlinking against "lib/librtabmap_core.so.0.22.1" for "lib/rtabmap_util/map_assembler"
 │ │ ⚠ warning Overlinking against "lib/librcutils.so" for "lib/rtabmap_util/imu_to_tf"
 │ │ ⚠ warning Overlinking against "lib/librtabmap_utilite.so.0.22.1" for "lib/rtabmap_util/imu_to_tf"
 │ │ Artifact: /home/ubuntu/work/output/linux-64/ros-humble-rtabmap-util-0.22.1-np2py312h2ed9cc7_18.conda (1.11 MiB)
 │ │
 │ ╰─────────────────── (took 0 seconds)
 │
 ╰─────────────────── (took 0 seconds)
