 rattler-build 0.76.0
 No configuration file loaded
 Processing recipe at path: /home/ubuntu/work/ros-humble/recipes/ros-humble-rtabmap/recipe.yaml

 ╭─ Finding outputs from recipe
 │ Loading variant config from: conda_build_config.yaml
 │ Found 1 variants
 │ 
 │ Build variant: ros-humble-rtabmap-0.22.1-np2py312h2ed9cc7_18
 │ 
 │ ╭──────────────────────┬────────────────────╮
 │ │ Variant              ┆ Version            │
 │ ╞══════════════════════╪════════════════════╡
 │ │ build_platform       ┆ "linux-64"         │
 │ │ c_compiler           ┆ "gcc"              │
 │ │ c_compiler_version   ┆ "14"               │
 │ │ c_stdlib             ┆ "sysroot"          │
 │ │ c_stdlib_version     ┆ "2.17"             │
 │ │ cmake                ┆ "3.*"              │
 │ │ cxx_compiler         ┆ "gxx"              │
 │ │ cxx_compiler_version ┆ "14"               │
 │ │ numpy                ┆ "2"                │
 │ │ python               ┆ "3.12.* *_cpython" │
 │ │ target_platform      ┆ "linux-64"         │
 │ ╰──────────────────────┴────────────────────╯
 │
 ╰─────────────────── (took 0 seconds)
 Starting build of 1 outputs

 ╭─ Running build for recipe: ros-humble-rtabmap-0.22.1-np2py312h2ed9cc7_18
 │
 │ ╭─ Fetching source code
 │ │ Fetching source from git repo: https://github.com/ros2-gbp/rtabmap-release.git
 │ │ Found git source in cache: /home/ubuntu/work/output/src_cache/git/checkouts/7ff4408bbb6658d0/fd70a14
 │ │
 │ ╰─────────────────── (took 0 seconds)
 │
 │ ╭─ Resolving build environment
 │ │   Platform: linux-64 [__unix=0=0, __linux=6.8.0=0, __glibc=2.35=0, __archspec=1=icelake]
 │ │   Channels: 
 │ │    - file:///home/ubuntu/work/output/
 │ │    - https://prefix.dev/conda-forge/
 │ │    - robostack-staging
 │ │   Specs:
 │ │    - gxx_linux-64 14.*
 │ │    - gcc_linux-64 14.*
 │ │    - sysroot_linux-64 2.17.*
 │ │    - ninja
 │ │    - python 3.12.* *_cpython
 │ │    - setuptools
 │ │    - git
 │ │    - git-lfs
 │ │    - patch
 │ │    - make
 │ │    - coreutils
 │ │    - cmake 3.*
 │ │    - cython
 │ │ 
 │ │ ╭──────────────────────────┬──────────────┬──────────────────────┬─────────────┬────────────╮
 │ │ │ Package                  ┆ Version      ┆ Build                ┆ Channel     ┆       Size │
 │ │ ╞══════════════════════════╪══════════════╪══════════════════════╪═════════════╪════════════╡
 │ │ │ _openmp_mutex            ┆ 4.5          ┆ 20_gnu               ┆ conda-forge ┆  28.27 KiB │
 │ │ │ binutils_impl_linux-64   ┆ 2.46.1       ┆ default_hfdba357_102 ┆ conda-forge ┆   3.54 MiB │
 │ │ │ binutils_linux-64        ┆ 2.46.1       ┆ default_h4852527_102 ┆ conda-forge ┆  35.49 KiB │
 │ │ │ bzip2                    ┆ 1.0.8        ┆ hda65f42_10          ┆ conda-forge ┆ 251.77 KiB │
 │ │ │ c-ares                   ┆ 1.34.8       ┆ hebe6cf0_2           ┆ conda-forge ┆ 223.34 KiB │
 │ │ │ ca-certificates          ┆ 2026.7.22    ┆ hbd8a1cb_0           ┆ conda-forge ┆ 128.69 KiB │
 │ │ │ cmake                    ┆ 3.31.8       ┆ hc85cc9f_0           ┆ conda-forge ┆  20.02 MiB │
 │ │ │ coreutils                ┆ 9.11         ┆ h280c20c_0           ┆ conda-forge ┆   3.27 MiB │
 │ │ │ cython                   ┆ 3.3.0        ┆ py312h03570ca_0      ┆ conda-forge ┆   3.83 MiB │
 │ │ │ gcc_impl_linux-64        ┆ 14.4.0       ┆ heaf7ae8_4           ┆ conda-forge ┆  73.68 MiB │
 │ │ │ gcc_linux-64             ┆ 14.4.0       ┆ hc469d41_1           ┆ conda-forge ┆  29.09 KiB │
 │ │ │ git                      ┆ 2.55.0       ┆ pl5321h3795e67_2     ┆ conda-forge ┆  11.23 MiB │
 │ │ │ git-lfs                  ┆ 3.8.0        ┆ h2c09266_0           ┆ conda-forge ┆   4.83 MiB │
 │ │ │ gxx_impl_linux-64        ┆ 14.4.0       ┆ hc436dd5_4           ┆ conda-forge ┆  15.13 MiB │
 │ │ │ gxx_linux-64             ┆ 14.4.0       ┆ he93183a_1           ┆ conda-forge ┆  27.50 KiB │
 │ │ │ icu                      ┆ 78.3         ┆ py310h44b86e0_2      ┆ conda-forge ┆  13.79 MiB │
 │ │ │ kernel-headers_linux-64  ┆ 3.10.0       ┆ he073ed8_18          ┆ conda-forge ┆ 921.37 KiB │
 │ │ │ keyutils                 ┆ 1.6.3        ┆ h7cc23a3_1           ┆ conda-forge ┆ 132.12 KiB │
 │ │ │ krb5                     ┆ 1.22.2       ┆ hbc21106_2           ┆ conda-forge ┆   1.33 MiB │
 │ │ │ ld_impl_linux-64         ┆ 2.46.1       ┆ default_hbd61a6d_102 ┆ conda-forge ┆ 727.83 KiB │
 │ │ │ libcurl                  ┆ 8.22.0       ┆ ha042cf0_0           ┆ conda-forge ┆ 487.94 KiB │
 │ │ │ libedit                  ┆ 3.1.20250104 ┆ pl5321h373387f_1     ┆ conda-forge ┆ 131.93 KiB │
 │ │ │ libev                    ┆ 4.33         ┆ h280c20c_3           ┆ conda-forge ┆  42.21 KiB │
 │ │ │ libexpat                 ┆ 2.8.1        ┆ hecca717_1           ┆ conda-forge ┆  76.03 KiB │
 │ │ │ libffi                   ┆ 3.7.0        ┆ h81df57d_1           ┆ conda-forge ┆  66.41 KiB │
 │ │ │ libgcc                   ┆ 16.2.0       ┆ ha9f2e26_4           ┆ conda-forge ┆   1.01 MiB │
 │ │ │ libgcc-devel_linux-64    ┆ 14.4.0       ┆ hd9a9cd0_104         ┆ conda-forge ┆   2.95 MiB │
 │ │ │ libgomp                  ┆ 16.2.0       ┆ he0feb66_4           ┆ conda-forge ┆ 624.97 KiB │
 │ │ │ libiconv                 ┆ 1.18         ┆ h0cb94f2_3           ┆ conda-forge ┆ 770.97 KiB │
 │ │ │ liblzma                  ┆ 5.8.3        ┆ hb03c661_1           ┆ conda-forge ┆ 110.35 KiB │
 │ │ │ libnghttp2               ┆ 1.68.1       ┆ h74cf4be_1           ┆ conda-forge ┆ 634.74 KiB │
 │ │ │ libnsl                   ┆ 2.0.1        ┆ hb9d3cd8_1           ┆ conda-forge ┆  32.94 KiB │
 │ │ │ libpsl                   ┆ 0.23.1       ┆ hd9e3e90_1           ┆ conda-forge ┆  70.82 KiB │
 │ │ │ libpython                ┆ 3.12.14      ┆ h0c77377_3_cpython   ┆ conda-forge ┆   8.36 MiB │
 │ │ │ libsanitizer             ┆ 14.4.0       ┆ hf39dbba_4           ┆ conda-forge ┆   7.15 MiB │
 │ │ │ libsqlite                ┆ 3.53.4       ┆ h13e7031_1           ┆ conda-forge ┆ 951.51 KiB │
 │ │ │ libssh2                  ┆ 1.11.1       ┆ h6154650_1           ┆ conda-forge ┆ 298.87 KiB │
 │ │ │ libstdcxx                ┆ 16.2.0       ┆ h934c35e_4           ┆ conda-forge ┆   6.31 MiB │
 │ │ │ libstdcxx-devel_linux-64 ┆ 14.4.0       ┆ ha5b54cb_104         ┆ conda-forge ┆  19.47 MiB │
 │ │ │ libuuid                  ┆ 2.42.3       ┆ hcfc3c73_0           ┆ conda-forge ┆  39.06 KiB │
 │ │ │ libuv                    ┆ 1.52.1       ┆ h280c20c_1           ┆ conda-forge ┆ 410.20 KiB │
 │ │ │ libxcrypt                ┆ 4.4.38       ┆ h280c20c_0           ┆ conda-forge ┆  99.57 KiB │
 │ │ │ libzlib                  ┆ 1.3.2        ┆ h25fd6f3_3           ┆ conda-forge ┆  62.22 KiB │
 │ │ │ make                     ┆ 4.4.1        ┆ hb03c661_3           ┆ conda-forge ┆ 498.73 KiB │
 │ │ │ ncurses                  ┆ 6.6          ┆ hdb14827_1           ┆ conda-forge ┆ 889.84 KiB │
 │ │ │ ninja                    ┆ 1.13.2       ┆ h171cf75_1           ┆ conda-forge ┆ 182.39 KiB │
 │ │ │ openssl                  ┆ 3.6.4        ┆ h781a0a9_0           ┆ conda-forge ┆   3.05 MiB │
 │ │ │ patch                    ┆ 2.8          ┆ h280c20c_1003        ┆ conda-forge ┆ 107.65 KiB │
 │ │ │ pcre2                    ┆ 10.47        ┆ h8b3dc9c_1           ┆ conda-forge ┆   1.16 MiB │
 │ │ │ perl                     ┆ 5.32.1       ┆ 9_h7cc23a3_perl5     ┆ conda-forge ┆  12.76 MiB │
 │ │ │ python                   ┆ 3.12.14      ┆ h5f976f7_3_cpython   ┆ conda-forge ┆  21.98 MiB │
 │ │ │ python_abi               ┆ 3.12         ┆ 9_cp312              ┆ conda-forge ┆   6.59 KiB │
 │ │ │ readline                 ┆ 8.3          ┆ hd6e31c0_1           ┆ conda-forge ┆ 340.72 KiB │
 │ │ │ rhash                    ┆ 1.4.6        ┆ hb03c661_2           ┆ conda-forge ┆ 190.42 KiB │
 │ │ │ setuptools               ┆ 84.0.0       ┆ pyh332efcf_0         ┆ conda-forge ┆ 512.20 KiB │
 │ │ │ sysroot_linux-64         ┆ 2.17         ┆ h0157908_18          ┆ conda-forge ┆  14.46 MiB │
 │ │ │ tk                       ┆ 8.6.13       ┆ noxft_h1df4ec4_4     ┆ conda-forge ┆   3.40 MiB │
 │ │ │ tzdata                   ┆ 2026c        ┆ h151e31d_0           ┆ conda-forge ┆ 116.06 KiB │
 │ │ │ zstd                     ┆ 1.5.7        ┆ hb78ec9c_7           ┆ conda-forge ┆ 587.21 KiB │
 │ │ ╰──────────────────────────┴──────────────┴──────────────────────┴─────────────┴────────────╯
 │ │
 │ ╰─────────────────── (took 1 second)
 │
 │ ╭─ Resolving host environment
 │ │   Platform: linux-64 [__unix=0=0, __linux=6.8.0=0, __glibc=2.35=0, __archspec=1=icelake]
 │ │   Channels: 
 │ │    - file:///home/ubuntu/work/output/
 │ │    - https://prefix.dev/conda-forge/
 │ │    - robostack-staging
 │ │   Specs:
 │ │    - pkg-config
 │ │    - libboost-devel
 │ │    - libgl-devel
 │ │    - libopengl-devel
 │ │    - numpy 2.*
 │ │    - octomap
 │ │    - pcl
 │ │    - pip
 │ │    - proj
 │ │    - python 3.12.* *_cpython
 │ │    - ros-humble-cv-bridge
 │ │    - ros-humble-gtsam
 │ │    - ros-humble-libg2o
 │ │    - ros-humble-qt-gui-cpp
 │ │    - ros-humble-ros-environment
 │ │    - ros-humble-ros-workspace
 │ │    - ros2-distro-mutex 0.8.* humble_*
 │ │    - sqlite 3.*
 │ │    - vtk-base
 │ │    - zlib
 │ │    - libgcc >=14
 │ │    - __glibc >=2.17,<3.0.a0
 │ │    - libstdcxx >=14
 │ │    - libgcc >=14
 │ │ 
 │ │ ╭───────────────────────────────────────────────────┬──────────────┬───────────────────────┬───────────────────┬────────────╮
 │ │ │ Package                                           ┆ Version      ┆ Build                 ┆ Channel           ┆       Size │
 │ │ ╞═══════════════════════════════════════════════════╪══════════════╪═══════════════════════╪═══════════════════╪════════════╡
 │ │ │ _openmp_mutex                                     ┆ 4.5          ┆ 20_gnu                ┆ conda-forge       ┆  28.27 KiB │
 │ │ │ _x86_64-microarch-level                           ┆ 4            ┆ 5_level4              ┆ conda-forge       ┆   9.20 KiB │
 │ │ │ aiohappyeyeballs                                  ┆ 2.7.1        ┆ pyhd8ed1ab_0          ┆ conda-forge       ┆  24.11 KiB │
 │ │ │ aiohttp                                           ┆ 3.14.3       ┆ py312h5d8c7f2_0       ┆ conda-forge       ┆   1.04 MiB │
 │ │ │ aiosignal                                         ┆ 1.4.0        ┆ pyhd8ed1ab_0          ┆ conda-forge       ┆  13.37 KiB │
 │ │ │ alsa-lib                                          ┆ 1.2.16.1     ┆ h7cc23a3_1            ┆ conda-forge       ┆ 581.04 KiB │
 │ │ │ aom                                               ┆ 3.9.1        ┆ hac33072_0            ┆ conda-forge       ┆   2.58 MiB │
 │ │ │ argcomplete                                       ┆ 3.7.2        ┆ pyhcf101f3_0          ┆ conda-forge       ┆  46.04 KiB │
 │ │ │ attr                                              ┆ 2.5.2        ┆ hb03c661_1            ┆ conda-forge       ┆  30.65 KiB │
 │ │ │ attrs                                             ┆ 26.1.0       ┆ pyhcf101f3_0          ┆ conda-forge       ┆  63.41 KiB │
 │ │ │ blas-devel                                        ┆ 3.11.0       ┆ 11_h1ea3ea9_openblas  ┆ conda-forge       ┆  17.74 KiB │
 │ │ │ blosc                                             ┆ 1.21.6       ┆ he440d0b_1            ┆ conda-forge       ┆  47.29 KiB │
 │ │ │ brotli                                            ┆ 1.2.0        ┆ h505cf86_4            ┆ conda-forge       ┆  20.19 KiB │
 │ │ │ brotli-bin                                        ┆ 1.2.0        ┆ h9908984_4            ┆ conda-forge       ┆  21.09 KiB │
 │ │ │ bzip2                                             ┆ 1.0.8        ┆ hda65f42_10           ┆ conda-forge       ┆ 251.77 KiB │
 │ │ │ c-ares                                            ┆ 1.34.8       ┆ hebe6cf0_2            ┆ conda-forge       ┆ 223.34 KiB │
 │ │ │ ca-certificates                                   ┆ 2026.7.22    ┆ hbd8a1cb_0            ┆ conda-forge       ┆ 128.69 KiB │
 │ │ │ cairo                                             ┆ 1.18.4       ┆ h3c89d7e_3            ┆ conda-forge       ┆ 967.78 KiB │
 │ │ │ catkin_pkg                                        ┆ 1.1.1        ┆ pyhd8ed1ab_0          ┆ conda-forge       ┆  53.61 KiB │
 │ │ │ cli11                                             ┆ 2.7.2        ┆ h54a6638_1            ┆ conda-forge       ┆ 100.81 KiB │
 │ │ │ cmake                                             ┆ 4.2.3        ┆ hc85cc9f_1            ┆ conda-forge       ┆  21.30 MiB │
 │ │ │ colorama                                          ┆ 0.4.6        ┆ pyhd8ed1ab_1          ┆ conda-forge       ┆  26.38 KiB │
 │ │ │ console_bridge                                    ┆ 1.0.2        ┆ h924138e_1            ┆ conda-forge       ┆  18.03 KiB │
 │ │ │ contourpy                                         ┆ 1.4.0        ┆ py312h9be0db6_0       ┆ conda-forge       ┆ 320.98 KiB │
 │ │ │ cycler                                            ┆ 0.12.1       ┆ pyhcf101f3_2          ┆ conda-forge       ┆  14.43 KiB │
 │ │ │ cyrus-sasl                                        ┆ 2.1.28       ┆ hd9c7081_0            ┆ conda-forge       ┆ 204.86 KiB │
 │ │ │ dav1d                                             ┆ 1.2.1        ┆ hd590300_0            ┆ conda-forge       ┆ 742.41 KiB │
 │ │ │ dbus                                              ┆ 1.16.2       ┆ he8c428d_2            ┆ conda-forge       ┆ 439.03 KiB │
 │ │ │ docutils                                          ┆ 0.23         ┆ pyhcf101f3_0          ┆ conda-forge       ┆ 448.77 KiB │
 │ │ │ double-conversion                                 ┆ 3.4.0        ┆ hecca717_0            ┆ conda-forge       ┆  70.13 KiB │
 │ │ │ eigen                                             ┆ 3.4.0        ┆ h54a6638_2            ┆ conda-forge       ┆   1.12 MiB │
 │ │ │ eigen-abi                                         ┆ 3.4.0.100    ┆ h3bcb7cf_2            ┆ conda-forge       ┆  12.84 KiB │
 │ │ │ empy                                              ┆ 4.2.1        ┆ pyhcf101f3_0          ┆ conda-forge       ┆  97.08 KiB │
 │ │ │ exceptiongroup                                    ┆ 1.3.1        ┆ pyhd8ed1ab_0          ┆ conda-forge       ┆  20.83 KiB │
 │ │ │ expat                                             ┆ 2.8.1        ┆ hecca717_1            ┆ conda-forge       ┆ 144.33 KiB │
 │ │ │ ffmpeg                                            ┆ 8.1.1        ┆ gpl_hee00b0e_901      ┆ conda-forge       ┆  12.38 MiB │
 │ │ │ flann                                             ┆ 1.9.2        ┆ he1b7b50_6            ┆ conda-forge       ┆   1.90 MiB │
 │ │ │ fmt                                               ┆ 12.1.0       ┆ h76c4fd7_1            ┆ conda-forge       ┆ 194.41 KiB │
 │ │ │ font-ttf-dejavu-sans-mono                         ┆ 2.37         ┆ hab24e00_0            ┆ conda-forge       ┆ 388.06 KiB │
 │ │ │ font-ttf-inconsolata                              ┆ 3.000        ┆ h77eed37_0            ┆ conda-forge       ┆  94.27 KiB │
 │ │ │ font-ttf-source-code-pro                          ┆ 2.038        ┆ h77eed37_0            ┆ conda-forge       ┆ 684.39 KiB │
 │ │ │ font-ttf-ubuntu                                   ┆ 0.83         ┆ h77eed37_3            ┆ conda-forge       ┆   1.55 MiB │
 │ │ │ fontconfig                                        ┆ 2.18.3       ┆ h4db4eae_1            ┆ conda-forge       ┆ 289.34 KiB │
 │ │ │ fonts-conda-ecosystem                             ┆ 1            ┆ 0                     ┆ conda-forge       ┆   3.58 KiB │
 │ │ │ fonts-conda-forge                                 ┆ 1            ┆ hc364b38_1            ┆ conda-forge       ┆   3.96 KiB │
 │ │ │ fonttools                                         ┆ 4.65.0       ┆ py312hfd18d64_0       ┆ conda-forge       ┆   2.97 MiB │
 │ │ │ freeglut                                          ┆ 3.2.2        ┆ h215f996_4            ┆ conda-forge       ┆ 142.73 KiB │
 │ │ │ freetype                                          ┆ 2.14.3       ┆ ha770c72_2            ┆ conda-forge       ┆ 171.13 KiB │
 │ │ │ fribidi                                           ┆ 1.0.16       ┆ h7cc23a3_2            ┆ conda-forge       ┆  60.94 KiB │
 │ │ │ frozenlist                                        ┆ 1.8.0        ┆ py312h447239a_0       ┆ conda-forge       ┆  53.73 KiB │
 │ │ │ gdk-pixbuf                                        ┆ 2.44.8       ┆ h68053f1_2            ┆ conda-forge       ┆ 568.32 KiB │
 │ │ │ geographiclib-cpp                                 ┆ 2.5.2        ┆ hb700be7_0            ┆ conda-forge       ┆ 586.49 KiB │
 │ │ │ gl2ps                                             ┆ 1.4.2        ┆ h36e74d4_2            ┆ conda-forge       ┆  74.06 KiB │
 │ │ │ glew                                              ┆ 2.3.0        ┆ h71661d4_0            ┆ conda-forge       ┆ 481.13 KiB │
 │ │ │ glib                                              ┆ 2.88.3       ┆ h50f8131_4            ┆ conda-forge       ┆  83.59 KiB │
 │ │ │ glib-tools                                        ┆ 2.88.3       ┆ h922ffe4_4            ┆ conda-forge       ┆ 231.32 KiB │
 │ │ │ glslang                                           ┆ 16.6.0       ┆ h980caa0_0            ┆ conda-forge       ┆   1.38 MiB │
 │ │ │ gmock                                             ┆ 1.17.0       ┆ h8e2ec6c_2            ┆ conda-forge       ┆   4.83 KiB │
 │ │ │ gmp                                               ┆ 6.3.0        ┆ hfd2156b_3            ┆ conda-forge       ┆ 481.93 KiB │
 │ │ │ graphite2                                         ┆ 1.3.15       ┆ h54a6638_1            ┆ conda-forge       ┆ 100.42 KiB │
 │ │ │ gst-plugins-base                                  ┆ 1.26.11      ┆ h6d08254_0            ┆ conda-forge       ┆   3.05 MiB │
 │ │ │ gstreamer                                         ┆ 1.26.11      ┆ h29cf534_0            ┆ conda-forge       ┆   2.18 MiB │
 │ │ │ gtest                                             ┆ 1.17.0       ┆ h171cf75_2            ┆ conda-forge       ┆ 441.28 KiB │
 │ │ │ gtsam                                             ┆ 4.2.0        ┆ py312h7f00892_14      ┆ conda-forge       ┆  18.28 MiB │
 │ │ │ harfbuzz                                          ┆ 14.4.0       ┆ ha770c72_1            ┆ conda-forge       ┆  10.85 KiB │
 │ │ │ hdf4                                              ┆ 4.2.15       ┆ h2a13503_7            ┆ conda-forge       ┆ 739.01 KiB │
 │ │ │ hdf5                                              ┆ 1.14.6       ┆ nompi_h19486de_106    ┆ conda-forge       ┆   3.54 MiB │
 │ │ │ icu                                               ┆ 78.3         ┆ py310h44b86e0_2       ┆ conda-forge       ┆  13.79 MiB │
 │ │ │ idna                                              ┆ 3.19         ┆ pyhcf101f3_0          ┆ conda-forge       ┆ 173.27 KiB │
 │ │ │ imath                                             ┆ 3.2.2        ┆ hde8ca8f_0            ┆ conda-forge       ┆ 156.53 KiB │
 │ │ │ importlib-metadata                                ┆ 9.0.1        ┆ pyhcf101f3_0          ┆ conda-forge       ┆  34.10 KiB │
 │ │ │ importlib_resources                               ┆ 7.1.0        ┆ pyhd8ed1ab_0          ┆ conda-forge       ┆  33.99 KiB │
 │ │ │ iniconfig                                         ┆ 2.3.0        ┆ pyhd8ed1ab_0          ┆ conda-forge       ┆  13.07 KiB │
 │ │ │ intel-gmmlib                                      ┆ 22.10.2      ┆ h7148c6a_0            ┆ conda-forge       ┆ 983.40 KiB │
 │ │ │ intel-media-driver                                ┆ 26.1.6       ┆ hecca717_0            ┆ conda-forge       ┆   8.38 MiB │
 │ │ │ jasper                                            ┆ 4.2.9        ┆ hd038ad9_2            ┆ conda-forge       ┆ 707.48 KiB │
 │ │ │ jsoncpp                                           ┆ 1.9.6        ┆ hf42df4d_1            ┆ conda-forge       ┆ 165.13 KiB │
 │ │ │ keyutils                                          ┆ 1.6.3        ┆ h7cc23a3_1            ┆ conda-forge       ┆ 132.12 KiB │
 │ │ │ kiwisolver                                        ┆ 1.5.1        ┆ py312h9be0db6_1       ┆ conda-forge       ┆  73.45 KiB │
 │ │ │ krb5                                              ┆ 1.21.3       ┆ h659f571_0            ┆ conda-forge       ┆   1.31 MiB │
 │ │ │ lame                                              ┆ 3.100        ┆ h166bdaf_1003         ┆ conda-forge       ┆ 496.35 KiB │
 │ │ │ lark-parser                                       ┆ 0.12.0       ┆ pyhd8ed1ab_1          ┆ conda-forge       ┆  84.12 KiB │
 │ │ │ lcms2                                             ┆ 2.19.1       ┆ h9073bf1_3            ┆ conda-forge       ┆ 248.33 KiB │
 │ │ │ ld_impl_linux-64                                  ┆ 2.46.1       ┆ default_hbd61a6d_102  ┆ conda-forge       ┆ 727.83 KiB │
 │ │ │ lerc                                              ┆ 4.2.0        ┆ hdb68285_0            ┆ conda-forge       ┆ 264.80 KiB │
 │ │ │ level-zero                                        ┆ 1.33.1       ┆ h7148c6a_0            ┆ conda-forge       ┆ 762.23 KiB │
 │ │ │ libabseil                                         ┆ 20260107.1   ┆ cxx17_h7b12aa8_0      ┆ conda-forge       ┆   1.32 MiB │
 │ │ │ libaec                                            ┆ 1.1.5        ┆ h088129d_0            ┆ conda-forge       ┆  35.69 KiB │
 │ │ │ libamd                                            ┆ 3.3.3        ┆ haaf9dc3_7100102      ┆ conda-forge       ┆  49.32 KiB │
 │ │ │ libass                                            ┆ 0.17.4       ┆ h96ad9f0_0            ┆ conda-forge       ┆ 148.61 KiB │
 │ │ │ libattr                                           ┆ 2.5.2        ┆ hb03c661_1            ┆ conda-forge       ┆  52.07 KiB │
 │ │ │ libavif16                                         ┆ 1.4.2        ┆ hcfa2d63_0            ┆ conda-forge       ┆ 146.01 KiB │
 │ │ │ libblas                                           ┆ 3.11.0       ┆ 11_h4a7cf45_openblas  ┆ conda-forge       ┆  17.82 KiB │
 │ │ │ libboost                                          ┆ 1.88.0       ┆ hd24cca6_7            ┆ conda-forge       ┆   2.93 MiB │
 │ │ │ libboost-devel                                    ┆ 1.88.0       ┆ hfcd1e18_7            ┆ conda-forge       ┆  39.17 KiB │
 │ │ │ libboost-headers                                  ┆ 1.88.0       ┆ ha770c72_7            ┆ conda-forge       ┆  13.91 MiB │
 │ │ │ libboost-python                                   ┆ 1.88.0       ┆ py312hf890105_7       ┆ conda-forge       ┆ 127.12 KiB │
 │ │ │ libboost-python-devel                             ┆ 1.88.0       ┆ py312h26dfbe5_7       ┆ conda-forge       ┆  18.53 KiB │
 │ │ │ libbrotlicommon                                   ┆ 1.2.0        ┆ h39a168f_4            ┆ conda-forge       ┆  78.67 KiB │
 │ │ │ libbrotlidec                                      ┆ 1.2.0        ┆ ha411449_4            ┆ conda-forge       ┆  33.92 KiB │
 │ │ │ libbrotlienc                                      ┆ 1.2.0        ┆ h018ffa1_4            ┆ conda-forge       ┆ 291.15 KiB │
 │ │ │ libbtf                                            ┆ 2.3.2        ┆ h32481e8_7100102      ┆ conda-forge       ┆  27.20 KiB │
 │ │ │ libcamd                                           ┆ 3.3.3        ┆ h32481e8_7100102      ┆ conda-forge       ┆  45.80 KiB │
 │ │ │ libcap                                            ┆ 2.78         ┆ h084b8d7_1            ┆ conda-forge       ┆ 121.39 KiB │
 │ │ │ libcblas                                          ┆ 3.11.0       ┆ 11_h0358290_openblas  ┆ conda-forge       ┆  17.77 KiB │
 │ │ │ libccolamd                                        ┆ 3.3.4        ┆ h32481e8_7100102      ┆ conda-forge       ┆  41.64 KiB │
 │ │ │ libcholmod                                        ┆ 5.3.1        ┆ h59ddab4_7100102      ┆ conda-forge       ┆   1.05 MiB │
 │ │ │ libclang-cpp21.1                                  ┆ 21.1.8       ┆ default_h6209e06_6    ┆ conda-forge       ┆  20.48 MiB │
 │ │ │ libclang-cpp23.1                                  ┆ 23.1.1       ┆ default_h0acdd01_0    ┆ conda-forge       ┆  24.18 MiB │
 │ │ │ libclang13                                        ┆ 23.1.1       ┆ default_h7037f76_0    ┆ conda-forge       ┆  14.73 MiB │
 │ │ │ libcolamd                                         ┆ 3.3.4        ┆ h32481e8_7100102      ┆ conda-forge       ┆  33.29 KiB │
 │ │ │ libcups                                           ┆ 2.3.3        ┆ hb8b1518_5            ┆ conda-forge       ┆   4.31 MiB │
 │ │ │ libcurl                                           ┆ 8.18.0       ┆ h4e3cde8_0            ┆ conda-forge       ┆ 452.09 KiB │
 │ │ │ libcxsparse                                       ┆ 4.4.1        ┆ h32481e8_7100102      ┆ conda-forge       ┆ 117.76 KiB │
 │ │ │ libdeflate                                        ┆ 1.25         ┆ hd45a770_1            ┆ conda-forge       ┆  71.98 KiB │
 │ │ │ libdovi                                           ┆ 3.4.0        ┆ h39d0f39_0            ┆ conda-forge       ┆ 395.71 KiB │
 │ │ │ libdrm                                            ┆ 2.4.129      ┆ h7cc23a3_0            ┆ conda-forge       ┆ 306.11 KiB │
 │ │ │ libedit                                           ┆ 3.1.20250104 ┆ pl5321h373387f_1      ┆ conda-forge       ┆ 131.93 KiB │
 │ │ │ libegl                                            ┆ 1.7.0        ┆ ha4b6fd6_5            ┆ conda-forge       ┆  45.60 KiB │
 │ │ │ libev                                             ┆ 4.33         ┆ h280c20c_3            ┆ conda-forge       ┆  42.21 KiB │
 │ │ │ libevent                                          ┆ 2.1.12       ┆ h5348a74_2            ┆ conda-forge       ┆ 420.91 KiB │
 │ │ │ libexpat                                          ┆ 2.8.1        ┆ hecca717_1            ┆ conda-forge       ┆  76.03 KiB │
 │ │ │ libffi                                            ┆ 3.7.0        ┆ h81df57d_1            ┆ conda-forge       ┆  66.41 KiB │
 │ │ │ libflac                                           ┆ 1.5.0        ┆ he200343_1            ┆ conda-forge       ┆ 414.61 KiB │
 │ │ │ libfreetype                                       ┆ 2.14.3       ┆ ha770c72_2            ┆ conda-forge       ┆   8.21 KiB │
 │ │ │ libfreetype6                                      ┆ 2.14.3       ┆ h5e6c136_2            ┆ conda-forge       ┆ 378.58 KiB │
 │ │ │ libgcc                                            ┆ 16.2.0       ┆ ha9f2e26_4            ┆ conda-forge       ┆   1.01 MiB │
 │ │ │ libgcc-ng                                         ┆ 16.2.0       ┆ h69a702a_4            ┆ conda-forge       ┆  27.74 KiB │
 │ │ │ libgfortran                                       ┆ 16.2.0       ┆ h69a702a_4            ┆ conda-forge       ┆  27.71 KiB │
 │ │ │ libgfortran5                                      ┆ 16.2.0       ┆ h6b99dfc_4            ┆ conda-forge       ┆   2.41 MiB │
 │ │ │ libgl                                             ┆ 1.7.0        ┆ ha4b6fd6_5            ┆ conda-forge       ┆ 128.89 KiB │
 │ │ │ libgl-devel                                       ┆ 1.7.0        ┆ ha4b6fd6_5            ┆ conda-forge       ┆ 113.49 KiB │
 │ │ │ libglib                                           ┆ 2.88.3       ┆ h569388d_4            ┆ conda-forge       ┆   4.54 MiB │
 │ │ │ libglu                                            ┆ 9.0.3        ┆ h5888daf_1            ┆ conda-forge       ┆ 317.64 KiB │
 │ │ │ libglvnd                                          ┆ 1.7.0        ┆ ha4b6fd6_5            ┆ conda-forge       ┆ 130.69 KiB │
 │ │ │ libglx                                            ┆ 1.7.0        ┆ ha4b6fd6_5            ┆ conda-forge       ┆  77.96 KiB │
 │ │ │ libglx-devel                                      ┆ 1.7.0        ┆ ha4b6fd6_5            ┆ conda-forge       ┆  27.05 KiB │
 │ │ │ libgomp                                           ┆ 16.2.0       ┆ he0feb66_4            ┆ conda-forge       ┆ 624.97 KiB │
 │ │ │ libharfbuzz                                       ┆ 14.4.0       ┆ h23af247_1            ┆ conda-forge       ┆   1.32 MiB │
 │ │ │ libharfbuzz-devel                                 ┆ 14.4.0       ┆ h23af247_1            ┆ conda-forge       ┆   2.04 MiB │
 │ │ │ libhwloc                                          ┆ 2.13.0       ┆ default_he001693_1000 ┆ conda-forge       ┆   2.32 MiB │
 │ │ │ libhwy                                            ┆ 1.4.0        ┆ h57c4cff_1            ┆ conda-forge       ┆   1.39 MiB │
 │ │ │ libiconv                                          ┆ 1.18         ┆ h0cb94f2_3            ┆ conda-forge       ┆ 770.97 KiB │
 │ │ │ libjpeg-turbo                                     ┆ 3.2.0        ┆ hb03c661_1            ┆ conda-forge       ┆ 635.19 KiB │
 │ │ │ libjxl                                            ┆ 0.11.2       ┆ h174a0a3_1            ┆ conda-forge       ┆   1.76 MiB │
 │ │ │ libklu                                            ┆ 2.3.5        ┆ hf24d653_7100102      ┆ conda-forge       ┆ 142.45 KiB │
 │ │ │ liblapack                                         ┆ 3.11.0       ┆ 11_h47877c9_openblas  ┆ conda-forge       ┆  17.80 KiB │
 │ │ │ liblapacke                                        ┆ 3.11.0       ┆ 11_h6ae95b6_openblas  ┆ conda-forge       ┆  17.81 KiB │
 │ │ │ libldl                                            ┆ 3.3.2        ┆ h32481e8_7100102      ┆ conda-forge       ┆  23.67 KiB │
 │ │ │ libllvm21                                         ┆ 21.1.8       ┆ h474f4eb_1            ┆ conda-forge       ┆  42.72 MiB │
 │ │ │ libllvm23                                         ┆ 23.1.1       ┆ h474f4eb_0            ┆ conda-forge       ┆  42.98 MiB │
 │ │ │ liblzma                                           ┆ 5.8.3        ┆ hb03c661_1            ┆ conda-forge       ┆ 110.35 KiB │
 │ │ │ liblzma-devel                                     ┆ 5.8.3        ┆ hb03c661_1            ┆ conda-forge       ┆ 480.44 KiB │
 │ │ │ libnetcdf                                         ┆ 4.9.3        ┆ nompi_hbf2fc22_104    ┆ conda-forge       ┆ 850.38 KiB │
 │ │ │ libnghttp2                                        ┆ 1.68.1       ┆ h74cf4be_1            ┆ conda-forge       ┆ 634.74 KiB │
 │ │ │ libnsl                                            ┆ 2.0.1        ┆ hb9d3cd8_1            ┆ conda-forge       ┆  32.94 KiB │
 │ │ │ libntlm                                           ┆ 1.8          ┆ hb9d3cd8_0            ┆ conda-forge       ┆  32.63 KiB │
 │ │ │ libogg                                            ┆ 1.3.5        ┆ hd0c01bc_1            ┆ conda-forge       ┆ 213.38 KiB │
 │ │ │ libopenblas                                       ┆ 0.3.34       ┆ pthreads_hf13c14d_2   ┆ conda-forge       ┆   6.53 MiB │
 │ │ │ libopencv                                         ┆ 4.13.0       ┆ qt6_py312h46ef85d_606 ┆ conda-forge       ┆  31.85 MiB │
 │ │ │ libopengl                                         ┆ 1.7.0        ┆ ha4b6fd6_5            ┆ conda-forge       ┆  49.44 KiB │
 │ │ │ libopengl-devel                                   ┆ 1.7.0        ┆ ha4b6fd6_5            ┆ conda-forge       ┆  15.83 KiB │
 │ │ │ libopenvino                                       ┆ 2026.0.0     ┆ hb56ce9e_1            ┆ conda-forge       ┆   6.28 MiB │
 │ │ │ libopenvino-auto-batch-plugin                     ┆ 2026.0.0     ┆ hd85de46_1            ┆ conda-forge       ┆ 111.75 KiB │
 │ │ │ libopenvino-auto-plugin                           ┆ 2026.0.0     ┆ hd85de46_1            ┆ conda-forge       ┆ 243.22 KiB │
 │ │ │ libopenvino-hetero-plugin                         ┆ 2026.0.0     ┆ hd41364c_1            ┆ conda-forge       ┆ 206.62 KiB │
 │ │ │ libopenvino-intel-cpu-plugin                      ┆ 2026.0.0     ┆ hb56ce9e_1            ┆ conda-forge       ┆  12.56 MiB │
 │ │ │ libopenvino-intel-gpu-plugin                      ┆ 2026.0.0     ┆ hb56ce9e_1            ┆ conda-forge       ┆  10.87 MiB │
 │ │ │ libopenvino-intel-npu-plugin                      ┆ 2026.0.0     ┆ hb56ce9e_1            ┆ conda-forge       ┆   1.90 MiB │
 │ │ │ libopenvino-ir-frontend                           ┆ 2026.0.0     ┆ hd41364c_1            ┆ conda-forge       ┆ 188.26 KiB │
 │ │ │ libopenvino-onnx-frontend                         ┆ 2026.0.0     ┆ h7a07914_1            ┆ conda-forge       ┆   1.77 MiB │
 │ │ │ libopenvino-paddle-frontend                       ┆ 2026.0.0     ┆ h7a07914_1            ┆ conda-forge       ┆ 668.19 KiB │
 │ │ │ libopenvino-pytorch-frontend                      ┆ 2026.0.0     ┆ hecca717_1            ┆ conda-forge       ┆   1.13 MiB │
 │ │ │ libopenvino-tensorflow-frontend                   ┆ 2026.0.0     ┆ h78e8023_1            ┆ conda-forge       ┆   1.20 MiB │
 │ │ │ libopenvino-tensorflow-lite-frontend              ┆ 2026.0.0     ┆ hecca717_1            ┆ conda-forge       ┆ 445.88 KiB │
 │ │ │ libopus                                           ┆ 1.6.1        ┆ hebe6cf0_1            ┆ conda-forge       ┆ 322.47 KiB │
 │ │ │ libparu                                           ┆ 1.0.0        ┆ h17147ab_7100102      ┆ conda-forge       ┆  91.03 KiB │
 │ │ │ libpciaccess                                      ┆ 0.19         ┆ hb03c661_1            ┆ conda-forge       ┆  29.37 KiB │
 │ │ │ libplacebo                                        ┆ 7.360.1      ┆ h9eeb4b2_0            ┆ conda-forge       ┆ 536.47 KiB │
 │ │ │ libpng                                            ┆ 1.6.58       ┆ h922cc85_1            ┆ conda-forge       ┆ 309.22 KiB │
 │ │ │ libpq                                             ┆ 18.2         ┆ hb80d175_0            ┆ conda-forge       ┆   2.68 MiB │
 │ │ │ libprotobuf                                       ┆ 6.33.5       ┆ h538a264_2            ┆ conda-forge       ┆   3.50 MiB │
 │ │ │ libpython                                         ┆ 3.12.14      ┆ h0c77377_3_cpython    ┆ conda-forge       ┆   8.36 MiB │
 │ │ │ libraqm                                           ┆ 0.11.0       ┆ h6406941_0            ┆ conda-forge       ┆  33.19 KiB │
 │ │ │ librbio                                           ┆ 4.3.4        ┆ h32481e8_7100102      ┆ conda-forge       ┆  46.50 KiB │
 │ │ │ librsvg                                           ┆ 2.62.3       ┆ h4c96295_0            ┆ conda-forge       ┆   3.32 MiB │
 │ │ │ libsndfile                                        ┆ 1.2.2        ┆ hc7d488a_2            ┆ conda-forge       ┆ 347.28 KiB │
 │ │ │ libspex                                           ┆ 3.2.3        ┆ had10066_7100102      ┆ conda-forge       ┆  78.85 KiB │
 │ │ │ libspqr                                           ┆ 4.3.4        ┆ h852d39f_7100102      ┆ conda-forge       ┆ 213.25 KiB │
 │ │ │ libsqlite                                         ┆ 3.53.4       ┆ h13e7031_1            ┆ conda-forge       ┆ 951.51 KiB │
 │ │ │ libssh2                                           ┆ 1.11.1       ┆ h6154650_1            ┆ conda-forge       ┆ 298.87 KiB │
 │ │ │ libstdcxx                                         ┆ 16.2.0       ┆ h934c35e_4            ┆ conda-forge       ┆   6.31 MiB │
 │ │ │ libstdcxx-ng                                      ┆ 16.2.0       ┆ hdf11a46_4            ┆ conda-forge       ┆  27.79 KiB │
 │ │ │ libsuitesparseconfig                              ┆ 7.10.1       ┆ h92d6892_7100102      ┆ conda-forge       ┆  42.17 KiB │
 │ │ │ libsystemd0                                       ┆ 261.3        ┆ h26e0ef7_0            ┆ conda-forge       ┆ 574.42 KiB │
 │ │ │ libtheora                                         ┆ 1.1.1        ┆ h4ab18f5_1006         ┆ conda-forge       ┆ 321.21 KiB │
 │ │ │ libtiff                                           ┆ 4.7.2        ┆ hcc2c06a_1            ┆ conda-forge       ┆ 448.98 KiB │
 │ │ │ libudev1                                          ┆ 261.3        ┆ h26e0ef7_0            ┆ conda-forge       ┆ 196.67 KiB │
 │ │ │ libumfpack                                        ┆ 6.3.5        ┆ heb53515_7100102      ┆ conda-forge       ┆ 424.05 KiB │
 │ │ │ libunwind                                         ┆ 1.8.3        ┆ h65a8314_0            ┆ conda-forge       ┆  74.21 KiB │
 │ │ │ liburing                                          ┆ 2.14         ┆ hb700be7_0            ┆ conda-forge       ┆ 150.59 KiB │
 │ │ │ libusb                                            ┆ 1.0.29       ┆ h73b1eb8_0            ┆ conda-forge       ┆  87.45 KiB │
 │ │ │ libuuid                                           ┆ 2.42.3       ┆ hcfc3c73_0            ┆ conda-forge       ┆  39.06 KiB │
 │ │ │ libuv                                             ┆ 1.52.1       ┆ h280c20c_1            ┆ conda-forge       ┆ 410.20 KiB │
 │ │ │ libva                                             ┆ 2.24.1       ┆ hb83e432_1            ┆ conda-forge       ┆ 219.81 KiB │
 │ │ │ libvorbis                                         ┆ 1.3.7        ┆ h54a6638_2            ┆ conda-forge       ┆ 279.19 KiB │
 │ │ │ libvpl                                            ┆ 2.16.0       ┆ h54a6638_0            ┆ conda-forge       ┆ 281.24 KiB │
 │ │ │ libvpx                                            ┆ 1.15.2       ┆ hd2095e1_1            ┆ conda-forge       ┆   1.07 MiB │
 │ │ │ libvulkan-loader                                  ┆ 1.4.357.0    ┆ h0e34353_2            ┆ conda-forge       ┆ 202.11 KiB │
 │ │ │ libwebp-base                                      ┆ 1.6.0        ┆ hd42ef1d_1            ┆ conda-forge       ┆ 418.39 KiB │
 │ │ │ libxcb                                            ┆ 1.17.0       ┆ hb83e432_2            ┆ conda-forge       ┆ 385.86 KiB │
 │ │ │ libxcrypt                                         ┆ 4.4.38       ┆ h280c20c_0            ┆ conda-forge       ┆  99.57 KiB │
 │ │ │ libxkbcommon                                      ┆ 1.13.2       ┆ h51789e4_1            ┆ conda-forge       ┆ 920.48 KiB │
 │ │ │ libxml2                                           ┆ 2.15.4       ┆ h7df9aa5_0            ┆ conda-forge       ┆  45.97 KiB │
 │ │ │ libxml2-16                                        ┆ 2.15.4       ┆ hf3af7cc_0            ┆ conda-forge       ┆ 555.86 KiB │
 │ │ │ libzip                                            ┆ 1.11.2       ┆ h6008cf6_1            ┆ conda-forge       ┆ 109.80 KiB │
 │ │ │ libzlib                                           ┆ 1.3.2        ┆ h25fd6f3_3            ┆ conda-forge       ┆  62.22 KiB │
 │ │ │ loguru                                            ┆ 0.7.3        ┆ pyh707e725_0          ┆ conda-forge       ┆  58.30 KiB │
 │ │ │ lz4-c                                             ┆ 1.10.0       ┆ hee9eb32_2            ┆ conda-forge       ┆ 177.55 KiB │
 │ │ │ matplotlib-base                                   ┆ 3.11.1       ┆ py312h4c94fcb_2       ┆ conda-forge       ┆   8.52 MiB │
 │ │ │ metis                                             ┆ 5.1.0        ┆ hd0bcaf9_1007         ┆ conda-forge       ┆   3.74 MiB │
 │ │ │ mpfr                                              ┆ 4.2.2        ┆ ha2cb11d_1            ┆ conda-forge       ┆ 713.29 KiB │
 │ │ │ mpg123                                            ┆ 1.32.9       ┆ h8142553_0            ┆ conda-forge       ┆ 476.03 KiB │
 │ │ │ msgpack-python                                    ┆ 1.2.2        ┆ py312h9be0db6_2       ┆ conda-forge       ┆ 111.72 KiB │
 │ │ │ multidict                                         ┆ 6.7.1        ┆ py312h8a5da7c_0       ┆ conda-forge       ┆  97.71 KiB │
 │ │ │ munkres                                           ┆ 1.1.4        ┆ pyhd8ed1ab_1          ┆ conda-forge       ┆  15.48 KiB │
 │ │ │ nanoflann                                         ┆ 1.6.1        ┆ hff21bea_0            ┆ conda-forge       ┆  25.31 KiB │
 │ │ │ ncurses                                           ┆ 6.6          ┆ hdb14827_1            ┆ conda-forge       ┆ 889.84 KiB │
 │ │ │ nlohmann_json                                     ┆ 3.12.0       ┆ h54a6638_2            ┆ conda-forge       ┆ 133.18 KiB │
 │ │ │ nspr                                              ┆ 4.40         ┆ h29cc59b_0            ┆ conda-forge       ┆ 225.93 KiB │
 │ │ │ nss                                               ┆ 3.118        ┆ h445c969_0            ┆ conda-forge       ┆   1.96 MiB │
 │ │ │ numpy                                             ┆ 2.5.3        ┆ py312he827f4e_0       ┆ conda-forge       ┆   8.80 MiB │
 │ │ │ ocl-icd                                           ┆ 2.3.4        ┆ hb03c661_1            ┆ conda-forge       ┆ 107.03 KiB │
 │ │ │ octomap                                           ┆ 1.10.0       ┆ h4dbf13b_1            ┆ conda-forge       ┆ 260.63 KiB │
 │ │ │ openblas                                          ┆ 0.3.34       ┆ pthreads_h299a788_2   ┆ conda-forge       ┆   7.23 MiB │
 │ │ │ opencl-headers                                    ┆ 2025.06.13   ┆ hecca717_0            ┆ conda-forge       ┆  54.45 KiB │
 │ │ │ openexr                                           ┆ 3.4.15       ┆ ha9edf89_0            ┆ conda-forge       ┆   1.17 MiB │
 │ │ │ openh264                                          ┆ 2.6.0        ┆ h8c49934_2            ┆ conda-forge       ┆ 719.76 KiB │
 │ │ │ openjpeg                                          ┆ 2.5.4        ┆ heb1ab33_2            ┆ conda-forge       ┆ 382.07 KiB │
 │ │ │ openjph                                           ┆ 0.31.0       ┆ h8d634f6_0            ┆ conda-forge       ┆ 288.27 KiB │
 │ │ │ openldap                                          ┆ 2.6.10       ┆ he970967_0            ┆ conda-forge       ┆ 761.97 KiB │
 │ │ │ openssl                                           ┆ 3.6.4        ┆ h781a0a9_0            ┆ conda-forge       ┆   3.05 MiB │
 │ │ │ packaging                                         ┆ 26.3         ┆ pyhc364b38_0          ┆ conda-forge       ┆ 113.64 KiB │
 │ │ │ pango                                             ┆ 1.58.2       ┆ h7bb47b9_1            ┆ conda-forge       ┆ 460.76 KiB │
 │ │ │ pcl                                               ┆ 1.15.1       ┆ h717c489_7            ┆ conda-forge       ┆  17.10 MiB │
 │ │ │ pcre2                                             ┆ 10.47        ┆ h8b3dc9c_1            ┆ conda-forge       ┆   1.16 MiB │
 │ │ │ pep517                                            ┆ 0.13.0       ┆ pyhd8ed1ab_0          ┆ conda-forge       ┆  18.60 KiB │
 │ │ │ pillow                                            ┆ 12.3.0       ┆ py312h38079b3_4       ┆ conda-forge       ┆   1.01 MiB │
 │ │ │ pip                                               ┆ 26.2.1       ┆ pyh8b19718_0          ┆ conda-forge       ┆   1.14 MiB │
 │ │ │ pixman                                            ┆ 0.46.4       ┆ h54a6638_3            ┆ conda-forge       ┆ 367.88 KiB │
 │ │ │ pkg-config                                        ┆ 0.29.2       ┆ h1114479_1013         ┆ conda-forge       ┆ 138.06 KiB │
 │ │ │ pluggy                                            ┆ 1.6.0        ┆ pyhf9edf01_1          ┆ conda-forge       ┆  25.27 KiB │
 │ │ │ ply                                               ┆ 3.11         ┆ pyhd8ed1ab_3          ┆ conda-forge       ┆  47.90 KiB │
 │ │ │ proj                                              ┆ 9.7.1        ┆ he0df7b0_3            ┆ conda-forge       ┆   3.43 MiB │
 │ │ │ propcache                                         ┆ 0.5.2        ┆ py312h8a5da7c_0       ┆ conda-forge       ┆  50.38 KiB │
 │ │ │ pthread-stubs                                     ┆ 0.4          ┆ h7cc23a3_1004         ┆ conda-forge       ┆   9.40 KiB │
 │ │ │ pugixml                                           ┆ 1.15         ┆ h3f63f65_0            ┆ conda-forge       ┆ 115.71 KiB │
 │ │ │ pulseaudio-client                                 ┆ 17.0         ┆ h9a6aba3_3            ┆ conda-forge       ┆ 733.19 KiB │
 │ │ │ py-opencv                                         ┆ 4.13.0       ┆ qt6_py312h2638c08_606 ┆ conda-forge       ┆   1.10 MiB │
 │ │ │ pygments                                          ┆ 2.21.0       ┆ pyhcf101f3_0          ┆ conda-forge       ┆ 936.89 KiB │
 │ │ │ pyparsing                                         ┆ 3.3.2        ┆ pyhcf101f3_0          ┆ conda-forge       ┆ 108.29 KiB │
 │ │ │ pyqt                                              ┆ 5.15.11      ┆ py312h82c0db2_2       ┆ conda-forge       ┆   5.04 MiB │
 │ │ │ pyqt-builder                                      ┆ 1.18.2       ┆ pyhd8ed1ab_1          ┆ conda-forge       ┆   2.82 MiB │
 │ │ │ pyqt5-sip                                         ┆ 12.17.0      ┆ py312h1289d80_2       ┆ conda-forge       ┆  83.79 KiB │
 │ │ │ pytest                                            ┆ 9.1.1        ┆ pyhc364b38_2          ┆ conda-forge       ┆ 299.54 KiB │
 │ │ │ python                                            ┆ 3.12.14      ┆ h5f976f7_3_cpython    ┆ conda-forge       ┆  21.98 MiB │
 │ │ │ python-dateutil                                   ┆ 2.9.0.post0  ┆ pyhe01879c_2          ┆ conda-forge       ┆ 227.84 KiB │
 │ │ │ python_abi                                        ┆ 3.12         ┆ 9_cp312               ┆ conda-forge       ┆   6.59 KiB │
 │ │ │ qhull                                             ┆ 2020.2       ┆ h434a139_5            ┆ conda-forge       ┆ 539.98 KiB │
 │ │ │ qt-main                                           ┆ 5.15.15      ┆ hc240232_7            ┆ conda-forge       ┆  49.99 MiB │
 │ │ │ qt6-main                                          ┆ 6.10.2       ┆ hb82b983_4            ┆ conda-forge       ┆  54.76 MiB │
 │ │ │ rav1e                                             ┆ 0.8.1        ┆ h1fbca29_0            ┆ conda-forge       ┆   5.34 MiB │
 │ │ │ readline                                          ┆ 8.3          ┆ hd6e31c0_1            ┆ conda-forge       ┆ 340.72 KiB │
 │ │ │ rhash                                             ┆ 1.4.6        ┆ hb03c661_2            ┆ conda-forge       ┆ 190.42 KiB │
 │ │ │ ros-humble-ament-cmake                            ┆ 1.3.13       ┆ np2py312h2ed9cc7_15   ┆ robostack-staging ┆  23.07 KiB │
 │ │ │ ros-humble-ament-cmake-core                       ┆ 1.3.13       ┆ np2py312h2ed9cc7_15   ┆ robostack-staging ┆  43.48 KiB │
 │ │ │ ros-humble-ament-cmake-export-definitions         ┆ 1.3.13       ┆ np2py312h2ed9cc7_15   ┆ robostack-staging ┆  21.83 KiB │
 │ │ │ ros-humble-ament-cmake-export-dependencies        ┆ 1.3.13       ┆ np2py312h2ed9cc7_15   ┆ robostack-staging ┆  23.00 KiB │
 │ │ │ ros-humble-ament-cmake-export-include-directories ┆ 1.3.13       ┆ np2py312h2ed9cc7_15   ┆ robostack-staging ┆  22.26 KiB │
 │ │ │ ros-humble-ament-cmake-export-interfaces          ┆ 1.3.13       ┆ np2py312h2ed9cc7_15   ┆ robostack-staging ┆  22.44 KiB │
 │ │ │ ros-humble-ament-cmake-export-libraries           ┆ 1.3.13       ┆ np2py312h2ed9cc7_15   ┆ robostack-staging ┆  23.73 KiB │
 │ │ │ ros-humble-ament-cmake-export-link-flags          ┆ 1.3.13       ┆ np2py312h2ed9cc7_15   ┆ robostack-staging ┆  21.77 KiB │
 │ │ │ ros-humble-ament-cmake-export-targets             ┆ 1.3.13       ┆ np2py312h2ed9cc7_15   ┆ robostack-staging ┆  22.59 KiB │
 │ │ │ ros-humble-ament-cmake-gen-version-h              ┆ 1.3.13       ┆ np2py312h2ed9cc7_15   ┆ robostack-staging ┆  24.53 KiB │
 │ │ │ ros-humble-ament-cmake-gmock                      ┆ 1.3.13       ┆ np2py312h2ed9cc7_15   ┆ robostack-staging ┆  24.13 KiB │
 │ │ │ ros-humble-ament-cmake-gtest                      ┆ 1.3.13       ┆ np2py312h2ed9cc7_15   ┆ robostack-staging ┆  24.34 KiB │
 │ │ │ ros-humble-ament-cmake-include-directories        ┆ 1.3.13       ┆ np2py312h2ed9cc7_15   ┆ robostack-staging ┆  21.71 KiB │
 │ │ │ ros-humble-ament-cmake-libraries                  ┆ 1.3.13       ┆ np2py312h2ed9cc7_15   ┆ robostack-staging ┆  21.44 KiB │
 │ │ │ ros-humble-ament-cmake-pytest                     ┆ 1.3.13       ┆ np2py312h2ed9cc7_15   ┆ robostack-staging ┆  24.55 KiB │
 │ │ │ ros-humble-ament-cmake-python                     ┆ 1.3.13       ┆ np2py312h2ed9cc7_15   ┆ robostack-staging ┆  23.92 KiB │
 │ │ │ ros-humble-ament-cmake-ros                        ┆ 0.10.0       ┆ np2py312h2ed9cc7_15   ┆ robostack-staging ┆  30.42 KiB │
 │ │ │ ros-humble-ament-cmake-target-dependencies        ┆ 1.3.13       ┆ np2py312h2ed9cc7_15   ┆ robostack-staging ┆  23.40 KiB │
 │ │ │ ros-humble-ament-cmake-test                       ┆ 1.3.13       ┆ np2py312h2ed9cc7_15   ┆ robostack-staging ┆  34.96 KiB │
 │ │ │ ros-humble-ament-cmake-version                    ┆ 1.3.13       ┆ np2py312h2ed9cc7_15   ┆ robostack-staging ┆  21.61 KiB │
 │ │ │ ros-humble-ament-index-cpp                        ┆ 1.4.1        ┆ np2py312h2ed9cc7_15   ┆ robostack-staging ┆  45.37 KiB │
 │ │ │ ros-humble-ament-index-python                     ┆ 1.4.1        ┆ np2py312h2ed9cc7_15   ┆ robostack-staging ┆  27.24 KiB │
 │ │ │ ros-humble-ament-package                          ┆ 0.14.2       ┆ np2py312h2ed9cc7_15   ┆ robostack-staging ┆  45.33 KiB │
 │ │ │ ros-humble-builtin-interfaces                     ┆ 1.2.2        ┆ np2py312h2ed9cc7_15   ┆ robostack-staging ┆  74.72 KiB │
 │ │ │ ros-humble-class-loader                           ┆ 2.2.0        ┆ np2py312h2ed9cc7_15   ┆ robostack-staging ┆  70.63 KiB │
 │ │ │ ros-humble-console-bridge-vendor                  ┆ 1.4.1        ┆ np2py312h2ed9cc7_15   ┆ robostack-staging ┆  26.47 KiB │
 │ │ │ ros-humble-cv-bridge                              ┆ 3.2.1        ┆ np2py312h3b5449b_15   ┆ robostack-staging ┆ 176.58 KiB │
 │ │ │ ros-humble-domain-coordinator                     ┆ 0.10.0       ┆ np2py312h2ed9cc7_15   ┆ robostack-staging ┆  19.89 KiB │
 │ │ │ ros-humble-fastcdr                                ┆ 1.0.29       ┆ np2py312h2ed9cc7_15   ┆ robostack-staging ┆  65.18 KiB │
 │ │ │ ros-humble-fastrtps-cmake-module                  ┆ 2.2.4        ┆ np2py312h2ed9cc7_15   ┆ robostack-staging ┆  26.60 KiB │
 │ │ │ ros-humble-geometry-msgs                          ┆ 4.9.1        ┆ np2py312h2ed9cc7_15   ┆ robostack-staging ┆ 310.89 KiB │
 │ │ │ ros-humble-gmock-vendor                           ┆ 1.10.9006    ┆ np2py312h2ed9cc7_15   ┆ robostack-staging ┆ 110.81 KiB │
 │ │ │ ros-humble-gtest-vendor                           ┆ 1.10.9006    ┆ np2py312h2ed9cc7_15   ┆ robostack-staging ┆ 195.16 KiB │
 │ │ │ ros-humble-gtsam                                  ┆ 4.2.0        ┆ py312hfb442f0_15      ┆ robostack-staging ┆   8.62 KiB │
 │ │ │ ros-humble-libg2o                                 ┆ 2020.5.29    ┆ np2py312h2ed9cc7_15   ┆ robostack-staging ┆   1.40 MiB │
 │ │ │ ros-humble-pluginlib                              ┆ 5.1.3        ┆ np2py312h2ed9cc7_15   ┆ robostack-staging ┆ 135.07 KiB │
 │ │ │ ros-humble-python-cmake-module                    ┆ 0.10.0       ┆ np2py312h2ed9cc7_15   ┆ robostack-staging ┆  27.66 KiB │
 │ │ │ ros-humble-python-qt-binding                      ┆ 1.1.3        ┆ np2py312h2ed9cc7_15   ┆ robostack-staging ┆  57.04 KiB │
 │ │ │ ros-humble-qt-gui                                 ┆ 2.2.4        ┆ np2py312h2ed9cc7_15   ┆ robostack-staging ┆ 166.67 KiB │
 │ │ │ ros-humble-qt-gui-cpp                             ┆ 2.2.4        ┆ np2py312h2ed9cc7_15   ┆ robostack-staging ┆ 499.19 KiB │
 │ │ │ ros-humble-rcpputils                              ┆ 2.4.6        ┆ np2py312h2ed9cc7_15   ┆ robostack-staging ┆  76.72 KiB │
 │ │ │ ros-humble-rcutils                                ┆ 5.1.8        ┆ np2py312h2ed9cc7_15   ┆ robostack-staging ┆ 115.04 KiB │
 │ │ │ ros-humble-rmw                                    ┆ 6.1.2        ┆ np2py312h2ed9cc7_15   ┆ robostack-staging ┆  89.59 KiB │
 │ │ │ ros-humble-ros-environment                        ┆ 3.2.2        ┆ np2py312h2ed9cc7_15   ┆ robostack-staging ┆  21.12 KiB │
 │ │ │ ros-humble-ros-workspace                          ┆ 1.0.2        ┆ np2py312h2ed9cc7_15   ┆ robostack-staging ┆  34.75 KiB │
 │ │ │ ros-humble-rosidl-adapter                         ┆ 3.1.8        ┆ np2py312h2ed9cc7_15   ┆ robostack-staging ┆  61.08 KiB │
 │ │ │ ros-humble-rosidl-cli                             ┆ 3.1.8        ┆ np2py312h2ed9cc7_15   ┆ robostack-staging ┆  37.25 KiB │
 │ │ │ ros-humble-rosidl-cmake                           ┆ 3.1.8        ┆ np2py312h2ed9cc7_15   ┆ robostack-staging ┆  40.31 KiB │
 │ │ │ ros-humble-rosidl-default-runtime                 ┆ 1.2.0        ┆ np2py312h2ed9cc7_15   ┆ robostack-staging ┆  30.22 KiB │
 │ │ │ ros-humble-rosidl-generator-c                     ┆ 3.1.8        ┆ np2py312h2ed9cc7_15   ┆ robostack-staging ┆  46.01 KiB │
 │ │ │ ros-humble-rosidl-generator-cpp                   ┆ 3.1.8        ┆ np2py312h2ed9cc7_15   ┆ robostack-staging ┆  48.73 KiB │
 │ │ │ ros-humble-rosidl-generator-py                    ┆ 0.14.6       ┆ np2py312h2ed9cc7_15   ┆ robostack-staging ┆  58.95 KiB │
 │ │ │ ros-humble-rosidl-generator-rs                    ┆ 0.4.11       ┆ np2py312h2ed9cc7_15   ┆ robostack-staging ┆  47.48 KiB │
 │ │ │ ros-humble-rosidl-parser                          ┆ 3.1.8        ┆ np2py312h2ed9cc7_15   ┆ robostack-staging ┆  57.98 KiB │
 │ │ │ ros-humble-rosidl-runtime-c                       ┆ 3.1.8        ┆ np2py312h2ed9cc7_15   ┆ robostack-staging ┆  47.38 KiB │
 │ │ │ ros-humble-rosidl-runtime-cpp                     ┆ 3.1.8        ┆ np2py312h2ed9cc7_15   ┆ robostack-staging ┆  35.29 KiB │
 │ │ │ ros-humble-rosidl-typesupport-c                   ┆ 2.0.2        ┆ np2py312h2ed9cc7_15   ┆ robostack-staging ┆  48.25 KiB │
 │ │ │ ros-humble-rosidl-typesupport-cpp                 ┆ 2.0.2        ┆ np2py312h2ed9cc7_15   ┆ robostack-staging ┆  47.60 KiB │
 │ │ │ ros-humble-rosidl-typesupport-fastrtps-c          ┆ 2.2.4        ┆ np2py312h2ed9cc7_15   ┆ robostack-staging ┆  47.87 KiB │
 │ │ │ ros-humble-rosidl-typesupport-fastrtps-cpp        ┆ 2.2.4        ┆ np2py312h2ed9cc7_15   ┆ robostack-staging ┆  50.11 KiB │
 │ │ │ ros-humble-rosidl-typesupport-interface           ┆ 3.1.8        ┆ np2py312h2ed9cc7_15   ┆ robostack-staging ┆  28.40 KiB │
 │ │ │ ros-humble-rosidl-typesupport-introspection-c     ┆ 3.1.8        ┆ np2py312h2ed9cc7_15   ┆ robostack-staging ┆  45.49 KiB │
 │ │ │ ros-humble-rosidl-typesupport-introspection-cpp   ┆ 3.1.8        ┆ np2py312h2ed9cc7_15   ┆ robostack-staging ┆  45.81 KiB │
 │ │ │ ros-humble-rpyutils                               ┆ 0.2.2        ┆ np2py312h2ed9cc7_15   ┆ robostack-staging ┆  25.03 KiB │
 │ │ │ ros-humble-sensor-msgs                            ┆ 4.9.1        ┆ np2py312h2ed9cc7_15   ┆ robostack-staging ┆ 440.86 KiB │
 │ │ │ ros-humble-std-msgs                               ┆ 4.9.1        ┆ np2py312h2ed9cc7_15   ┆ robostack-staging ┆ 282.91 KiB │
 │ │ │ ros-humble-tango-icons-vendor                     ┆ 0.1.1        ┆ np2py312h2ed9cc7_15   ┆ robostack-staging ┆  25.87 KiB │
 │ │ │ ros-humble-tinyxml2-vendor                        ┆ 0.7.7        ┆ np2py312h2ed9cc7_15   ┆ robostack-staging ┆  24.30 KiB │
 │ │ │ ros2-distro-mutex                                 ┆ 0.8.0        ┆ humble_15             ┆ robostack-staging ┆   2.32 KiB │
 │ │ │ sdl2                                              ┆ 2.32.56      ┆ h54a6638_0            ┆ conda-forge       ┆ 575.34 KiB │
 │ │ │ sdl3                                              ┆ 3.4.16       ┆ h5330f5c_0            ┆ conda-forge       ┆   2.05 MiB │
 │ │ │ setuptools                                        ┆ 84.0.0       ┆ pyh332efcf_0          ┆ conda-forge       ┆ 512.20 KiB │
 │ │ │ shaderc                                           ┆ 2026.2       ┆ h718be3e_0            ┆ conda-forge       ┆ 111.02 KiB │
 │ │ │ sip                                               ┆ 6.10.0       ┆ py312h1289d80_1       ┆ conda-forge       ┆ 664.93 KiB │
 │ │ │ six                                               ┆ 1.17.0       ┆ pyhe01879c_1          ┆ conda-forge       ┆  18.02 KiB │
 │ │ │ snappy                                            ┆ 1.2.2        ┆ h03e3b7b_1            ┆ conda-forge       ┆  44.75 KiB │
 │ │ │ spirv-tools                                       ┆ 2026.3       ┆ h7148c6a_1            ┆ conda-forge       ┆   2.27 MiB │
 │ │ │ sqlite                                            ┆ 3.53.4       ┆ h9ffa6c4_1            ┆ conda-forge       ┆ 200.87 KiB │
 │ │ │ suitesparse                                       ┆ 7.10.1       ┆ ha0f6916_7100102      ┆ conda-forge       ┆  11.99 KiB │
 │ │ │ svt-av1                                           ┆ 4.0.1        ┆ hecca717_0            ┆ conda-forge       ┆   2.50 MiB │
 │ │ │ tbb                                               ┆ 2023.1.0     ┆ hfd44327_0            ┆ conda-forge       ┆ 182.90 KiB │
 │ │ │ tbb-devel                                         ┆ 2023.1.0     ┆ hfd44327_0            ┆ conda-forge       ┆   1.10 MiB │
 │ │ │ tinyxml2                                          ┆ 11.0.0       ┆ h3f2d84a_0            ┆ conda-forge       ┆ 128.27 KiB │
 │ │ │ tk                                                ┆ 8.6.13       ┆ noxft_h1df4ec4_4      ┆ conda-forge       ┆   3.40 MiB │
 │ │ │ toml                                              ┆ 0.10.2       ┆ pyhcf101f3_3          ┆ conda-forge       ┆  23.45 KiB │
 │ │ │ tomli                                             ┆ 2.4.1        ┆ pyhcf101f3_0          ┆ conda-forge       ┆  21.06 KiB │
 │ │ │ typing_extensions                                 ┆ 4.16.0       ┆ pyhcf101f3_0          ┆ conda-forge       ┆  51.40 KiB │
 │ │ │ tzdata                                            ┆ 2026c        ┆ h151e31d_0            ┆ conda-forge       ┆ 116.06 KiB │
 │ │ │ unicodedata2                                      ┆ 17.0.1       ┆ py312h5cc1888_1       ┆ conda-forge       ┆ 404.32 KiB │
 │ │ │ utfcpp                                            ┆ 4.09         ┆ ha770c72_0            ┆ conda-forge       ┆  13.89 KiB │
 │ │ │ viskores                                          ┆ 1.1.1        ┆ cpu_hc82bd48_1        ┆ conda-forge       ┆  23.96 MiB │
 │ │ │ vtk                                               ┆ 9.5.2        ┆ py312h244374b_7       ┆ conda-forge       ┆  24.99 KiB │
 │ │ │ vtk-base                                          ┆ 9.5.2        ┆ py312h6fba518_7       ┆ conda-forge       ┆  65.69 MiB │
 │ │ │ vtk-io-ffmpeg                                     ┆ 9.5.2        ┆ py312hcdbd8b1_7       ┆ conda-forge       ┆ 105.84 KiB │
 │ │ │ wayland                                           ┆ 1.26.0       ┆ hc1c935e_2            ┆ conda-forge       ┆ 332.09 KiB │
 │ │ │ wayland-protocols                                 ┆ 1.49         ┆ hd8ed1ab_0            ┆ conda-forge       ┆ 144.49 KiB │
 │ │ │ wheel                                             ┆ 0.48.0       ┆ pyhd8ed1ab_0          ┆ conda-forge       ┆  33.72 KiB │
 │ │ │ wslink                                            ┆ 2.5.7        ┆ pyhd8ed1ab_0          ┆ conda-forge       ┆  35.94 KiB │
 │ │ │ x264                                              ┆ 1!164.3095   ┆ h7cc23a3_3            ┆ conda-forge       ┆ 690.57 KiB │
 │ │ │ x265                                              ┆ 3.5          ┆ h73f68a7_4            ┆ conda-forge       ┆   2.13 MiB │
 │ │ │ xcb-util                                          ┆ 0.4.1        ┆ h4f16b4b_2            ┆ conda-forge       ┆  20.29 KiB │
 │ │ │ xcb-util-cursor                                   ┆ 0.1.6        ┆ hb03c661_0            ┆ conda-forge       ┆  20.34 KiB │
 │ │ │ xcb-util-image                                    ┆ 0.4.0        ┆ hb711507_2            ┆ conda-forge       ┆  23.98 KiB │
 │ │ │ xcb-util-keysyms                                  ┆ 0.4.1        ┆ hb711507_0            ┆ conda-forge       ┆  13.98 KiB │
 │ │ │ xcb-util-renderutil                               ┆ 0.3.10       ┆ hb711507_0            ┆ conda-forge       ┆  16.58 KiB │
 │ │ │ xcb-util-wm                                       ┆ 0.4.2        ┆ hb711507_0            ┆ conda-forge       ┆  50.48 KiB │
 │ │ │ xkeyboard-config                                  ┆ 2.48         ┆ h280c20c_0            ┆ conda-forge       ┆ 431.32 KiB │
 │ │ │ xorg-libice                                       ┆ 1.1.2        ┆ h280c20c_0            ┆ conda-forge       ┆  61.05 KiB │
 │ │ │ xorg-libsm                                        ┆ 1.2.6        ┆ h0d788c3_1            ┆ conda-forge       ┆  30.02 KiB │
 │ │ │ xorg-libx11                                       ┆ 1.8.13       ┆ he1eb515_1            ┆ conda-forge       ┆ 819.90 KiB │
 │ │ │ xorg-libxau                                       ┆ 1.0.12       ┆ h7cc23a3_2            ┆ conda-forge       ┆  18.35 KiB │
 │ │ │ xorg-libxcomposite                                ┆ 0.4.7        ┆ hb03c661_0            ┆ conda-forge       ┆  14.08 KiB │
 │ │ │ xorg-libxcursor                                   ┆ 1.2.3        ┆ hb9d3cd8_0            ┆ conda-forge       ┆  31.77 KiB │
 │ │ │ xorg-libxdamage                                   ┆ 1.1.6        ┆ hb9d3cd8_0            ┆ conda-forge       ┆  12.91 KiB │
 │ │ │ xorg-libxdmcp                                     ┆ 1.1.5        ┆ hb03c661_2            ┆ conda-forge       ┆  20.62 KiB │
 │ │ │ xorg-libxext                                      ┆ 1.3.7        ┆ h7cc23a3_1            ┆ conda-forge       ┆  51.88 KiB │
 │ │ │ xorg-libxfixes                                    ┆ 6.0.2        ┆ h7cc23a3_1            ┆ conda-forge       ┆  20.94 KiB │
 │ │ │ xorg-libxi                                        ┆ 1.8.3        ┆ h7cc23a3_1            ┆ conda-forge       ┆  48.01 KiB │
 │ │ │ xorg-libxrandr                                    ┆ 1.5.5        ┆ h7cc23a3_1            ┆ conda-forge       ┆  30.38 KiB │
 │ │ │ xorg-libxrender                                   ┆ 0.9.12       ┆ hb03c661_1            ┆ conda-forge       ┆  33.83 KiB │
 │ │ │ xorg-libxscrnsaver                                ┆ 1.2.4        ┆ hb9d3cd8_0            ┆ conda-forge       ┆  14.07 KiB │
 │ │ │ xorg-libxshmfence                                 ┆ 1.3.3        ┆ hb9d3cd8_0            ┆ conda-forge       ┆  12.01 KiB │
 │ │ │ xorg-libxtst                                      ┆ 1.2.5        ┆ h7cc23a3_4            ┆ conda-forge       ┆  34.23 KiB │
 │ │ │ xorg-libxxf86vm                                   ┆ 1.1.7        ┆ hb03c661_0            ┆ conda-forge       ┆  18.26 KiB │
 │ │ │ xorg-xorgproto                                    ┆ 2025.1       ┆ hebe6cf0_3            ┆ conda-forge       ┆ 582.36 KiB │
 │ │ │ yarl                                              ┆ 1.24.5       ┆ py312h8a5da7c_0       ┆ conda-forge       ┆ 167.27 KiB │
 │ │ │ zfp                                               ┆ 1.0.1        ┆ h79e284d_6            ┆ conda-forge       ┆ 257.10 KiB │
 │ │ │ zipp                                              ┆ 4.1.0        ┆ pyhcf101f3_0          ┆ conda-forge       ┆  23.62 KiB │
 │ │ │ zlib                                              ┆ 1.3.2        ┆ h25fd6f3_3            ┆ conda-forge       ┆  93.88 KiB │
 │ │ │ zlib-ng                                           ┆ 2.3.3        ┆ hce19668_1            ┆ conda-forge       ┆ 121.05 KiB │
 │ │ │ zstd                                              ┆ 1.5.7        ┆ hb78ec9c_7            ┆ conda-forge       ┆ 587.21 KiB │
 │ │ ╰───────────────────────────────────────────────────┴──────────────┴───────────────────────┴───────────────────┴────────────╯
 │ │
 │ ╰─────────────────── (took 0 seconds)
 │ 
 │ Finalized run dependencies (ros-humble-rtabmap-0.22.1-np2py312h2ed9cc7_18):
 │ ╭──────────────────────────┬────────────────────────────────────────────────────╮
 │ │ Name                     ┆ Spec                                               │
 │ ╞══════════════════════════╪════════════════════════════════════════════════════╡
 │ │ Run dependencies         ┆                                                    │
 │ │ __glibc                  ┆ >=2.17,<3.0.a0 (RE of [build: sysroot_linux-64])   │
 │ │ libboost                 ┆ >=1.88.0,<1.89.0a0 (RE of [host: libboost-devel])  │
 │ │ libboost-devel           ┆ *                                                  │
 │ │ libgcc                   ┆ >=14 (RE of [build: gcc_linux-64])                 │
 │ │                          ┆ >=14 (RE of [build: gxx_linux-64])                 │
 │ │ libgl                    ┆ >=1.7.0,<2.0a0 (RE of [host: libgl-devel])         │
 │ │ libgl-devel              ┆ *                                                  │
 │ │ libopengl                ┆ >=1.7.0,<2.0a0 (RE of [host: libopengl-devel])     │
 │ │ libopengl-devel          ┆ *                                                  │
 │ │ libsqlite                ┆ >=3.53.4,<4.0a0 (RE of [host: sqlite])             │
 │ │ libstdcxx                ┆ >=14 (RE of [build: gxx_linux-64])                 │
 │ │ libzlib                  ┆ >=1.3.2,<2.0a0 (RE of [host: zlib])                │
 │ │ numpy                    ┆ >=1.25,<3 (RE of [host: numpy])                    │
 │ │ octomap                  ┆ *                                                  │
 │ │                          ┆ >=1.10.0,<1.11.0a0 (RE of [host: octomap])         │
 │ │ pcl                      ┆ *                                                  │
 │ │                          ┆ >=1.15.1,<1.15.2.0a0 (RE of [host: pcl])           │
 │ │ proj                     ┆ >=9.7.1,<9.8.0a0 (RE of [host: proj])              │
 │ │ python                   ┆ *                                                  │
 │ │ python_abi               ┆ 3.12.* *_cp312 (RE of [host: python])              │
 │ │ ros-humble-cv-bridge     ┆ *                                                  │
 │ │ ros-humble-gtsam         ┆ *                                                  │
 │ │ ros-humble-libg2o        ┆ *                                                  │
 │ │ ros-humble-qt-gui-cpp    ┆ *                                                  │
 │ │ ros-humble-ros-workspace ┆ *                                                  │
 │ │ ros2-distro-mutex        ┆ 0.8.* humble_*                                     │
 │ │                          ┆ >=0.8.0,<0.9.0a0 (RE of [host: ros2-distro-mutex]) │
 │ │ sqlite                   ┆ *                                                  │
 │ │ vtk-base                 ┆ *                                                  │
 │ │                          ┆ >=9.5.2,<9.5.3.0a0 (RE of [host: vtk-base])        │
 │ │ zlib                     ┆ *                                                  │
 │ ╰──────────────────────────┴────────────────────────────────────────────────────╯
 │
 │ ╭─ Installing build environment
 │ │ ✔ Successfully updated the build environment
 │ │
 │ ╰─────────────────── (took 1 second)
 │
 │ ╭─ Installing host environment
 │ │ ✔ Successfully updated the host environment
 │ │
 │ ╰─────────────────── (took 3 seconds)
 │
 │ ╭─ Running build script
 │ │ INFO: activate-binutils_linux-64.sh made the following environmental changes:
 │ │ +ADDR2LINE=x86_64-conda-linux-gnu-addr2line
 │ │ +AR=x86_64-conda-linux-gnu-ar
 │ │ +AS=x86_64-conda-linux-gnu-as
 │ │ +CXXFILT=x86_64-conda-linux-gnu-c++filt
 │ │ +ELFEDIT=x86_64-conda-linux-gnu-elfedit
 │ │ +GPROF=x86_64-conda-linux-gnu-gprof
 │ │ +LD=x86_64-conda-linux-gnu-ld
 │ │ +NM=x86_64-conda-linux-gnu-nm
 │ │ +OBJCOPY=x86_64-conda-linux-gnu-objcopy
 │ │ +OBJDUMP=x86_64-conda-linux-gnu-objdump
 │ │ +RANLIB=x86_64-conda-linux-gnu-ranlib
 │ │ +READELF=x86_64-conda-linux-gnu-readelf
 │ │ +SIZE=x86_64-conda-linux-gnu-size
 │ │ +STRINGS=x86_64-conda-linux-gnu-strings
 │ │ +STRIP=x86_64-conda-linux-gnu-strip
 │ │ INFO: activate-gcc_linux-64.sh made the following environmental changes:
 │ │ +BUILD=x86_64-conda-linux-gnu
 │ │ +CC=x86_64-conda-linux-gnu-cc
 │ │ +CC_FOR_BUILD=x86_64-conda-linux-gnu-cc
 │ │ +CFLAGS=-march=nocona -mtune=haswell -ftree-vectorize -fPIC -fstack-protector-strong -fno-plt -O2 -ffunction-sections -pipe -fno-merge-constants -isystem $
 │ │ PREFIX/include -fdebug-prefix-map=$SRC_DIR=/usr/local/src/conda/ros-humble-rtabmap-0.22.1 -fdebug-prefix-map=$PREFIX=/usr/local/src/conda-prefix
 │ │ +CMAKE_ARGS=-DCMAKE_AR=$BUILD_PREFIX/bin/x86_64-conda-linux-gnu-ar -DCMAKE_CXX_COMPILER_AR=$BUILD_PREFIX/bin/x86_64-conda-linux-gnu-gcc-ar -DCMAKE_C_COMPIL
 │ │ ER_AR=$BUILD_PREFIX/bin/x86_64-conda-linux-gnu-gcc-ar -DCMAKE_RANLIB=$BUILD_PREFIX/bin/x86_64-conda-linux-gnu-ranlib -DCMAKE_CXX_COMPILER_RANLIB=$BUILD_PRE
 │ │ FIX/bin/x86_64-conda-linux-gnu-gcc-ranlib -DCMAKE_C_COMPILER_RANLIB=$BUILD_PREFIX/bin/x86_64-conda-linux-gnu-gcc-ranlib -DCMAKE_LINKER=$BUILD_PREFIX/bin/x8
 │ │ 6_64-conda-linux-gnu-ld -DCMAKE_STRIP=$BUILD_PREFIX/bin/x86_64-conda-linux-gnu-strip -DCMAKE_BUILD_TYPE=Release -DCMAKE_FIND_ROOT_PATH_MODE_PROGRAM=NEVER -
 │ │ DCMAKE_FIND_ROOT_PATH_MODE_LIBRARY=ONLY -DCMAKE_FIND_ROOT_PATH_MODE_INCLUDE=ONLY -DCMAKE_FIND_ROOT_PATH=$PREFIX;$BUILD_PREFIX/x86_64-conda-linux-gnu/sysroo
 │ │ t -DCMAKE_INSTALL_PREFIX=$PREFIX -DCMAKE_INSTALL_LIBDIR=lib -DCMAKE_PROGRAM_PATH=$BUILD_PREFIX/bin;$PREFIX/bin -DCMAKE_POLICY_DEFAULT_CMP0094=NEW
 │ │ +CMAKE_PREFIX_PATH=$PREFIX:$BUILD_PREFIX/x86_64-conda-linux-gnu/sysroot/usr
 │ │ +CONDA_BUILD_CROSS_COMPILATION=
 │ │ +CONDA_BUILD_SYSROOT=$BUILD_PREFIX/x86_64-conda-linux-gnu/sysroot
 │ │ +CONDA_TOOLCHAIN_BUILD=x86_64-conda-linux-gnu
 │ │ +CONDA_TOOLCHAIN_HOST=x86_64-conda-linux-gnu
 │ │ +CPP=x86_64-conda-linux-gnu-cpp
 │ │ +CPPFLAGS=-DNDEBUG -D_FORTIFY_SOURCE=2 -O2 -isystem $PREFIX/include
 │ │ +CPP_FOR_BUILD=x86_64-conda-linux-gnu-cpp
 │ │ +DEBUG_CFLAGS=-march=nocona -mtune=haswell -ftree-vectorize -fPIC -fstack-protector-all -fno-plt -Og -g -Wall -Wextra -fvar-tracking-assignments -ffunction
 │ │ -sections -pipe -fno-merge-constants -isystem $PREFIX/include -fdebug-prefix-map=$SRC_DIR=/usr/local/src/conda/ros-humble-rtabmap-0.22.1 -fdebug-prefix-map
 │ │ =$PREFIX=/usr/local/src/conda-prefix
 │ │ +DEBUG_CPPFLAGS=-D_DEBUG -D_FORTIFY_SOURCE=2 -Og -isystem $PREFIX/include
 │ │ +GCC=x86_64-conda-linux-gnu-gcc
 │ │ +GCC_AR=x86_64-conda-linux-gnu-gcc-ar
 │ │ +GCC_NM=x86_64-conda-linux-gnu-gcc-nm
 │ │ +GCC_RANLIB=x86_64-conda-linux-gnu-gcc-ranlib
 │ │ +HOST=x86_64-conda-linux-gnu
 │ │ +LDFLAGS=-Wl,-O2 -Wl,--sort-common -Wl,--as-needed -Wl,-z,relro -Wl,-z,now -Wl,--disable-new-dtags -Wl,--gc-sections -Wl,--allow-shlib-undefined -Wl,-rpath
 │ │ ,$PREFIX/lib -Wl,-rpath-link,$PREFIX/lib -L$PREFIX/lib
 │ │ +LDFLAGS_LD=-O2 --sort-common --as-needed -z relro -z now --disable-new-dtags --gc-sections --allow-shlib-undefined -rpath $PREFIX/lib -rpath-link $PREFIX/
 │ │ lib -L$PREFIX/lib
 │ │ +MESON_ARGS=-Dbuildtype=release --prefix=$PREFIX -Dlibdir=lib
 │ │ +build_alias=x86_64-conda-linux-gnu
 │ │ +host_alias=x86_64-conda-linux-gnu
 │ │ -BUILD=x86_64-conda_cos6-linux-gnu
 │ │ -CONDA_BUILD_CROSS_COMPILATION=0
 │ │ INFO: activate-gxx_linux-64.sh made the following environmental changes:
 │ │ +CXX=x86_64-conda-linux-gnu-c++
 │ │ +CXXFLAGS=-fvisibility-inlines-hidden -fmessage-length=0 -march=nocona -mtune=haswell -ftree-vectorize -fPIC -fstack-protector-strong -fno-plt -O2 -ffuncti
 │ │ on-sections -pipe -fno-merge-constants -isystem $PREFIX/include -fdebug-prefix-map=$SRC_DIR=/usr/local/src/conda/ros-humble-rtabmap-0.22.1 -fdebug-prefix-m
 │ │ ap=$PREFIX=/usr/local/src/conda-prefix
 │ │ +CXX_FOR_BUILD=x86_64-conda-linux-gnu-c++
 │ │ +DEBUG_CXXFLAGS=-fvisibility-inlines-hidden -fmessage-length=0 -march=nocona -mtune=haswell -ftree-vectorize -fPIC -fstack-protector-all -fno-plt -Og -g -W
 │ │ all -Wextra -fvar-tracking-assignments -ffunction-sections -pipe -fno-merge-constants -isystem $PREFIX/include -fdebug-prefix-map=$SRC_DIR=/usr/local/src/c
 │ │ onda/ros-humble-rtabmap-0.22.1 -fdebug-prefix-map=$PREFIX=/usr/local/src/conda-prefix
 │ │ +GXX=x86_64-conda-linux-gnu-g++
 │ │ + /home/ubuntu/work/ros-humble/recipes/ros-humble-rtabmap/build_catkin.sh
 │ │ USING PYTHON_EXECUTABLE=$PREFIX/bin/python
 │ │ USING PKG_CONFIG_EXECUTABLE=$PREFIX/bin/pkg-config
 │ │ Using Python 3.12
 │ │ Using site-package dir $PREFIX/lib/python3.12/site-packages
 │ │ Ignoring COMPILE_WARNING_AS_ERROR target property and CMAKE_COMPILE_WARNING_AS_ERROR variable.
 │ │ -- The C compiler identification is GNU 14.4.0
 │ │ -- The CXX compiler identification is GNU 14.4.0
 │ │ -- Detecting C compiler ABI info
 │ │ -- Detecting C compiler ABI info - done
 │ │ -- Check for working C compiler: $BUILD_PREFIX/bin/x86_64-conda-linux-gnu-cc - skipped
 │ │ -- Detecting C compile features
 │ │ -- Detecting C compile features - done
 │ │ -- Detecting CXX compiler ABI info
 │ │ -- Detecting CXX compiler ABI info - done
 │ │ -- Check for working CXX compiler: $BUILD_PREFIX/bin/x86_64-conda-linux-gnu-c++ - skipped
 │ │ -- Detecting CXX compile features
 │ │ -- Detecting CXX compile features - done
 │ │ -- MOBILE_BUILD=OFF
 │ │ CMake Warning (dev) at CMakeLists.txt:88 (EXEC_PROGRAM):
 │ │   Policy CMP0153 is not set: The exec_program command should not be called.
 │ │   Run "cmake --help-policy CMP0153" for policy details.  Use the cmake_policy
 │ │   command to set the policy and suppress this warning.
 │ │   Use execute_process() instead.
 │ │ This warning is for project developers.  Use -Wno-dev to suppress it.
 │ │ -- Check if compiler accepts -pthread
 │ │ -- Check if compiler accepts -pthread - yes
 │ │ -- Performing Test HAVE_STDATOMIC
 │ │ -- Performing Test HAVE_STDATOMIC - Success
 │ │ -- Found OpenGL: $PREFIX/lib/libOpenGL.so
 │ │ -- Found OpenMP_CXX: -fopenmp (found version "4.5")
 │ │ -- Found OpenMP: TRUE (found version "4.5") found components: CXX
 │ │ -- Found flann version 1.9.2
 │ │ -- Found Qhull version 8.0.2
 │ │ -- Found PCL_COMMON: $PREFIX/lib/libpcl_common.so
 │ │ -- Found PCL_OCTREE: $PREFIX/lib/libpcl_octree.so
 │ │ -- Found PCL_IO_PLY: $PREFIX/lib/libpcl_io_ply.so
 │ │ -- Found PCL_IO: $PREFIX/lib/libpcl_io.so
 │ │ -- Found PCL_KDTREE: $PREFIX/lib/libpcl_kdtree.so
 │ │ -- Found PCL_SEARCH: $PREFIX/lib/libpcl_search.so
 │ │ -- Found PCL_SURFACE: $PREFIX/lib/libpcl_surface.so
 │ │ -- Found PCL_FILTERS: $PREFIX/lib/libpcl_filters.so
 │ │ -- Found PCL_2D: $PREFIX/include/pcl-1.15
 │ │ -- Found PCL_FEATURES: $PREFIX/lib/libpcl_features.so
 │ │ -- Found PCL_REGISTRATION: $PREFIX/lib/libpcl_registration.so
 │ │ -- Found PCL_SAMPLE_CONSENSUS: $PREFIX/lib/libpcl_sample_consensus.so
 │ │ -- Found PCL_GEOMETRY: $PREFIX/include/pcl-1.15
 │ │ -- Found PCL_ML: $PREFIX/lib/libpcl_ml.so
 │ │ -- Found PCL_SEGMENTATION: $PREFIX/lib/libpcl_segmentation.so
 │ │ -- Found PCL_VISUALIZATION: $PREFIX/lib/libpcl_visualization.so
 │ │ -- PCL definitions don't contain "-march=native", make sure all libraries using Eigen are also compiled without that flag to avoid some segmentation faults
 │ │  (with gdb referring to some Eigen functions).
 │ │ -- Found SQLite3: $PREFIX/include $PREFIX/lib/libsqlite3.so
 │ │ -- Found OpenMP_C: -fopenmp (found version "4.5")
 │ │ -- Found OpenMP: TRUE (found version "4.5") found components: C CXX
 │ │ -- Found OpenMP: $PREFIX/lib/libgomp.so;$BUILD_PREFIX/x86_64-conda-linux-gnu/sysroot/usr/lib/libpthread.so
 │ │ -- Add PCL_OMP to definitions
 │ │ -- Found OpenCV: $PREFIX/include/opencv4
 │ │ -- Found PCL: $PREFIX/include/pcl-1.15;$PREFIX/include/eigen3
 │ │ -- Found ZLIB: $PREFIX/include
 │ │ -- Found Python3: $PREFIX/bin/python (found suitable version "3.12.14", minimum required is "3.12") found components: Interpreter Development.Module Develo
 │ │ pment.Embed
 │ │ -- Found nlohmann_json: $PREFIX/share/cmake/nlohmann_json/nlohmann_jsonConfig.cmake (found version "3.12.0")
 │ │ -- Found Threads: TRUE
 │ │ -- Could NOT find WrapVulkanHeaders (missing: Vulkan_INCLUDE_DIR) 
 │ │ -- Found X11: $PREFIX/include
 │ │ -- Could NOT find LibXml2 (missing: LIBXML2_LIBRARY LIBXML2_INCLUDE_DIR) 
 │ │ -- Could not find the VTK package due to a missing dependency: LibXml2
 │ │ -- Found HDF5: $PREFIX/lib/libhdf5.so;$PREFIX/lib/libcrypto.so;$PREFIX/lib/libcurl.so;$BUILD_PREFIX/x86_64-conda-linux-gnu/sysroot/usr/lib/libpthread.so;$P
 │ │ REFIX/lib/libsz.so;$PREFIX/lib/libz.so;$BUILD_PREFIX/x86_64-conda-linux-gnu/sysroot/usr/lib/libdl.so;$BUILD_PREFIX/x86_64-conda-linux-gnu/sysroot/usr/lib/l
 │ │ ibm.so (found version "1.14.6") found components: C HL
 │ │ -- Found utf8cpp: $PREFIX/include
 │ │ CMake Warning (dev) at $PREFIX/lib/cmake/vtk-9.5/VTK-vtk-module-find-packages.cmake:591 (find_package):
 │ │   Policy CMP0167 is not set: The FindBoost module is removed.  Run "cmake
 │ │   --help-policy CMP0167" for policy details.  Use the cmake_policy command to
 │ │   set the policy and suppress this warning.
 │ │ Call Stack (most recent call first):
 │ │   $PREFIX/lib/cmake/vtk-9.5/vtk-config.cmake:171 (include)
 │ │   CMakeLists.txt:300 (FIND_PACKAGE)
 │ │ This warning is for project developers.  Use -Wno-dev to suppress it.
 │ │ -- Found Boost: $PREFIX/lib/cmake/Boost-1.88.0/BoostConfig.cmake (found suitable exact version "1.88.0")
 │ │ -- Found NetCDF: $PREFIX/include (found version "4.9.3")
 │ │ -- Found THEORA: $PREFIX/lib/libtheora.so
 │ │ -- Found OGG: $PREFIX/lib/libogg.so
 │ │ -- Found JsonCpp: $PREFIX/lib/libjsoncpp.so (found suitable version "1.9.6", minimum required is "0.7.0")
 │ │ -- Found ZLIB: $PREFIX/lib/libz.so (found version "1.3.2")
 │ │ -- Found PNG: $PREFIX/lib/libpng.so (found version "1.6.58")
 │ │ -- Found GL2PS: $PREFIX/lib/libgl2ps.so (found suitable version "1.4.2", minimum required is "1.4.2")
 │ │ -- Found LibPROJ: $PREFIX/lib/libproj.so (found version "9.7.1")
 │ │ -- Found SQLite3: $PREFIX/include (found version "3.53.4")
 │ │ -- Could NOT find WrapVulkanHeaders (missing: Vulkan_INCLUDE_DIR) 
 │ │ -- Found Eigen3: $PREFIX/include/eigen3 (found version "3.4.0")
 │ │ -- Found EXPAT: $PREFIX/lib/libexpat.so (found suitable version "2.8.1", minimum required is "2.5.0")
 │ │ -- Found LZ4: $PREFIX/lib/liblz4.so (found version "1.10.0")
 │ │ -- Found LZMA: $PREFIX/lib/liblzma.so (found version "5.8.3")
 │ │ -- Found JPEG: $PREFIX/lib/libjpeg.so (found version "80")
 │ │ -- Found TIFF: $PREFIX/lib/libtiff.so (found version "4.7.2")
 │ │ -- Could NOT find freetype (missing: freetype_DIR)
 │ │ -- Found Freetype: $PREFIX/lib/libfreetype.so (found version "2.14.3")
 │ │ -- Found OpenMP_C: -fopenmp (found version "4.5")
 │ │ -- Found OpenMP_CXX: -fopenmp (found version "4.5")
 │ │ -- Found OpenMP: TRUE (found version "4.5")
 │ │ -- Found double-conversion: $PREFIX/lib/libdouble-conversion.so
 │ │ -- VTK>=9 detected, will use VTK_QT_VERSION=6 for Qt version.
 │ │ -- VTK_RENDERING_BACKEND=
 │ │ -- Found Eigen3: $PREFIX/include/eigen3 (Required is at least version "2.91.0")
 │ │ -- Found g2o (targets)
 │ │ -- g2o include dir: $PREFIX/include
 │ │ -- Latest g2o factory version detected with shared ptr (factory file: $PREFIX/include/g2o/core/factory.h).
 │ │ CMake Warning (dev) at $BUILD_PREFIX/share/cmake-3.31/Modules/CMakeFindDependencyMacro.cmake:76 (find_package):
 │ │   Policy CMP0167 is not set: The FindBoost module is removed.  Run "cmake
 │ │   --help-policy CMP0167" for policy details.  Use the cmake_policy command to
 │ │   set the policy and suppress this warning.
 │ │ Call Stack (most recent call first):
 │ │   $PREFIX/lib/cmake/GTSAM/GTSAMConfig.cmake:21 (find_dependency)
 │ │   CMakeLists.txt:534 (FIND_PACKAGE)
 │ │ This warning is for project developers.  Use -Wno-dev to suppress it.
 │ │ -- GTSAM include directory:  $PREFIX/lib/cmake/GTSAM/../../../include
 │ │ -- FlyCapture2_INCLUDE_DIR=FlyCapture2_INCLUDE_DIR-NOTFOUND
 │ │ -- FlyCapture2_LIBRARY=FlyCapture2_LIBRARY-NOTFOUND
 │ │ -- Triclops_INCLUDE_DIR=Triclops_INCLUDE_DIR-NOTFOUND
 │ │ -- Triclops_LIBRARY=Triclops_LIBRARY-NOTFOUND
 │ │ -- FlyCaptureBridge_LIBRARY=FlyCaptureBridge_LIBRARY-NOTFOUND
 │ │ CMake Warning (dev) at CMakeLists.txt:579 (find_package):
 │ │   Policy CMP0167 is not set: The FindBoost module is removed.  Run "cmake
 │ │   --help-policy CMP0167" for policy details.  Use the cmake_policy command to
 │ │   set the policy and suppress this warning.
 │ │ This warning is for project developers.  Use -Wno-dev to suppress it.
 │ │ -- Found Boost: $PREFIX/lib/cmake/Boost-1.88.0/BoostConfig.cmake (found version "1.88.0") found components: thread filesystem system program_options date_t
 │ │ ime
 │ │ CMake Warning (dev) at CMakeLists.txt:581 (find_package):
 │ │   Policy CMP0167 is not set: The FindBoost module is removed.  Run "cmake
 │ │   --help-policy CMP0167" for policy details.  Use the cmake_policy command to
 │ │   set the policy and suppress this warning.
 │ │ This warning is for project developers.  Use -Wno-dev to suppress it.
 │ │ -- Found Boost: $PREFIX/lib/cmake/Boost-1.88.0/BoostConfig.cmake (found version "1.88.0") found components: thread filesystem system program_options date_t
 │ │ ime chrono timer serialization
 │ │ -- Found octomap 1.10.0: $PREFIX/include
 │ │ -- Architecture: x86_64
 │ │ -- Performing Test COMPILER_SUPPORTS_CXX17
 │ │ -- Performing Test COMPILER_SUPPORTS_CXX17 - Success
 │ │ -- Found Pthreads
 │ │ -- Performing Test COMPILER_HAS_HIDDEN_VISIBILITY
 │ │ -- Performing Test COMPILER_HAS_HIDDEN_VISIBILITY - Success
 │ │ -- Performing Test COMPILER_HAS_HIDDEN_INLINE_VISIBILITY
 │ │ -- Performing Test COMPILER_HAS_HIDDEN_INLINE_VISIBILITY - Success
 │ │ -- Performing Test COMPILER_HAS_DEPRECATED_ATTR
 │ │ -- Performing Test COMPILER_HAS_DEPRECATED_ATTR - Success
 │ │ -- --------------------------------------------
 │ │ -- Info :
 │ │ --   RTAB-Map Version =     0.22.1
 │ │ --   CMAKE_VERSION =        3.31.8
 │ │ --   CMAKE_INSTALL_PREFIX = $PREFIX
 │ │ --   CMAKE_BUILD_TYPE =     Release
 │ │ --   CMAKE_INSTALL_LIBDIR = lib
 │ │ --   BUILD_APP =            ON
 │ │ --   BUILD_TOOLS =          ON
 │ │ --   BUILD_EXAMPLES =       ON
 │ │ --   BUILD_SHARED_LIBS =    ON
 │ │ --   CMAKE_CXX_FLAGS = -fvisibility-inlines-hidden -fmessage-length=0 -march=nocona -mtune=haswell -ftree-vectorize -fPIC -fstack-protector-strong -fno-plt
 │ │  -O2 -ffunction-sections -pipe -fno-merge-constants -isystem $PREFIX/include -fdebug-prefix-map=$SRC_DIR=/usr/local/src/conda/ros-humble-rtabmap-0.22.1 -fd
 │ │ ebug-prefix-map=$PREFIX=/usr/local/src/conda-prefix -DBOOST_ERROR_CODE_HEADER_ONLY -D__STDC_FORMAT_MACROS=1 -fmessage-length=0 -fopenmp -std=c++17
 │ │ --   FLANN_KDTREE_MEM_OPT = OFF
 │ │ --   PCL_DEFINITIONS = 
 │ │ --   PCL_VERSION = 1.15.1
 │ │ -- 
 │ │ -- Optional dependencies ('*' affects some default parameters) :
 │ │ --  *With OpenCV 4.13.0 xfeatures2d = YES, nonfree = NO (License: Apache 2)
 │ │ --   With Qt 6.10.2            = YES (License: Open Source or Commercial)
 │ │ --   With VTK 9.5              = YES (License: BSD)
 │ │ --   With external SQLite3     = YES (License: Public Domain)
 │ │ --   With ORB OcTree           = YES (License: GPLv3)
 │ │ --   With SuperPoint          = NO (WITH_TORCH=OFF)
 │ │ --   With Python3              = NO (WITH_PYTHON=OFF)
 │ │ --   With Madgwick             = YES (License: GPL)
 │ │ --   With FastCV               = NO (FastCV not found)
 │ │ --   With PDAL                 = NO (PDAL not found)
 │ │ --   With libLAS               = NO (WITH_LIBLAS=OFF)
 │ │ --   With CudaSift             = NO (WITH_CUDASIFT=OFF)
 │ │ -- 
 │ │ --  Solvers:
 │ │ --   With TORO                 = YES (License: Creative Commons [Attribution-NonCommercial-ShareAlike])
 │ │ --  *With g2o 1.0.0            = YES (License: BSD)
 │ │ --  *With GTSAM 4.2.0          = YES (License: BSD)
 │ │ --  *With Ceres                = NO (WITH_CERES=OFF)
 │ │ --   With MRPT                 = NO (MRPT not found)
 │ │ --   With VERTIGO              = YES (License: GPLv3)
 │ │ --   With cvsba                = NO (WITH_CVSBA=OFF)
 │ │ --  *With libpointmatcher      = NO (libpointmatcher not found)
 │ │ --   With CCCoreLib            = NO (WITH_CCCORELIB=OFF)
 │ │ --   With Open3D               = NO (WITH_OPEN3D=OFF)
 │ │ --   With OpenGV               = NO (OpenGV not found)
 │ │ -- 
 │ │ --  Reconstruction Approaches:
 │ │ --   With OctoMap 1.10.0        = YES (License: BSD)
 │ │ --   With GridMap              = NO (grid_map_core not found)
 │ │ --   With CPUTSDF              = NO (WITH_CPUTSDF=OFF)
 │ │ --   With OpenChisel           = NO (WITH_OPENCHISEL=OFF)
 │ │ --   With AliceVision          = NO (WITH_ALICE_VISION=OFF)
 │ │ -- 
 │ │ --  Camera Drivers:
 │ │ --   With Freenect             = NO (libfreenect not found)
 │ │ --   With OpenNI               = NO (OpenNI not found)
 │ │ --   With OpenNI2              = NO (OpenNI2 not found)
 │ │ --   With Freenect2            = NO (libfreenect2 not found)
 │ │ --   With Kinect for Windows 2 = NO (Kinect for Windows 2 SDK not found)
 │ │ --   With Kinect for Azure     = NO (Kinect for Azure SDK not found)
 │ │ --   With dc1394               = NO (dc1394 not found)
 │ │ --   With FlyCapture2/Triclops = NO (Point Grey SDK not found)
 │ │ --   With ZED                  = NO (ZED sdk and/or cuda not found)
 │ │ --   With ZEDOC                = NO (ZED Open Capture not found)
 │ │ --   With RealSense            = NO (librealsense not found)
 │ │ --   With RealSense2           = NO (librealsense2 not found)
 │ │ --   With MyntEyeS             = NO (mynteye s sdk not found)
 │ │ --   With DepthAI              = NO (WITH_DEPTHAI=OFF)
 │ │ --   With XVisio SDK           = NO (WITH_XVSDK=OFF)
 │ │ -- 
 │ │ --  Odometry Approaches:
 │ │ --   With loam_velodyne        = NO (WITH_LOAM=OFF)
 │ │ --   With floam                = NO (WITH_FLOAM=OFF)
 │ │ --   With libfovis             = NO (WITH_FOVIS=OFF)
 │ │ --   With libviso2             = NO (WITH_VISO2=OFF)
 │ │ --   With dvo_core             = NO (WITH_DVO=OFF)
 │ │ --   With okvis                = NO (WITH_OKVIS=OFF)
 │ │ --   With msckf_vio            = NO (WITH_MSCKF_VIO=OFF)
 │ │ --   With VINS-Fusion          = NO (WITH_VINS=OFF)
 │ │ --   With OpenVINS             = NO (WITH_OPENVINS=OFF)
 │ │ --   With ORB_SLAM             = NO (WITH_ORB_SLAM=OFF)
 │ │ -- Show all options with: cmake -LA | grep WITH_
 │ │ -- --------------------------------------------
 │ │ -- Configuring done (3.7s)
 │ │ CMake Warning at tools/EurocDataset/CMakeLists.txt:36 (ADD_EXECUTABLE):
 │ │   Cannot generate a safe runtime search path for target euroc_dataset because
 │ │   files in some directories may conflict with libraries in implicit
 │ │   directories:
 │ │     runtime library [libgomp.so.1] in $PREFIX/lib may be hidden by files in:
 │ │       /home/ubuntu/micromamba/envs/build/lib
 │ │     runtime library [liblz4.so.1] in $PREFIX/lib may be hidden by files in:
 │ │       /home/ubuntu/micromamba/envs/build/lib
 │ │   Some of these libraries may not be found correctly.
 │ │ CMake Warning:
 │ │   Manually-specified variables were not used by the project:
 │ │ -- Generating done (0.4s)
 │ │     CATKIN_BUILD_BINARY_PACKAGE
 │ │     CATKIN_SKIP_TESTING
 │ │     PYTHON_EXECUTABLE
 │ │     PYTHON_INSTALL_DIR
 │ │     Python_EXECUTABLE
 │ │     SETUPTOOLS_DEB_LAYOUT
 │ │ -- Build files have been written to: $SRC_DIR/build
 │ │ [1/257] Building CXX object utilite/src/CMakeFiles/rtabmap_utilite.dir/UThread.cpp.o
 │ │ [2/257] Building CXX object utilite/src/CMakeFiles/rtabmap_utilite.dir/UEventsHandler.cpp.o
 │ │ [3/257] Building CXX object utilite/src/CMakeFiles/rtabmap_utilite.dir/UTimer.cpp.o
 │ │ [4/257] Building CXX object utilite/src/CMakeFiles/rtabmap_utilite.dir/UEventsSender.cpp.o
 │ │ [5/257] Building CXX object utilite/src/CMakeFiles/rtabmap_utilite.dir/UProcessInfo.cpp.o
 │ │ [6/257] Building CXX object utilite/src/CMakeFiles/rtabmap_utilite.dir/UFile.cpp.o
 │ │ [7/257] Building CXX object utilite/src/CMakeFiles/rtabmap_utilite.dir/UEventsManager.cpp.o
 │ │ [8/257] Building CXX object utilite/src/CMakeFiles/rtabmap_utilite.dir/UDirectory.cpp.o
 │ │ [9/257] Building CXX object utilite/src/CMakeFiles/rtabmap_utilite.dir/UConversion.cpp.o
 │ │ [10/257] Building CXX object utilite/resource_generator/CMakeFiles/res_tool.dir/main.cpp.o
 │ │ [11/257] Building CXX object utilite/src/CMakeFiles/rtabmap_utilite.dir/UVariant.cpp.o
 │ │ [12/257] Building CXX object utilite/src/CMakeFiles/rtabmap_utilite.dir/ULogger.cpp.o
 │ │ [13/257] Linking CXX shared library bin/librtabmap_utilite.so.0.22.1
 │ │ [14/257] Creating library symlink bin/librtabmap_utilite.so.0.22 bin/librtabmap_utilite.so
 │ │ [15/257] Linking CXX executable bin/rtabmap-res_tool-0.3.0
 │ │ [16/257] Creating executable symlink bin/rtabmap-res_tool
 │ │ [17/257] [Creating resources]
 │ │  Using namespace=rtabmap
 │ │  Using target directory=$SRC_DIR/build/corelib/src
 │ │ Input file "$SRC_DIR/ros-humble-rtabmap/src/work/corelib/src/resources/DatabaseSchema.sql" size = 5963 bytes
 │ │ Output file "$SRC_DIR/build/corelib/src/DatabaseSchema_sql.h" size = 12153 bytes
 │ │ Input file "$SRC_DIR/ros-humble-rtabmap/src/work/corelib/src/resources/backward_compatibility/DatabaseSchema_0_20_0.sql" size = 5900 bytes
 │ │ Output file "$SRC_DIR/build/corelib/src/DatabaseSchema_0_20_0_sql.h" size = 12055 bytes
 │ │ Input file "$SRC_DIR/ros-humble-rtabmap/src/work/corelib/src/resources/backward_compatibility/DatabaseSchema_0_18_3.sql" size = 5749 bytes
 │ │ Output file "$SRC_DIR/build/corelib/src/DatabaseSchema_0_18_3_sql.h" size = 11753 bytes
 │ │ Input file "$SRC_DIR/ros-humble-rtabmap/src/work/corelib/src/resources/backward_compatibility/DatabaseSchema_0_18_0.sql" size = 5749 bytes
 │ │ Output file "$SRC_DIR/build/corelib/src/DatabaseSchema_0_18_0_sql.h" size = 11753 bytes
 │ │ Input file "$SRC_DIR/ros-humble-rtabmap/src/work/corelib/src/resources/backward_compatibility/DatabaseSchema_0_17_0.sql" size = 5432 bytes
 │ │ Output file "$SRC_DIR/build/corelib/src/DatabaseSchema_0_17_0_sql.h" size = 11119 bytes
 │ │ Input file "$SRC_DIR/ros-humble-rtabmap/src/work/corelib/src/resources/backward_compatibility/DatabaseSchema_0_16_2.sql" size = 5362 bytes
 │ │ Output file "$SRC_DIR/build/corelib/src/DatabaseSchema_0_16_2_sql.h" size = 10979 bytes
 │ │ Input file "$SRC_DIR/ros-humble-rtabmap/src/work/corelib/src/resources/backward_compatibility/DatabaseSchema_0_16_1.sql" size = 5286 bytes
 │ │ Output file "$SRC_DIR/build/corelib/src/DatabaseSchema_0_16_1_sql.h" size = 10827 bytes
 │ │ Input file "$SRC_DIR/ros-humble-rtabmap/src/work/corelib/src/resources/backward_compatibility/DatabaseSchema_0_16_0.sql" size = 5273 bytes
 │ │ Output file "$SRC_DIR/build/corelib/src/DatabaseSchema_0_16_0_sql.h" size = 10801 bytes
 │ │ [18/257] Building CXX object corelib/src/CMakeFiles/rtabmap_core.dir/SensorCapture.cpp.o
 │ │ [19/257] Building CXX object corelib/src/CMakeFiles/rtabmap_core.dir/Statistics.cpp.o
 │ │ [20/257] Building CXX object corelib/src/CMakeFiles/rtabmap_core.dir/Recovery.cpp.o
 │ │ [21/257] Building CXX object corelib/src/CMakeFiles/rtabmap_core.dir/Camera.cpp.o
 │ │ [22/257] Building CXX object corelib/src/CMakeFiles/rtabmap_core.dir/RtabmapThread.cpp.o
 │ │ [23/257] Building CXX object corelib/src/CMakeFiles/rtabmap_core.dir/DBDriver.cpp.o
 │ │ [24/257] Building CXX object corelib/src/CMakeFiles/rtabmap_core.dir/DBReader.cpp.o
 │ │ [25/257] Building CXX object corelib/src/CMakeFiles/rtabmap_core.dir/SensorCaptureThread.cpp.o
 │ │ [26/257] Building CXX object corelib/src/CMakeFiles/rtabmap_core.dir/CameraModel.cpp.o
 │ │ [27/257] Building CXX object corelib/src/CMakeFiles/rtabmap_core.dir/camera/CameraFreenect.cpp.o
 │ │ [28/257] Building CXX object corelib/src/CMakeFiles/rtabmap_core.dir/camera/CameraFreenect2.cpp.o
 │ │ [29/257] Building CXX object corelib/src/CMakeFiles/rtabmap_core.dir/camera/CameraK4W2.cpp.o
 │ │ [30/257] Building CXX object corelib/src/CMakeFiles/rtabmap_core.dir/camera/CameraOpenni.cpp.o
 │ │ [31/257] Building CXX object corelib/src/CMakeFiles/rtabmap_core.dir/camera/CameraK4A.cpp.o
 │ │ [32/257] Building CXX object corelib/src/CMakeFiles/rtabmap_core.dir/camera/CameraOpenNICV.cpp.o
 │ │ [33/257] Building CXX object corelib/src/CMakeFiles/rtabmap_core.dir/camera/CameraOpenNI2.cpp.o
 │ │ [34/257] Building CXX object corelib/src/CMakeFiles/rtabmap_core.dir/camera/CameraRGBDImages.cpp.o
 │ │ [35/257] Building CXX object corelib/src/CMakeFiles/rtabmap_core.dir/DBDriverSqlite3.cpp.o
 │ │ [36/257] Building CXX object corelib/src/CMakeFiles/rtabmap_core.dir/camera/CameraStereoDC1394.cpp.o
 │ │ [37/257] Building CXX object corelib/src/CMakeFiles/rtabmap_core.dir/camera/CameraRealSense2.cpp.o
 │ │ [38/257] Building CXX object corelib/src/CMakeFiles/rtabmap_core.dir/camera/CameraRealSense.cpp.o
 │ │ [39/257] Building CXX object corelib/src/CMakeFiles/rtabmap_core.dir/camera/CameraImages.cpp.o
 │ │ [40/257] Building CXX object corelib/src/CMakeFiles/rtabmap_core.dir/camera/CameraStereoFlyCapture2.cpp.o
 │ │ [41/257] Building CXX object corelib/src/CMakeFiles/rtabmap_core.dir/camera/CameraStereoImages.cpp.o
 │ │ [42/257] Building CXX object corelib/src/CMakeFiles/rtabmap_core.dir/camera/CameraStereoZedOC.cpp.o
 │ │ [43/257] Building CXX object corelib/src/CMakeFiles/rtabmap_core.dir/camera/CameraStereoZed.cpp.o
 │ │ [44/257] Building CXX object corelib/src/CMakeFiles/rtabmap_core.dir/camera/CameraStereoVideo.cpp.o
 │ │ [45/257] Building CXX object corelib/src/CMakeFiles/rtabmap_core.dir/VisualWord.cpp.o
 │ │ [46/257] Building CXX object corelib/src/CMakeFiles/rtabmap_core.dir/camera/CameraMyntEye.cpp.o
 │ │ [47/257] Building CXX object corelib/src/CMakeFiles/rtabmap_core.dir/camera/CameraVideo.cpp.o
 │ │ [48/257] Building CXX object corelib/src/CMakeFiles/rtabmap_core.dir/camera/CameraStereoTara.cpp.o
 │ │ [49/257] Building CXX object corelib/src/CMakeFiles/rtabmap_core.dir/Rtabmap.cpp.o
 │ │ [50/257] Building CXX object corelib/src/CMakeFiles/rtabmap_core.dir/camera/CameraSeerSense.cpp.o
 │ │ [51/257] Building CXX object corelib/src/CMakeFiles/rtabmap_core.dir/camera/CameraDepthAI.cpp.o
 │ │ [52/257] Building CXX object corelib/src/CMakeFiles/rtabmap_core.dir/GeodeticCoords.cpp.o
 │ │ [53/257] Building CXX object corelib/src/CMakeFiles/rtabmap_core.dir/Memory.cpp.o
 │ │ [54/257] Building CXX object corelib/src/CMakeFiles/rtabmap_core.dir/EpipolarGeometry.cpp.o
 │ │ [55/257] Building CXX object corelib/src/CMakeFiles/rtabmap_core.dir/BayesFilter.cpp.o
 │ │ [56/257] Building CXX object corelib/src/CMakeFiles/rtabmap_core.dir/Signature.cpp.o
 │ │ [57/257] Building CXX object corelib/src/CMakeFiles/rtabmap_core.dir/VWDictionary.cpp.o
 │ │ [58/257] Building CXX object corelib/src/CMakeFiles/rtabmap_core.dir/Transform.cpp.o
 │ │ [59/257] Building CXX object corelib/src/CMakeFiles/rtabmap_core.dir/Features2d.cpp.o
 │ │ [60/257] Building CXX object corelib/src/CMakeFiles/rtabmap_core.dir/util3d_transforms.cpp.o
 │ │ [61/257] Building CXX object corelib/src/CMakeFiles/rtabmap_core.dir/util2d.cpp.o
 │ │ [62/257] Building CXX object corelib/src/CMakeFiles/rtabmap_core.dir/rvl_codec.cpp.o
 │ │ [63/257] Building CXX object corelib/src/CMakeFiles/rtabmap_core.dir/util3d_mapping.cpp.o
 │ │ [64/257] Building CXX object corelib/src/CMakeFiles/rtabmap_core.dir/util3d_features.cpp.o
 │ │ [65/257] Building CXX object corelib/src/CMakeFiles/rtabmap_core.dir/util3d_correspondences.cpp.o
 │ │ [66/257] Building CXX object corelib/src/CMakeFiles/rtabmap_core.dir/Compression.cpp.o
 │ │ [67/257] Building CXX object corelib/src/CMakeFiles/rtabmap_core.dir/Link.cpp.o
 │ │ [68/257] Building CXX object corelib/src/CMakeFiles/rtabmap_core.dir/Parameters.cpp.o
 │ │ [69/257] Building CXX object corelib/src/CMakeFiles/rtabmap_core.dir/SensorData.cpp.o
 │ │ [70/257] Building CXX object corelib/src/CMakeFiles/rtabmap_core.dir/util3d_motion_estimation.cpp.o
 │ │ [71/257] Building CXX object corelib/src/CMakeFiles/rtabmap_core.dir/LaserScan.cpp.o
 │ │ [72/257] Building CXX object corelib/src/CMakeFiles/rtabmap_core.dir/util3d.cpp.o
 │ │ [73/257] Building CXX object corelib/src/CMakeFiles/rtabmap_core.dir/optimizer/OptimizerCVSBA.cpp.o
 │ │ [74/257] Building CXX object corelib/src/CMakeFiles/rtabmap_core.dir/optimizer/OptimizerTORO.cpp.o
 │ │ [75/257] Building CXX object corelib/src/CMakeFiles/rtabmap_core.dir/optimizer/OptimizerCeres.cpp.o
 │ │ [76/257] Building CXX object corelib/src/CMakeFiles/rtabmap_core.dir/Optimizer.cpp.o
 │ │ [77/257] Building CXX object corelib/src/CMakeFiles/rtabmap_core.dir/util3d_filtering.cpp.o
 │ │ [78/257] Building CXX object corelib/src/CMakeFiles/rtabmap_core.dir/Graph.cpp.o
 │ │ [79/257] Building CXX object corelib/src/CMakeFiles/rtabmap_core.dir/OdometryInfo.cpp.o
 │ │ [80/257] Building CXX object corelib/src/CMakeFiles/rtabmap_core.dir/OdometryThread.cpp.o
 │ │ [81/257] Building CXX object corelib/src/CMakeFiles/rtabmap_core.dir/Registration.cpp.o
 │ │ [82/257] Building CXX object corelib/src/CMakeFiles/rtabmap_core.dir/RegistrationIcp.cpp.o
 │ │ [83/257] Building CXX object corelib/src/CMakeFiles/rtabmap_core.dir/util3d_registration.cpp.o
 │ │ In file included from $BUILD_PREFIX/lib/gcc/x86_64-conda-linux-gnu/14.4.0/include/emmintrin.h:31,
 │ │                  from $PREFIX/include/eigen3/Eigen/src/Core/util/ConfigureVectorization.h:346,
 │ │                  from $PREFIX/include/eigen3/Eigen/Core:22,
 │ │                  from $PREFIX/include/eigen3/Eigen/StdVector:14,
 │ │                  from $PREFIX/include/pcl-1.15/pcl/point_cloud.h:45,
 │ │                  from $SRC_DIR/ros-humble-rtabmap/src/work/corelib/src/../include/rtabmap/core/util3d_registration.h:33,
 │ │                  from $SRC_DIR/ros-humble-rtabmap/src/work/corelib/src/util3d_registration.cpp:28:
 │ │ In function '__m128 _mm_loadu_ps(const float*)',
 │ │     inlined from 'Packet Eigen::internal::ploadu(const typename unpacket_traits<T>::type*) [with Packet = __vector(4) float]' at $PREFIX/include/eigen3/Eig
 │ │ en/src/Core/arch/SSE/PacketMath.h:739:22,
 │ │     inlined from 'Packet Eigen::internal::ploadt(const typename unpacket_traits<T>::type*) [with Packet = __vector(4) float; int Alignment = 0]' at $PREFIX
 │ │ /include/eigen3/Eigen/src/Core/GenericPacketMath.h:969:26,
 │ │     inlined from 'PacketType Eigen::internal::evaluator<Eigen::PlainObjectBase<Derived> >::packet(Eigen::Index) const [with int LoadMode = 0; PacketType = 
 │ │ __vector(4) float; Derived = Eigen::Matrix<float, 3, 1>]' at $PREFIX/include/eigen3/Eigen/src/Core/CoreEvaluators.h:245:40,
 │ │     inlined from 'void Eigen::internal::generic_dense_assignment_kernel<DstEvaluatorTypeT, SrcEvaluatorTypeT, Functor, Version>::assignPacket(Eigen::Index)
 │ │  [with int StoreMode = 16; int LoadMode = 0; PacketType = __vector(4) float; DstEvaluatorTypeT = Eigen::internal::evaluator<Eigen::Block<Eigen::Block<Eigen
 │ │ ::Matrix<float, 4, 4>, 4, 1, true>, -1, 1, false> >; SrcEvaluatorTypeT = Eigen::internal::evaluator<Eigen::Matrix<float, 3, 1> >; Functor = Eigen::internal
 │ │ ::assign_op<float, float>; int Version = 0]' at $PREFIX/include/eigen3/Eigen/src/Core/AssignEvaluator.h:681:114,
 │ │     inlined from 'static void Eigen::internal::dense_assignment_loop<Kernel, 3, 0>::run(Kernel&) [with Kernel = Eigen::internal::generic_dense_assignment_k
 │ │ ernel<Eigen::internal::evaluator<Eigen::Block<Eigen::Block<Eigen::Matrix<float, 4, 4>, 4, 1, true>, -1, 1, false> >, Eigen::internal::evaluator<Eigen::Matr
 │ │ ix<float, 3, 1> >, Eigen::internal::assign_op<float, float>, 0>]' at $PREFIX/include/eigen3/Eigen/src/Core/AssignEvaluator.h:437:75,
 │ │     inlined from 'void Eigen::internal::call_dense_assignment_loop(DstXprType&, const SrcXprType&, const Functor&) [with DstXprType = Eigen::Block<Eigen::B
 │ │ lock<Eigen::Matrix<float, 4, 4>, 4, 1, true>, -1, 1, false>; SrcXprType = Eigen::Matrix<float, 3, 1>; Functor = assign_op<float, float>]' at $PREFIX/includ
 │ │ e/eigen3/Eigen/src/Core/AssignEvaluator.h:785:37,
 │ │     inlined from 'static void Eigen::internal::Assignment<DstXprType, SrcXprType, Functor, Eigen::internal::Dense2Dense, Weak>::run(DstXprType&, const SrcX
 │ │ prType&, const Functor&) [with DstXprType = Eigen::Block<Eigen::Block<Eigen::Matrix<float, 4, 4>, 4, 1, true>, -1, 1, false>; SrcXprType = Eigen::Matrix<fl
 │ │ oat, 3, 1>; Functor = Eigen::internal::assign_op<float, float>; Weak = void]' at $PREFIX/include/eigen3/Eigen/src/Core/AssignEvaluator.h:954:31,
 │ │     inlined from 'void Eigen::internal::call_assignment_no_alias(Dst&, const Src&, const Func&) [with Dst = Eigen::Block<Eigen::Block<Eigen::Matrix<float, 
 │ │ 4, 4>, 4, 1, true>, -1, 1, false>; Src = Eigen::Matrix<float, 3, 1>; Func = assign_op<float, float>]' at $PREFIX/include/eigen3/Eigen/src/Core/AssignEvalua
 │ │ tor.h:890:49,
 │ │     inlined from 'void Eigen::internal::call_assignment(Dst&, const Src&, const Func&, typename enable_if<(! evaluator_assume_aliasing<Src>::value), void*>
 │ │ ::type) [with Dst = Eigen::Block<Eigen::Block<Eigen::Matrix<float, 4, 4>, 4, 1, true>, -1, 1, false>; Src = Eigen::Matrix<float, 3, 1>; Func = assign_op<fl
 │ │ oat, float>]' at $PREFIX/include/eigen3/Eigen/src/Core/AssignEvaluator.h:858:27,
 │ │     inlined from 'void Eigen::internal::call_assignment(Dst&, const Src&) [with Dst = Eigen::Block<Eigen::Block<Eigen::Matrix<float, 4, 4>, 4, 1, true>, -1
 │ │ , 1, false>; Src = Eigen::Matrix<float, 3, 1>]' at $PREFIX/include/eigen3/Eigen/src/Core/AssignEvaluator.h:836:18,
 │ │     inlined from 'Derived& Eigen::MatrixBase<Derived>::operator=(const Eigen::DenseBase<OtherDerived>&) [with OtherDerived = Eigen::Matrix<float, 3, 1>; De
 │ │ rived = Eigen::Block<Eigen::Block<Eigen::Matrix<float, 4, 4>, 4, 1, true>, -1, 1, false>]' at $PREFIX/include/eigen3/Eigen/src/Core/Assign.h:66:28,
 │ │     inlined from 'typename Eigen::internal::umeyama_transform_matrix_type<MatrixType, OtherMatrixType>::type Eigen::umeyama(const MatrixBase<Derived>&, con
 │ │ st MatrixBase<U>&, bool) [with Derived = Matrix<float, 3, -1>; OtherDerived = Matrix<float, 3, -1>]' at $PREFIX/include/eigen3/Eigen/src/Geometry/Umeyama.h
 │ │ :157:23:
 │ │ $BUILD_PREFIX/lib/gcc/x86_64-conda-linux-gnu/14.4.0/include/xmmintrin.h:940:23: warning: array subscript '__m128_u[0]' is partly outside array bounds of 'c
 │ │ onst VectorType [1]' {aka 'const Eigen::Matrix<float, 3, 1> [1]'} [-Warray-bounds=]
 │ │   940 |   return *(__m128_u *)__P;
 │ │       |                       ^~~
 │ │ In file included from $PREFIX/include/eigen3/Eigen/Geometry:50,
 │ │                  from $PREFIX/include/pcl-1.15/pcl/point_cloud.h:46:
 │ │ $PREFIX/include/eigen3/Eigen/src/Geometry/Umeyama.h: In function 'typename Eigen::internal::umeyama_transform_matrix_type<MatrixType, OtherMatrixType>::typ
 │ │ e Eigen::umeyama(const MatrixBase<Derived>&, const MatrixBase<U>&, bool) [with Derived = Matrix<float, 3, -1>; OtherDerived = Matrix<float, 3, -1>]':
 │ │ $PREFIX/include/eigen3/Eigen/src/Geometry/Umeyama.h:119:20: note: at offset [0, 8] into object 'dst_mean' of size 12
 │ │   119 |   const VectorType dst_mean = dst.rowwise().sum() * one_over_n;
 │ │       |                    ^~~~~~~~
 │ │ In function '__m128 _mm_loadu_ps(const float*)',
 │ │     inlined from 'Packet Eigen::internal::ploadu(const typename unpacket_traits<T>::type*) [with Packet = __vector(4) float]' at $PREFIX/include/eigen3/Eig
 │ │ en/src/Core/arch/SSE/PacketMath.h:739:22,
 │ │     inlined from 'Packet Eigen::internal::ploadt(const typename unpacket_traits<T>::type*) [with Packet = __vector(4) float; int Alignment = 0]' at $PREFIX
 │ │ /include/eigen3/Eigen/src/Core/GenericPacketMath.h:969:26,
 │ │     inlined from 'PacketType Eigen::internal::evaluator<Eigen::PlainObjectBase<Derived> >::packet(Eigen::Index) const [with int LoadMode = 0; PacketType = 
 │ │ __vector(4) float; Derived = Eigen::Matrix<float, 3, 1>]' at $PREFIX/include/eigen3/Eigen/src/Core/CoreEvaluators.h:245:40,
 │ │     inlined from 'void Eigen::internal::generic_dense_assignment_kernel<DstEvaluatorTypeT, SrcEvaluatorTypeT, Functor, Version>::assignPacket(Eigen::Index)
 │ │  [with int StoreMode = 16; int LoadMode = 0; PacketType = __vector(4) float; DstEvaluatorTypeT = Eigen::internal::evaluator<Eigen::Block<Eigen::Block<Eigen
 │ │ ::Matrix<float, 4, 4>, 4, 1, true>, -1, 1, false> >; SrcEvaluatorTypeT = Eigen::internal::evaluator<Eigen::Matrix<float, 3, 1> >; Functor = Eigen::internal
 │ │ ::assign_op<float, float>; int Version = 0]' at $PREFIX/include/eigen3/Eigen/src/Core/AssignEvaluator.h:681:114,
 │ │     inlined from 'static void Eigen::internal::dense_assignment_loop<Kernel, 3, 0>::run(Kernel&) [with Kernel = Eigen::internal::generic_dense_assignment_k
 │ │ ernel<Eigen::internal::evaluator<Eigen::Block<Eigen::Block<Eigen::Matrix<float, 4, 4>, 4, 1, true>, -1, 1, false> >, Eigen::internal::evaluator<Eigen::Matr
 │ │ ix<float, 3, 1> >, Eigen::internal::assign_op<float, float>, 0>]' at $PREFIX/include/eigen3/Eigen/src/Core/AssignEvaluator.h:437:75,
 │ │     inlined from 'void Eigen::internal::call_dense_assignment_loop(DstXprType&, const SrcXprType&, const Functor&) [with DstXprType = Eigen::Block<Eigen::B
 │ │ lock<Eigen::Matrix<float, 4, 4>, 4, 1, true>, -1, 1, false>; SrcXprType = Eigen::Matrix<float, 3, 1>; Functor = assign_op<float, float>]' at $PREFIX/includ
 │ │ e/eigen3/Eigen/src/Core/AssignEvaluator.h:785:37,
 │ │     inlined from 'static void Eigen::internal::Assignment<DstXprType, SrcXprType, Functor, Eigen::internal::Dense2Dense, Weak>::run(DstXprType&, const SrcX
 │ │ prType&, const Functor&) [with DstXprType = Eigen::Block<Eigen::Block<Eigen::Matrix<float, 4, 4>, 4, 1, true>, -1, 1, false>; SrcXprType = Eigen::Matrix<fl
 │ │ oat, 3, 1>; Functor = Eigen::internal::assign_op<float, float>; Weak = void]' at $PREFIX/include/eigen3/Eigen/src/Core/AssignEvaluator.h:954:31,
 │ │     inlined from 'void Eigen::internal::call_assignment_no_alias(Dst&, const Src&, const Func&) [with Dst = Eigen::Block<Eigen::Block<Eigen::Matrix<float, 
 │ │ 4, 4>, 4, 1, true>, -1, 1, false>; Src = Eigen::Matrix<float, 3, 1>; Func = assign_op<float, float>]' at $PREFIX/include/eigen3/Eigen/src/Core/AssignEvalua
 │ │ tor.h:890:49,
 │ │     inlined from 'void Eigen::internal::call_assignment(Dst&, const Src&, const Func&, typename enable_if<(! evaluator_assume_aliasing<Src>::value), void*>
 │ │ ::type) [with Dst = Eigen::Block<Eigen::Block<Eigen::Matrix<float, 4, 4>, 4, 1, true>, -1, 1, false>; Src = Eigen::Matrix<float, 3, 1>; Func = assign_op<fl
 │ │ oat, float>]' at $PREFIX/include/eigen3/Eigen/src/Core/AssignEvaluator.h:858:27,
 │ │     inlined from 'void Eigen::internal::call_assignment(Dst&, const Src&) [with Dst = Eigen::Block<Eigen::Block<Eigen::Matrix<float, 4, 4>, 4, 1, true>, -1
 │ │ , 1, false>; Src = Eigen::Matrix<float, 3, 1>]' at $PREFIX/include/eigen3/Eigen/src/Core/AssignEvaluator.h:836:18,
 │ │     inlined from 'Derived& Eigen::MatrixBase<Derived>::operator=(const Eigen::DenseBase<OtherDerived>&) [with OtherDerived = Eigen::Matrix<float, 3, 1>; De
 │ │ rived = Eigen::Block<Eigen::Block<Eigen::Matrix<float, 4, 4>, 4, 1, true>, -1, 1, false>]' at $PREFIX/include/eigen3/Eigen/src/Core/Assign.h:66:28,
 │ │     inlined from 'typename Eigen::internal::umeyama_transform_matrix_type<MatrixType, OtherMatrixType>::type Eigen::umeyama(const MatrixBase<Derived>&, con
 │ │ st MatrixBase<U>&, bool) [with Derived = Matrix<float, 3, -1>; OtherDerived = Matrix<float, 3, -1>]' at $PREFIX/include/eigen3/Eigen/src/Geometry/Umeyama.h
 │ │ :151:23:
 │ │ $BUILD_PREFIX/lib/gcc/x86_64-conda-linux-gnu/14.4.0/include/xmmintrin.h:940:23: warning: array subscript '__m128_u[0]' is partly outside array bounds of 'c
 │ │ onst VectorType [1]' {aka 'const Eigen::Matrix<float, 3, 1> [1]'} [-Warray-bounds=]
 │ │   940 |   return *(__m128_u *)__P;
 │ │       |                       ^~~
 │ │ $PREFIX/include/eigen3/Eigen/src/Geometry/Umeyama.h: In function 'typename Eigen::internal::umeyama_transform_matrix_type<MatrixType, OtherMatrixType>::typ
 │ │ e Eigen::umeyama(const MatrixBase<Derived>&, const MatrixBase<U>&, bool) [with Derived = Matrix<float, 3, -1>; OtherDerived = Matrix<float, 3, -1>]':
 │ │ $PREFIX/include/eigen3/Eigen/src/Geometry/Umeyama.h:119:20: note: at offset [0, 8] into object 'dst_mean' of size 12
 │ │   119 |   const VectorType dst_mean = dst.rowwise().sum() * one_over_n;
 │ │       |                    ^~~~~~~~
 │ │ [84/257] Building CXX object corelib/src/CMakeFiles/rtabmap_core.dir/util3d_surface.cpp.o
 │ │ [85/257] Building CXX object corelib/src/CMakeFiles/rtabmap_core.dir/odometry/OdometryDVO.cpp.o
 │ │ [86/257] Building CXX object corelib/src/CMakeFiles/rtabmap_core.dir/odometry/OdometryFovis.cpp.o
 │ │ [87/257] Building CXX object corelib/src/CMakeFiles/rtabmap_core.dir/odometry/OdometryViso2.cpp.o
 │ │ [88/257] Building CXX object corelib/src/CMakeFiles/rtabmap_core.dir/odometry/OdometryF2F.cpp.o
 │ │ [89/257] Building CXX object corelib/src/CMakeFiles/rtabmap_core.dir/Odometry.cpp.o
 │ │ [90/257] Building CXX object corelib/src/CMakeFiles/rtabmap_core.dir/odometry/OdometryF2M.cpp.o
 │ │ [91/257] Building CXX object corelib/src/CMakeFiles/rtabmap_core.dir/odometry/OdometryMono.cpp.o
 │ │ [92/257] Building CXX object corelib/src/CMakeFiles/rtabmap_core.dir/odometry/OdometryOkvis.cpp.o
 │ │ [93/257] Building CXX object corelib/src/CMakeFiles/rtabmap_core.dir/odometry/OdometryORBSLAM2.cpp.o
 │ │ [94/257] Building CXX object corelib/src/CMakeFiles/rtabmap_core.dir/odometry/OdometryORBSLAM3.cpp.o
 │ │ [95/257] Building CXX object corelib/src/CMakeFiles/rtabmap_core.dir/odometry/OdometryLOAM.cpp.o
 │ │ [96/257] Building CXX object corelib/src/CMakeFiles/rtabmap_core.dir/RegistrationVis.cpp.o
 │ │ [97/257] Building CXX object corelib/src/CMakeFiles/rtabmap_core.dir/odometry/OdometryMSCKF.cpp.o
 │ │ [98/257] Building CXX object corelib/src/CMakeFiles/rtabmap_core.dir/IMU.cpp.o
 │ │ [99/257] Building CXX object corelib/src/CMakeFiles/rtabmap_core.dir/odometry/OdometryFLOAM.cpp.o
 │ │ [100/257] Building CXX object corelib/src/CMakeFiles/rtabmap_core.dir/odometry/OdometryVINS.cpp.o
 │ │ [101/257] Building CXX object corelib/src/CMakeFiles/rtabmap_core.dir/odometry/OdometryOpen3D.cpp.o
 │ │ [102/257] Building CXX object corelib/src/CMakeFiles/rtabmap_core.dir/optimizer/OptimizerGTSAM.cpp.o
 │ │ In file included from $SRC_DIR/ros-humble-rtabmap/src/work/corelib/src/optimizer/vertigo/gtsam/switchVariableLinear.h:14,
 │ │                  from $SRC_DIR/ros-humble-rtabmap/src/work/corelib/src/optimizer/vertigo/gtsam/betweenFactorSwitchable.h:17,
 │ │                  from $SRC_DIR/ros-humble-rtabmap/src/work/corelib/src/optimizer/OptimizerGTSAM.cpp:60:
 │ │ $SRC_DIR/ros-humble-rtabmap/src/work/corelib/src/optimizer/vertigo/gtsam/DerivedValue.h:117:25: warning: 'gtsam::Value& rtabmap::DerivedValue<DERIVED>::ope
 │ │ rator=(const gtsam::Value&) [with DERIVED = vertigo::SwitchVariableLinear]' was hidden [-Woverloaded-virtual=]
 │ │   117 |   virtual gtsam::Value& operator=(const gtsam::Value& rhs) {
 │ │       |                         ^~~~~~~~
 │ │ $SRC_DIR/ros-humble-rtabmap/src/work/corelib/src/optimizer/vertigo/gtsam/switchVariableLinear.h:22:10: note:   by 'vertigo::SwitchVariableLinear::operator=
 │ │ '
 │ │    22 |   struct SwitchVariableLinear : public rtabmap::DerivedValue<SwitchVariableLinear> {
 │ │       |          ^~~~~~~~~~~~~~~~~~~~
 │ │ $SRC_DIR/ros-humble-rtabmap/src/work/corelib/src/optimizer/vertigo/gtsam/DerivedValue.h:117:25: warning: 'gtsam::Value& rtabmap::DerivedValue<DERIVED>::ope
 │ │ rator=(const gtsam::Value&) [with DERIVED = vertigo::SwitchVariableSigmoid]' was hidden [-Woverloaded-virtual=]
 │ │   117 |   virtual gtsam::Value& operator=(const gtsam::Value& rhs) {
 │ │       |                         ^~~~~~~~
 │ │ In file included from $SRC_DIR/ros-humble-rtabmap/src/work/corelib/src/optimizer/vertigo/gtsam/betweenFactorSwitchable.h:18:
 │ │ $SRC_DIR/ros-humble-rtabmap/src/work/corelib/src/optimizer/vertigo/gtsam/switchVariableSigmoid.h:22:10: note:   by 'vertigo::SwitchVariableSigmoid::operato
 │ │ r='
 │ │    22 |   struct SwitchVariableSigmoid : public rtabmap::DerivedValue<SwitchVariableSigmoid> {
 │ │       |          ^~~~~~~~~~~~~~~~~~~~~
 │ │ In file included from $PREFIX/include/eigen3/Eigen/src/Core/util/ConfigureVectorization.h:346,
 │ │                  from $PREFIX/include/eigen3/Eigen/Core:22,
 │ │                  from $PREFIX/include/pcl-1.15/pcl/types.h:52,
 │ │                  from $SRC_DIR/build/corelib/src/include/rtabmap/core/Version.h:96,
 │ │                  from $SRC_DIR/ros-humble-rtabmap/src/work/corelib/src/../include/rtabmap/core/Parameters.h:33,
 │ │                  from $SRC_DIR/ros-humble-rtabmap/src/work/corelib/src/../include/rtabmap/core/Graph.h:35,
 │ │                  from $SRC_DIR/ros-humble-rtabmap/src/work/corelib/src/optimizer/OptimizerGTSAM.cpp:27:
 │ │ In function '__m128d _mm_loadu_pd(const double*)',
 │ │     inlined from 'Packet Eigen::internal::ploadu(const typename unpacket_traits<T>::type*) [with Packet = __vector(2) double]' at $PREFIX/include/eigen3/Ei
 │ │ gen/src/Core/arch/SSE/PacketMath.h:746:22,
 │ │     inlined from 'Packet Eigen::internal::ploadt(const typename unpacket_traits<T>::type*) [with Packet = __vector(2) double; int Alignment = 0]' at $PREFI
 │ │ X/include/eigen3/Eigen/src/Core/GenericPacketMath.h:969:26,
 │ │     inlined from 'PacketType Eigen::internal::evaluator<Eigen::PlainObjectBase<Derived> >::packet(Eigen::Index, Eigen::Index) const [with int LoadMode = 0;
 │ │  PacketType = __vector(2) double; Derived = Eigen::Matrix<double, 1, 1, 0, 1, 1>]' at $PREFIX/include/eigen3/Eigen/src/Core/CoreEvaluators.h:238:42,
 │ │     inlined from 'void Eigen::internal::generic_dense_assignment_kernel<DstEvaluatorTypeT, SrcEvaluatorTypeT, Functor, Version>::assignPacket(Eigen::Index,
 │ │  Eigen::Index) [with int StoreMode = 16; int LoadMode = 0; PacketType = __vector(2) double; DstEvaluatorTypeT = Eigen::internal::evaluator<Eigen::Block<Eig
 │ │ en::Matrix<double, 2, 1>, -1, -1, false> >; SrcEvaluatorTypeT = Eigen::internal::evaluator<Eigen::Matrix<double, 1, 1, 0, 1, 1> >; Functor = Eigen::interna
 │ │ l::assign_op<double, double>; int Version = 0]' at $PREFIX/include/eigen3/Eigen/src/Core/AssignEvaluator.h:675:116,
 │ │     inlined from 'void Eigen::internal::generic_dense_assignment_kernel<DstEvaluatorTypeT, SrcEvaluatorTypeT, Functor, Version>::assignPacketByOuterInner(E
 │ │ igen::Index, Eigen::Index) [with int StoreMode = 16; int LoadMode = 0; PacketType = __vector(2) double; DstEvaluatorTypeT = Eigen::internal::evaluator<Eige
 │ │ n::Block<Eigen::Matrix<double, 2, 1>, -1, -1, false> >; SrcEvaluatorTypeT = Eigen::internal::evaluator<Eigen::Matrix<double, 1, 1, 0, 1, 1> >; Functor = Ei
 │ │ gen::internal::assign_op<double, double>; int Version = 0]' at $PREFIX/include/eigen3/Eigen/src/Core/AssignEvaluator.h:689:48,
 │ │     inlined from 'static void Eigen::internal::dense_assignment_loop<Kernel, 4, 0>::run(Kernel&) [with Kernel = Eigen::internal::generic_dense_assignment_k
 │ │ ernel<Eigen::internal::evaluator<Eigen::Block<Eigen::Matrix<double, 2, 1>, -1, -1, false> >, Eigen::internal::evaluator<Eigen::Matrix<double, 1, 1, 0, 1, 1
 │ │ > >, Eigen::internal::assign_op<double, double>, 0>]' at $PREFIX/include/eigen3/Eigen/src/Core/AssignEvaluator.h:572:86,
 │ │     inlined from 'void Eigen::internal::call_dense_assignment_loop(DstXprType&, const SrcXprType&, const Functor&) [with DstXprType = Eigen::Block<Eigen::M
 │ │ atrix<double, 2, 1>, -1, -1, false>; SrcXprType = Eigen::Matrix<double, 1, 1, 0, 1, 1>; Functor = assign_op<double, double>]' at $PREFIX/include/eigen3/Eig
 │ │ en/src/Core/AssignEvaluator.h:785:37,
 │ │     inlined from 'static void Eigen::internal::Assignment<DstXprType, SrcXprType, Functor, Eigen::internal::Dense2Dense, Weak>::run(DstXprType&, const SrcX
 │ │ prType&, const Functor&) [with DstXprType = Eigen::Block<Eigen::Matrix<double, 2, 1>, -1, -1, false>; SrcXprType = Eigen::Matrix<double, 1, 1, 0, 1, 1>; Fu
 │ │ nctor = Eigen::internal::assign_op<double, double>; Weak = void]' at $PREFIX/include/eigen3/Eigen/src/Core/AssignEvaluator.h:954:31,
 │ │     inlined from 'void Eigen::internal::call_assignment_no_alias(Dst&, const Src&, const Func&) [with Dst = Eigen::Block<Eigen::Matrix<double, 2, 1>, -1, -
 │ │ 1, false>; Src = Eigen::Matrix<double, 1, 1, 0, 1, 1>; Func = assign_op<double, double>]' at $PREFIX/include/eigen3/Eigen/src/Core/AssignEvaluator.h:890:49
 │ │ ,
 │ │     inlined from 'void Eigen::internal::call_assignment(Dst&, const Src&, const Func&, typename enable_if<(! evaluator_assume_aliasing<Src>::value), void*>
 │ │ ::type) [with Dst = Eigen::Block<Eigen::Matrix<double, 2, 1>, -1, -1, false>; Src = Eigen::Matrix<double, 1, 1, 0, 1, 1>; Func = assign_op<double, double>]
 │ │ ' at $PREFIX/include/eigen3/Eigen/src/Core/AssignEvaluator.h:858:27,
 │ │     inlined from 'void Eigen::internal::call_assignment(Dst&, const Src&) [with Dst = Eigen::Block<Eigen::Matrix<double, 2, 1>, -1, -1, false>; Src = Eigen
 │ │ ::Matrix<double, 1, 1, 0, 1, 1>]' at $PREFIX/include/eigen3/Eigen/src/Core/AssignEvaluator.h:836:18,
 │ │     inlined from 'Derived& Eigen::MatrixBase<Derived>::operator=(const Eigen::DenseBase<OtherDerived>&) [with OtherDerived = Eigen::Matrix<double, 1, 1, 0,
 │ │  1, 1>; Derived = Eigen::Block<Eigen::Matrix<double, 2, 1>, -1, -1, false>]' at $PREFIX/include/eigen3/Eigen/src/Core/Assign.h:66:28,
 │ │     inlined from 'Eigen::CommaInitializer<MatrixType>::CommaInitializer(XprType&, const Eigen::DenseBase<OtherDerived>&) [with OtherDerived = Eigen::Matrix
 │ │ <double, 1, 1, 0, 1, 1>; XprType = Eigen::Matrix<double, 2, 1>]' at $PREFIX/include/eigen3/Eigen/src/Core/CommaInitializer.h:48:51,
 │ │     inlined from 'Eigen::CommaInitializer<Derived> Eigen::DenseBase<Derived>::operator<<(const Eigen::DenseBase<OtherDerived>&) [with OtherDerived = Eigen:
 │ │ :Matrix<double, 1, 1, 0, 1, 1>; Derived = Eigen::Matrix<double, 2, 1>]' at $PREFIX/include/eigen3/Eigen/src/Core/CommaInitializer.h:159:72,
 │ │     inlined from 'gtsam::BearingRange<A1, A2, B, R>::TangentVector gtsam::BearingRange<A1, A2, B, R>::localCoordinates(const gtsam::BearingRange<A1, A2, B,
 │ │  R>&) const [with A1 = gtsam::Pose2; A2 = Eigen::Matrix<double, 2, 1>; B = gtsam::Rot2; R = double]' at $PREFIX/include/gtsam/geometry/BearingRange.h:141:7
 │ │ :
 │ │ $BUILD_PREFIX/lib/gcc/x86_64-conda-linux-gnu/14.4.0/include/emmintrin.h:134:24: warning: array subscript '__m128d_u[0]' is partly outside array bounds of '
 │ │ gtsam::internal::LieGroupTraits<gtsam::Rot2>::TangentVector [1]' {aka 'Eigen::Matrix<double, 1, 1, 0, 1, 1> [1]'} [-Warray-bounds=]
 │ │   134 |   return *(__m128d_u *)__P;
 │ │       |                        ^~~
 │ │ In file included from $PREFIX/include/gtsam/geometry/Pose2.h:23,
 │ │                  from $SRC_DIR/ros-humble-rtabmap/src/work/corelib/src/optimizer/OptimizerGTSAM.cpp:39:
 │ │ $PREFIX/include/gtsam/geometry/BearingRange.h: In member function 'gtsam::BearingRange<A1, A2, B, R>::TangentVector gtsam::BearingRange<A1, A2, B, R>::loca
 │ │ lCoordinates(const gtsam::BearingRange<A1, A2, B, R>&) const [with A1 = gtsam::Pose2; A2 = Eigen::Matrix<double, 2, 1>; B = gtsam::Rot2; R = double]':
 │ │ $PREFIX/include/gtsam/geometry/BearingRange.h:138:39: note: object 'v1' of size 8
 │ │   138 |     typename traits<B>::TangentVector v1 = traits<B>::Local(bearing_, other.bearing_);
 │ │       |                                       ^~
 │ │ In function '__m128d _mm_loadu_pd(const double*)',
 │ │     inlined from 'Packet Eigen::internal::ploadu(const typename unpacket_traits<T>::type*) [with Packet = __vector(2) double]' at $PREFIX/include/eigen3/Ei
 │ │ gen/src/Core/arch/SSE/PacketMath.h:746:22,
 │ │     inlined from 'Packet Eigen::internal::ploadt(const typename unpacket_traits<T>::type*) [with Packet = __vector(2) double; int Alignment = 0]' at $PREFI
 │ │ X/include/eigen3/Eigen/src/Core/GenericPacketMath.h:969:26,
 │ │     inlined from 'PacketType Eigen::internal::evaluator<Eigen::PlainObjectBase<Derived> >::packet(Eigen::Index) const [with int LoadMode = 0; PacketType = 
 │ │ __vector(2) double; Derived = Eigen::Matrix<double, 1, 1, 0, 1, 1>]' at $PREFIX/include/eigen3/Eigen/src/Core/CoreEvaluators.h:245:40,
 │ │     inlined from 'void Eigen::internal::generic_dense_assignment_kernel<DstEvaluatorTypeT, SrcEvaluatorTypeT, Functor, Version>::assignPacket(Eigen::Index)
 │ │  [with int StoreMode = 16; int LoadMode = 0; PacketType = __vector(2) double; DstEvaluatorTypeT = Eigen::internal::evaluator<Eigen::Matrix<double, -1, -1> 
 │ │ >; SrcEvaluatorTypeT = Eigen::internal::evaluator<Eigen::Matrix<double, 1, 1, 0, 1, 1> >; Functor = Eigen::internal::assign_op<double, double>; int Version
 │ │  = 0]' at $PREFIX/include/eigen3/Eigen/src/Core/AssignEvaluator.h:681:114,
 │ │     inlined from 'static void Eigen::internal::dense_assignment_loop<Kernel, 3, 0>::run(Kernel&) [with Kernel = Eigen::internal::generic_dense_assignment_k
 │ │ ernel<Eigen::internal::evaluator<Eigen::Matrix<double, -1, -1> >, Eigen::internal::evaluator<Eigen::Matrix<double, 1, 1, 0, 1, 1> >, Eigen::internal::assig
 │ │ n_op<double, double>, 0>]' at $PREFIX/include/eigen3/Eigen/src/Core/AssignEvaluator.h:437:75,
 │ │     inlined from 'void Eigen::internal::call_dense_assignment_loop(DstXprType&, const SrcXprType&, const Functor&) [with DstXprType = Eigen::Matrix<double,
 │ │  -1, -1>; SrcXprType = Eigen::Matrix<double, 1, 1, 0, 1, 1>; Functor = assign_op<double, double>]' at $PREFIX/include/eigen3/Eigen/src/Core/AssignEvaluator
 │ │ .h:785:37,
 │ │     inlined from 'static void Eigen::internal::Assignment<DstXprType, SrcXprType, Functor, Eigen::internal::Dense2Dense, Weak>::run(DstXprType&, const SrcX
 │ │ prType&, const Functor&) [with DstXprType = Eigen::Matrix<double, -1, -1>; SrcXprType = Eigen::Matrix<double, 1, 1, 0, 1, 1>; Functor = Eigen::internal::as
 │ │ sign_op<double, double>; Weak = void]' at $PREFIX/include/eigen3/Eigen/src/Core/AssignEvaluator.h:954:31,
 │ │     inlined from 'void Eigen::internal::call_assignment_no_alias(Dst&, const Src&, const Func&) [with Dst = Eigen::Matrix<double, -1, -1>; Src = Eigen::Mat
 │ │ rix<double, 1, 1, 0, 1, 1>; Func = assign_op<double, double>]' at $PREFIX/include/eigen3/Eigen/src/Core/AssignEvaluator.h:890:49,
 │ │     inlined from 'Derived& Eigen::PlainObjectBase<Derived>::_set_noalias(const Eigen::DenseBase<OtherDerived>&) [with OtherDerived = Eigen::Matrix<double, 
 │ │ 1, 1, 0, 1, 1>; Derived = Eigen::Matrix<double, -1, -1>]' at $PREFIX/include/eigen3/Eigen/src/Core/PlainObjectBase.h:797:41,
 │ │     inlined from 'Eigen::PlainObjectBase<Derived>::PlainObjectBase(const Eigen::DenseBase<OtherDerived>&) [with OtherDerived = Eigen::Matrix<double, 1, 1, 
 │ │ 0, 1, 1>; Derived = Eigen::Matrix<double, -1, -1>]' at $PREFIX/include/eigen3/Eigen/src/Core/PlainObjectBase.h:594:19,
 │ │     inlined from 'Eigen::Matrix<_Scalar, _Rows, _Cols, _Options, _MaxRows, _MaxCols>::Matrix(const Eigen::EigenBase<OtherDerived>&) [with OtherDerived = Ei
 │ │ gen::Matrix<double, 1, 1, 0, 1, 1>; _Scalar = double; int _Rows = -1; int _Cols = -1; int _Options = 0; int _MaxRows = -1; int _MaxCols = -1]' at $PREFIX/i
 │ │ nclude/eigen3/Eigen/src/Core/Matrix.h:423:29,
 │ │     inlined from 'virtual std::map<int, rtabmap::Transform> rtabmap::OptimizerGTSAM::optimize(int, const std::map<int, rtabmap::Transform>&, const std::mul
 │ │ timap<int, rtabmap::Link>&, cv::Mat&, std::__cxx11::list<std::map<int, rtabmap::Transform> >*, double*, int*)' at $SRC_DIR/ros-humble-rtabmap/src/work/core
 │ │ lib/src/optimizer/OptimizerGTSAM.cpp:578:80:
 │ │ $BUILD_PREFIX/lib/gcc/x86_64-conda-linux-gnu/14.4.0/include/emmintrin.h:134:24: warning: array subscript '__m128d_u[0]' is partly outside array bounds of '
 │ │ Eigen::Matrix<double, 1, 1, 0, 1, 1> [1]' [-Warray-bounds=]
 │ │   134 |   return *(__m128d_u *)__P;
 │ │       |                        ^~~
 │ │ $SRC_DIR/ros-humble-rtabmap/src/work/corelib/src/optimizer/OptimizerGTSAM.cpp: In member function 'virtual std::map<int, rtabmap::Transform> rtabmap::Optim
 │ │ izerGTSAM::optimize(int, const std::map<int, rtabmap::Transform>&, const std::multimap<int, rtabmap::Link>&, cv::Mat&, std::__cxx11::list<std::map<int, rta
 │ │ bmap::Transform> >*, double*, int*)':
 │ │ $SRC_DIR/ros-humble-rtabmap/src/work/corelib/src/optimizer/OptimizerGTSAM.cpp:572:85: note: object 'information' of size 8
 │ │   572 |                                                         Eigen::Matrix<double, 1, 1> information = Eigen::Matrix<double, 1, 1>::Identity();
 │ │       |                                                                                     ^~~~~~~~~~~
 │ │ In function 'void _mm_store_pd(double*, __m128d)',
 │ │     inlined from 'void Eigen::internal::pstore(Scalar*, const Packet&) [with Scalar = double; Packet = __vector(2) double]' at $PREFIX/include/eigen3/Eigen
 │ │ /src/Core/arch/SSE/PacketMath.h:790:126,
 │ │     inlined from 'void Eigen::internal::pstoret(Scalar*, const Packet&) [with Scalar = double; Packet = __vector(2) double; int Alignment = 16]' at $PREFIX
 │ │ /include/eigen3/Eigen/src/Core/GenericPacketMath.h:978:11,
 │ │     inlined from 'void Eigen::internal::assign_op<DstScalar, SrcScalar>::assignPacket(DstScalar*, const Packet&) const [with int Alignment = 16; Packet = _
 │ │ _vector(2) double; DstScalar = double; SrcScalar = double]' at $PREFIX/include/eigen3/Eigen/src/Core/functors/AssignmentFunctors.h:28:50,
 │ │     inlined from 'void Eigen::internal::generic_dense_assignment_kernel<DstEvaluatorTypeT, SrcEvaluatorTypeT, Functor, Version>::assignPacket(Eigen::Index)
 │ │  [with int StoreMode = 16; int LoadMode = 0; PacketType = __vector(2) double; DstEvaluatorTypeT = Eigen::internal::evaluator<Eigen::Matrix<double, -1, -1> 
 │ │ >; SrcEvaluatorTypeT = Eigen::internal::evaluator<Eigen::Matrix<double, 1, 1, 0, 1, 1> >; Functor = Eigen::internal::assign_op<double, double>; int Version
 │ │  = 0]' at $PREFIX/include/eigen3/Eigen/src/Core/AssignEvaluator.h:681:47,
 │ │     inlined from 'static void Eigen::internal::dense_assignment_loop<Kernel, 3, 0>::run(Kernel&) [with Kernel = Eigen::internal::generic_dense_assignment_k
 │ │ ernel<Eigen::internal::evaluator<Eigen::Matrix<double, -1, -1> >, Eigen::internal::evaluator<Eigen::Matrix<double, 1, 1, 0, 1, 1> >, Eigen::internal::assig
 │ │ n_op<double, double>, 0>]' at $PREFIX/include/eigen3/Eigen/src/Core/AssignEvaluator.h:437:75,
 │ │     inlined from 'void Eigen::internal::call_dense_assignment_loop(DstXprType&, const SrcXprType&, const Functor&) [with DstXprType = Eigen::Matrix<double,
 │ │  -1, -1>; SrcXprType = Eigen::Matrix<double, 1, 1, 0, 1, 1>; Functor = assign_op<double, double>]' at $PREFIX/include/eigen3/Eigen/src/Core/AssignEvaluator
 │ │ .h:785:37,
 │ │     inlined from 'static void Eigen::internal::Assignment<DstXprType, SrcXprType, Functor, Eigen::internal::Dense2Dense, Weak>::run(DstXprType&, const SrcX
 │ │ prType&, const Functor&) [with DstXprType = Eigen::Matrix<double, -1, -1>; SrcXprType = Eigen::Matrix<double, 1, 1, 0, 1, 1>; Functor = Eigen::internal::as
 │ │ sign_op<double, double>; Weak = void]' at $PREFIX/include/eigen3/Eigen/src/Core/AssignEvaluator.h:954:31,
 │ │     inlined from 'void Eigen::internal::call_assignment_no_alias(Dst&, const Src&, const Func&) [with Dst = Eigen::Matrix<double, -1, -1>; Src = Eigen::Mat
 │ │ rix<double, 1, 1, 0, 1, 1>; Func = assign_op<double, double>]' at $PREFIX/include/eigen3/Eigen/src/Core/AssignEvaluator.h:890:49,
 │ │     inlined from 'Derived& Eigen::PlainObjectBase<Derived>::_set_noalias(const Eigen::DenseBase<OtherDerived>&) [with OtherDerived = Eigen::Matrix<double, 
 │ │ 1, 1, 0, 1, 1>; Derived = Eigen::Matrix<double, -1, -1>]' at $PREFIX/include/eigen3/Eigen/src/Core/PlainObjectBase.h:797:41,
 │ │     inlined from 'Eigen::PlainObjectBase<Derived>::PlainObjectBase(const Eigen::DenseBase<OtherDerived>&) [with OtherDerived = Eigen::Matrix<double, 1, 1, 
 │ │ 0, 1, 1>; Derived = Eigen::Matrix<double, -1, -1>]' at $PREFIX/include/eigen3/Eigen/src/Core/PlainObjectBase.h:594:19,
 │ │     inlined from 'Eigen::Matrix<_Scalar, _Rows, _Cols, _Options, _MaxRows, _MaxCols>::Matrix(const Eigen::EigenBase<OtherDerived>&) [with OtherDerived = Ei
 │ │ gen::Matrix<double, 1, 1, 0, 1, 1>; _Scalar = double; int _Rows = -1; int _Cols = -1; int _Options = 0; int _MaxRows = -1; int _MaxCols = -1]' at $PREFIX/i
 │ │ nclude/eigen3/Eigen/src/Core/Matrix.h:423:29,
 │ │     inlined from 'virtual std::map<int, rtabmap::Transform> rtabmap::OptimizerGTSAM::optimize(int, const std::map<int, rtabmap::Transform>&, const std::mul
 │ │ timap<int, rtabmap::Link>&, cv::Mat&, std::__cxx11::list<std::map<int, rtabmap::Transform> >*, double*, int*)' at $SRC_DIR/ros-humble-rtabmap/src/work/core
 │ │ lib/src/optimizer/OptimizerGTSAM.cpp:578:80:
 │ │ $BUILD_PREFIX/lib/gcc/x86_64-conda-linux-gnu/14.4.0/include/emmintrin.h:169:19: warning: 'void* __builtin_memcpy(void*, const void*, long unsigned int)' re
 │ │ ading 16 or more bytes from a region of size 8 [-Wstringop-overread]
 │ │   169 |   *(__m128d *)__P = __A;
 │ │       |   ~~~~~~~~~~~~~~~~^~~~~
 │ │ $SRC_DIR/ros-humble-rtabmap/src/work/corelib/src/optimizer/OptimizerGTSAM.cpp: In member function 'virtual std::map<int, rtabmap::Transform> rtabmap::Optim
 │ │ izerGTSAM::optimize(int, const std::map<int, rtabmap::Transform>&, const std::multimap<int, rtabmap::Link>&, cv::Mat&, std::__cxx11::list<std::map<int, rta
 │ │ bmap::Transform> >*, double*, int*)':
 │ │ $SRC_DIR/ros-humble-rtabmap/src/work/corelib/src/optimizer/OptimizerGTSAM.cpp:572:85: note: source object 'information' of size 8
 │ │   572 |                                                         Eigen::Matrix<double, 1, 1> information = Eigen::Matrix<double, 1, 1>::Identity();
 │ │       |                                                                                     ^~~~~~~~~~~
 │ │ [103/257] Building CXX object corelib/src/CMakeFiles/rtabmap_core.dir/odometry/OdometryOpenVINS.cpp.o
 │ │ [104/257] Building CXX object corelib/src/CMakeFiles/rtabmap_core.dir/IMUFilter.cpp.o
 │ │ [105/257] Building CXX object corelib/src/CMakeFiles/rtabmap_core.dir/imufilter/ComplementaryFilter.cpp.o
 │ │ [106/257] Building CXX object corelib/src/CMakeFiles/rtabmap_core.dir/StereoDense.cpp.o
 │ │ [107/257] Building CXX object corelib/src/CMakeFiles/rtabmap_core.dir/IMUThread.cpp.o
 │ │ [108/257] Building CXX object corelib/src/CMakeFiles/rtabmap_core.dir/Stereo.cpp.o
 │ │ [109/257] Building CXX object corelib/src/CMakeFiles/rtabmap_core.dir/stereo/StereoBM.cpp.o
 │ │ [110/257] Building CXX object corelib/src/CMakeFiles/rtabmap_core.dir/StereoCameraModel.cpp.o
 │ │ [111/257] Building CXX object corelib/src/CMakeFiles/rtabmap_core.dir/stereo/StereoSGBM.cpp.o
 │ │ [112/257] Building CXX object corelib/src/CMakeFiles/rtabmap_core.dir/GlobalMap.cpp.o
 │ │ [113/257] Building CXX object corelib/src/CMakeFiles/rtabmap_core.dir/LocalGrid.cpp.o
 │ │ [114/257] Building CXX object corelib/src/CMakeFiles/rtabmap_core.dir/optimizer/OptimizerG2O.cpp.o
 │ │ [115/257] Building C object corelib/src/CMakeFiles/rtabmap_core.dir/rtflann/ext/lz4hc.c.o
 │ │ [116/257] Building C object corelib/src/CMakeFiles/rtabmap_core.dir/rtflann/ext/lz4.c.o
 │ │ [117/257] Building CXX object corelib/src/CMakeFiles/rtabmap_core.dir/clams/discrete_depth_distortion_model_helpers.cpp.o
 │ │ [118/257] Building CXX object corelib/src/CMakeFiles/rtabmap_core.dir/global_map/OccupancyGrid.cpp.o
 │ │ [119/257] Building CXX object corelib/src/CMakeFiles/rtabmap_core.dir/GlobalDescriptorExtractor.cpp.o
 │ │ [120/257] Building CXX object corelib/src/CMakeFiles/rtabmap_core.dir/MarkerDetector.cpp.o
 │ │ [121/257] Building CXX object corelib/src/CMakeFiles/rtabmap_core.dir/global_map/CloudMap.cpp.o
 │ │ [122/257] Building CXX object corelib/src/CMakeFiles/rtabmap_core.dir/opencv/solvepnp.cpp.o
 │ │ [123/257] Building CXX object corelib/src/CMakeFiles/rtabmap_core.dir/clams/discrete_depth_distortion_model.cpp.o
 │ │ [124/257] Building CXX object corelib/src/CMakeFiles/rtabmap_core.dir/opencv/ORBextractor.cc.o
 │ │ [125/257] Building CXX object corelib/src/CMakeFiles/rtabmap_core.dir/optimizer/toro3d/treeoptimizer3_iteration.cpp.o
 │ │ [126/257] Building CXX object corelib/src/CMakeFiles/rtabmap_core.dir/LocalGridMaker.cpp.o
 │ │ [127/257] Building CXX object corelib/src/CMakeFiles/rtabmap_core.dir/clams/slam_calibrator.cpp.o
 │ │ [128/257] Building CXX object corelib/src/CMakeFiles/rtabmap_core.dir/optimizer/toro3d/treeoptimizer3.cpp.o
 │ │ [129/257] Building CXX object corelib/src/CMakeFiles/rtabmap_core.dir/GainCompensator.cpp.o
 │ │ [130/257] Building CXX object corelib/src/CMakeFiles/rtabmap_core.dir/optimizer/toro3d/posegraph3.cpp.o
 │ │ [131/257] Building CXX object corelib/src/CMakeFiles/rtabmap_core.dir/clams/frame_projector.cpp.o
 │ │ [132/257] Building CXX object corelib/src/CMakeFiles/rtabmap_core.dir/optimizer/toro3d/treeoptimizer2.cpp.o
 │ │ [133/257] Building CXX object corelib/src/CMakeFiles/rtabmap_core.dir/optimizer/toro3d/posegraph2.cpp.o
 │ │ [134/257] Building CXX object corelib/src/CMakeFiles/rtabmap_core.dir/opencv/five-point.cpp.o
 │ │ [135/257] Building CXX object corelib/src/CMakeFiles/rtabmap_core.dir/optimizer/vertigo/g2o/edge_switchPrior.cpp.o
 │ │ [136/257] Building CXX object corelib/src/CMakeFiles/rtabmap_core.dir/optimizer/vertigo/g2o/vertex_switchLinear.cpp.o
 │ │ [137/257] Building CXX object corelib/src/CMakeFiles/rtabmap_core.dir/optimizer/vertigo/g2o/types_g2o_robust.cpp.o
 │ │ [138/257] Building CXX object tools/ImagesJoiner/CMakeFiles/imagesJoiner.dir/main.cpp.o
 │ │ [139/257] Building CXX object corelib/src/CMakeFiles/rtabmap_core.dir/imufilter/MadgwickFilter.cpp.o
 │ │ [140/257] Building CXX object corelib/src/CMakeFiles/rtabmap_core.dir/lidar/LidarVLP16.cpp.o
 │ │ [141/257] Building CXX object corelib/src/CMakeFiles/rtabmap_core.dir/optimizer/vertigo/g2o/edge_se2Switchable.cpp.o
 │ │ [142/257] Building CXX object corelib/src/CMakeFiles/rtabmap_core.dir/optimizer/gtsam/GravityFactor.cpp.o
 │ │ [143/257] Building CXX object tools/Camera/CMakeFiles/camera.dir/main.cpp.o
 │ │ [144/257] Building CXX object tools/Recovery/CMakeFiles/recovery.dir/main.cpp.o
 │ │ [145/257] Building CXX object tools/ConsoleApp/CMakeFiles/consoleApp.dir/main.cpp.o
 │ │ [146/257] Building CXX object corelib/src/CMakeFiles/rtabmap_core.dir/optimizer/vertigo/g2o/edge_se3Switchable.cpp.o
 │ │ [147/257] Building CXX object tools/StereoEval/CMakeFiles/stereoEval.dir/main.cpp.o
 │ │ [148/257] Building CXX object corelib/src/CMakeFiles/rtabmap_core.dir/global_map/OctoMap.cpp.o
 │ │ [149/257] Building CXX object tools/KittiDataset/CMakeFiles/kitti_dataset.dir/main.cpp.o
 │ │ [150/257] Building CXX object tools/RgbdDataset/CMakeFiles/rgbd_dataset.dir/main.cpp.o
 │ │ [151/257] Building CXX object tools/EurocDataset/CMakeFiles/euroc_dataset.dir/main.cpp.o
 │ │ [152/257] Building CXX object tools/ExtractObject/CMakeFiles/extractObject.dir/main.cpp.o
 │ │ [153/257] Building CXX object tools/DetectMoreLoopClosures/CMakeFiles/detectMoreLoopClosures.dir/main.cpp.o
 │ │ [154/257] Building CXX object corelib/src/CMakeFiles/rtabmap_core.dir/FlannIndex.cpp.o
 │ │ [155/257] Building CXX object tools/Info/CMakeFiles/info.dir/main.cpp.o
 │ │ [156/257] Building CXX object tools/Reprocess/CMakeFiles/reprocess.dir/main.cpp.o
 │ │ [157/257] Building CXX object tools/CleanupLocalGrids/CMakeFiles/cleanupLocalGrids.dir/main.cpp.o
 │ │ [158/257] Linking CXX shared library bin/librtabmap_core.so.0.22.1
 │ │ [159/257] Creating library symlink bin/librtabmap_core.so.0.22 bin/librtabmap_core.so
 │ │ [160/257] Linking CXX executable bin/rtabmap-imagesJoiner
 │ │ [161/257] Linking CXX executable bin/rtabmap-camera
 │ │ [162/257] Building CXX object tools/GlobalBundleAdjustment/CMakeFiles/globalBundleAdjustment.dir/main.cpp.o
 │ │ [163/257] Linking CXX executable bin/rtabmap-stereoEval
 │ │ [164/257] Linking CXX executable bin/rtabmap-console
 │ │ [165/257] Linking CXX executable bin/rtabmap-rgbd_dataset
 │ │ [166/257] Linking CXX executable bin/rtabmap-extractObject
 │ │ [167/257] Linking CXX executable bin/rtabmap-euroc_dataset
 │ │ [168/257] Linking CXX executable bin/rtabmap-recovery
 │ │ [169/257] Linking CXX executable bin/rtabmap-kitti_dataset
 │ │ [170/257] Linking CXX executable bin/rtabmap-reprocess
 │ │ [171/257] Building CXX object tools/Report/CMakeFiles/report.dir/main.cpp.o
 │ │ $SRC_DIR/ros-humble-rtabmap/src/work/tools/Report/main.cpp: In function 'int main(int, char**)':
 │ │ $SRC_DIR/ros-humble-rtabmap/src/work/tools/Report/main.cpp:150:14: warning: variable 'showAvailableStats' set but not used [-Wunused-but-set-variable]
 │ │   150 |         bool showAvailableStats = false;
 │ │       |              ^~~~~~~~~~~~~~~~~~
 │ │ $SRC_DIR/ros-humble-rtabmap/src/work/tools/Report/main.cpp:153:14: warning: variable 'useIds' set but not used [-Wunused-but-set-variable]
 │ │   153 |         bool useIds = false;
 │ │       |              ^~~~~~
 │ │ $SRC_DIR/ros-humble-rtabmap/src/work/tools/Report/main.cpp:155:14: warning: variable 'exportFigures' set but not used [-Wunused-but-set-variable]
 │ │   155 |         bool exportFigures = false;
 │ │       |              ^~~~~~~~~~~~~
 │ │ [172/257] Linking CXX executable bin/rtabmap-cleanupLocalGrids
 │ │ [173/257] Linking CXX executable bin/rtabmap-detectMoreLoopClosures
 │ │ [174/257] Linking CXX executable bin/rtabmap-info
 │ │ [175/257] Linking CXX executable bin/rtabmap-globalBundleAdjustment
 │ │ [176/257] Linking CXX executable bin/rtabmap-report
 │ │ [177/257] Building CXX object tools/LidarViewer/CMakeFiles/lidar_viewer.dir/main.cpp.o
 │ │ [178/257] Linking CXX executable bin/rtabmap-lidar_viewer
 │ │ [179/257] Building CXX object tools/Export/CMakeFiles/export.dir/main.cpp.o
 │ │ [180/257] Linking CXX executable bin/rtabmap-export
 │ │ [181/257] Automatic MOC and UIC for target rtabmap_gui
 │ │ [182/257] [Creating resources]
 │ │  Using namespace=rtabmap
 │ │  Using target directory=$SRC_DIR/build/guilib/src
 │ │ Input file "$SRC_DIR/ros-humble-rtabmap/src/work/data/presets/camera_tof_icp.ini" size = 687 bytes
 │ │ Output file "$SRC_DIR/build/guilib/src/camera_tof_icp_ini.h" size = 1571 bytes
 │ │ Input file "$SRC_DIR/ros-humble-rtabmap/src/work/data/presets/lidar3d_icp.ini" size = 1137 bytes
 │ │ Output file "$SRC_DIR/build/guilib/src/lidar3d_icp_ini.h" size = 2465 bytes
 │ │ [183/257] Automatic RCC for GuiLib.qrc
 │ │ [184/257] Building CXX object guilib/src/CMakeFiles/rtabmap_gui.dir/ConsoleWidget.cpp.o
 │ │ [185/257] Building CXX object guilib/src/CMakeFiles/rtabmap_gui.dir/KeypointItem.cpp.o
 │ │ [186/257] Building CXX object guilib/src/CMakeFiles/rtabmap_gui.dir/ProgressDialog.cpp.o
 │ │ [187/257] Building CXX object guilib/src/CMakeFiles/rtabmap_gui.dir/StatsToolBox.cpp.o
 │ │ [188/257] Building CXX object guilib/src/CMakeFiles/rtabmap_gui.dir/CloudViewerCellPicker.cpp.o
 │ │ [189/257] Building CXX object guilib/src/CMakeFiles/rtabmap_gui.dir/PdfPlot.cpp.o
 │ │ [190/257] Building CXX object guilib/src/CMakeFiles/rtabmap_gui.dir/utilite/UPlot.cpp.o
 │ │ [191/257] Building CXX object guilib/src/CMakeFiles/rtabmap_gui.dir/AboutDialog.cpp.o
 │ │ [192/257] Building CXX object guilib/src/CMakeFiles/rtabmap_gui.dir/ImageView.cpp.o
 │ │ [193/257] Building CXX object guilib/src/CMakeFiles/rtabmap_gui.dir/CloudViewerInteractorStyle.cpp.o
 │ │ [194/257] Building CXX object guilib/src/CMakeFiles/rtabmap_gui.dir/rtabmap_gui_autogen/mocs_compilation.cpp.o
 │ │ [195/257] Building CXX object guilib/src/CMakeFiles/rtabmap_gui.dir/DataRecorder.cpp.o
 │ │ [196/257] Building CXX object guilib/src/CMakeFiles/rtabmap_gui.dir/LoopClosureViewer.cpp.o
 │ │ [197/257] Building CXX object guilib/src/CMakeFiles/rtabmap_gui.dir/OdometryViewer.cpp.o
 │ │ [198/257] Building CXX object guilib/src/CMakeFiles/rtabmap_gui.dir/ExportDialog.cpp.o
 │ │ [199/257] Building CXX object guilib/src/CMakeFiles/rtabmap_gui.dir/CameraViewer.cpp.o
 │ │ [200/257] Building CXX object guilib/src/CMakeFiles/rtabmap_gui.dir/EditConstraintDialog.cpp.o
 │ │ [201/257] Building CXX object guilib/src/CMakeFiles/rtabmap_gui.dir/MapVisibilityWidget.cpp.o
 │ │ [202/257] Building CXX object guilib/src/CMakeFiles/rtabmap_gui.dir/PostProcessingDialog.cpp.o
 │ │ [203/257] Building CXX object guilib/src/CMakeFiles/rtabmap_gui.dir/CloudViewer.cpp.o
 │ │ [204/257] Building CXX object guilib/src/CMakeFiles/rtabmap_gui.dir/ExportBundlerDialog.cpp.o
 │ │ [205/257] Building CXX object guilib/src/CMakeFiles/rtabmap_gui.dir/CalibrationDialog.cpp.o
 │ │ $SRC_DIR/ros-humble-rtabmap/src/work/guilib/src/CalibrationDialog.cpp: In member function 'void rtabmap::CalibrationDialog::processImages(const cv::Mat&, c
 │ │ onst cv::Mat&, const QString&)':
 │ │ $SRC_DIR/ros-humble-rtabmap/src/work/guilib/src/CalibrationDialog.cpp:1132:68: warning: 'QImage QImage::mirrored(bool, bool) &&' is deprecated: Use flipped
 │ │ (Qt::Orientations) instead [-Wdeprecated-declarations]
 │ │  1132 |         ui_->image_view->setImage(uCvMat2QImage(images[0]).mirrored(ui_->checkBox_mirror->isChecked(), false));
 │ │       |                                   ~~~~~~~~~~~~~~~~~~~~~~~~~~~~~~~~~^~~~~~~~~~~~~~~~~~~~~~~~~~~~~~~~~~~~~~~~~~
 │ │ In file included from $PREFIX/include/qt6/QtGui/qpixmap.h:13,
 │ │                  from $PREFIX/include/qt6/QtGui/qicon.h:10,
 │ │                  from $PREFIX/include/qt6/QtGui/qaction.h:11,
 │ │                  from $PREFIX/include/qt6/QtWidgets/qwidget.h:13,
 │ │                  from $PREFIX/include/qt6/QtWidgets/qdialog.h:9,
 │ │                  from $PREFIX/include/qt6/QtWidgets/QDialog:1,
 │ │                  from $SRC_DIR/ros-humble-rtabmap/src/work/guilib/src/../include/rtabmap/gui/CalibrationDialog.h:33,
 │ │                  from $SRC_DIR/ros-humble-rtabmap/src/work/guilib/src/CalibrationDialog.cpp:28:
 │ │ $PREFIX/include/qt6/QtGui/qimage.h:223:26: note: declared here
 │ │   223 |     [[nodiscard]] QImage mirrored(bool horizontally = false, bool vertically = true) &&
 │ │       |                          ^~~~~~~~
 │ │ $SRC_DIR/ros-humble-rtabmap/src/work/guilib/src/CalibrationDialog.cpp:1136:78: warning: 'QImage QImage::mirrored(bool, bool) &&' is deprecated: Use flipped
 │ │ (Qt::Orientations) instead [-Wdeprecated-declarations]
 │ │  1136 |                 ui_->image_view_2->setImage(uCvMat2QImage(images[1]).mirrored(ui_->checkBox_mirror->isChecked(), false));
 │ │       |                                             ~~~~~~~~~~~~~~~~~~~~~~~~~~~~~~~~~^~~~~~~~~~~~~~~~~~~~~~~~~~~~~~~~~~~~~~~~~~
 │ │ $PREFIX/include/qt6/QtGui/qimage.h:223:26: note: declared here
 │ │   223 |     [[nodiscard]] QImage mirrored(bool horizontally = false, bool vertically = true) &&
 │ │       |                          ^~~~~~~~
 │ │ [206/257] Building CXX object guilib/src/CMakeFiles/rtabmap_gui.dir/EditDepthArea.cpp.o
 │ │ [207/257] Building CXX object guilib/src/CMakeFiles/rtabmap_gui.dir/EditMapArea.cpp.o
 │ │ [208/257] Building CXX object guilib/src/CMakeFiles/rtabmap_gui.dir/MultiSessionLocSubView.cpp.o
 │ │ [209/257] Building CXX object guilib/src/CMakeFiles/rtabmap_gui.dir/CreateSimpleCalibrationDialog.cpp.o
 │ │ [210/257] Building CXX object guilib/src/CMakeFiles/rtabmap_gui.dir/MainWindow.cpp.o
 │ │ $SRC_DIR/ros-humble-rtabmap/src/work/guilib/src/MainWindow.cpp: In member function 'void rtabmap::MainWindow::exportGridMap()':
 │ │ $SRC_DIR/ros-humble-rtabmap/src/work/guilib/src/MainWindow.cpp:7969:52: warning: 'QImage QImage::mirrored(bool, bool) const &' is deprecated: Use flipped(Q
 │ │ t::Orientations) instead [-Wdeprecated-declarations]
 │ │  7969 |                         QImage img = image.mirrored(false, true).transformed(QTransform().rotate(-90));
 │ │       |                                      ~~~~~~~~~~~~~~^~~~~~~~~~~~~
 │ │ In file included from $PREFIX/include/qt6/QtGui/qpixmap.h:13,
 │ │                  from $PREFIX/include/qt6/QtGui/qicon.h:10,
 │ │                  from $PREFIX/include/qt6/QtGui/qaction.h:11,
 │ │                  from $PREFIX/include/qt6/QtWidgets/qwidget.h:13,
 │ │                  from $PREFIX/include/qt6/QtWidgets/qmainwindow.h:9,
 │ │                  from $PREFIX/include/qt6/QtWidgets/QMainWindow:1,
 │ │                  from $SRC_DIR/ros-humble-rtabmap/src/work/guilib/src/../include/rtabmap/gui/MainWindow.h:34,
 │ │                  from $SRC_DIR/ros-humble-rtabmap/src/work/guilib/src/MainWindow.cpp:28:
 │ │ $PREFIX/include/qt6/QtGui/qimage.h:220:26: note: declared here
 │ │   220 |     [[nodiscard]] QImage mirrored(bool horizontally = false, bool vertically = true) const &
 │ │       |                          ^~~~~~~~
 │ │ [211/257] Building CXX object guilib/src/CMakeFiles/rtabmap_gui.dir/opencv/vtkImageMatSource.cpp.o
 │ │ [212/257] Building CXX object guilib/src/CMakeFiles/rtabmap_gui.dir/LinkRefiningDialog.cpp.o
 │ │ [213/257] Building CXX object guilib/src/CMakeFiles/rtabmap_gui.dir/rtabmap_gui_autogen/EWIEGA46WW/qrc_GuiLib.cpp.o
 │ │ [214/257] Building CXX object guilib/src/CMakeFiles/rtabmap_gui.dir/GraphViewer.cpp.o
 │ │ [215/257] Building CXX object guilib/src/CMakeFiles/rtabmap_gui.dir/3rdParty/QMultiComboBox.cpp.o
 │ │ [216/257] Building CXX object guilib/src/CMakeFiles/rtabmap_gui.dir/MultiSessionLocWidget.cpp.o
 │ │ [217/257] Building CXX object guilib/src/CMakeFiles/rtabmap_gui.dir/ParametersToolBox.cpp.o
 │ │ [218/257] Building CXX object guilib/src/CMakeFiles/rtabmap_gui.dir/DepthCalibrationDialog.cpp.o
 │ │ $SRC_DIR/ros-humble-rtabmap/src/work/guilib/src/DepthCalibrationDialog.cpp: In member function 'void rtabmap::DepthCalibrationDialog::calibrate(const std::
 │ │ map<int, rtabmap::Transform>&, const QMap<int, rtabmap::Signature>&, const QString&, const rtabmap::ParametersMap&)':
 │ │ $SRC_DIR/ros-humble-rtabmap/src/work/guilib/src/DepthCalibrationDialog.cpp:230:35: warning: possibly dangling reference to a temporary [-Wdangling-referenc
 │ │ e]
 │ │   230 |                 const Signature & s = cachedSignatures.begin().value();
 │ │       |                                   ^
 │ │ $SRC_DIR/ros-humble-rtabmap/src/work/guilib/src/DepthCalibrationDialog.cpp:230:69: note: the temporary was destroyed at the end of the full expression '(& 
 │ │ cachedSignatures)->QMap<int, rtabmap::Signature>::begin().QMap<int, rtabmap::Signature>::const_iterator::value()'
 │ │   230 |                 const Signature & s = cachedSignatures.begin().value();
 │ │       |                                       ~~~~~~~~~~~~~~~~~~~~~~~~~~~~~~^~
 │ │ $SRC_DIR/ros-humble-rtabmap/src/work/guilib/src/DepthCalibrationDialog.cpp:312:59: warning: possibly dangling reference to a temporary [-Wdangling-referenc
 │ │ e]
 │ │   312 |                                         const Signature & s = cachedSignatures.find(iter->first).value();
 │ │       |                                                           ^
 │ │ $SRC_DIR/ros-humble-rtabmap/src/work/guilib/src/DepthCalibrationDialog.cpp:312:103: note: the temporary was destroyed at the end of the full expression '(&
 │ │  cachedSignatures)->QMap<int, rtabmap::Signature>::find(iter.std::_Rb_tree_const_iterator<std::pair<const int, rtabmap::Transform> >::operator->()->std::pa
 │ │ ir<const int, rtabmap::Transform>::first).QMap<int, rtabmap::Signature>::const_iterator::value()'
 │ │   312 |                                         const Signature & s = cachedSignatures.find(iter->first).value();
 │ │       |                                                               ~~~~~~~~~~~~~~~~~~~~~~~~~~~~~~~~~~~~~~~~^~
 │ │ [219/257] Building CXX object guilib/src/CMakeFiles/rtabmap_gui.dir/DatabaseViewer.cpp.o
 │ │ [220/257] Building CXX object tools/DatabaseViewer/CMakeFiles/databaseViewer.dir/main.cpp.o
 │ │ [221/257] Building CXX object app/src/CMakeFiles/rtabmap_app.dir/main.cpp.o
 │ │ [222/257] Building CXX object tools/OdometryViewer/CMakeFiles/odometryViewer.dir/main.cpp.o
 │ │ [223/257] Building CXX object tools/EpipolarGeometry/CMakeFiles/epipolar_geometry.dir/main.cpp.o
 │ │ [224/257] Building CXX object tools/DataRecorder/CMakeFiles/dataRecorder.dir/main.cpp.o
 │ │ [225/257] Building CXX object tools/CameraRGBD/CMakeFiles/rgbd_camera.dir/main.cpp.o
 │ │ [226/257] Building CXX object tools/Calibration/CMakeFiles/calibration.dir/main.cpp.o
 │ │ [227/257] Building CXX object examples/BOWMapping/CMakeFiles/bow_mapping.dir/main.cpp.o
 │ │ [228/257] Building CXX object tools/Matcher/CMakeFiles/matcher.dir/main.cpp.o
 │ │ [229/257] Building CXX object guilib/src/CMakeFiles/rtabmap_gui.dir/ExportCloudsDialog.cpp.o
 │ │ $SRC_DIR/ros-humble-rtabmap/src/work/guilib/src/ExportCloudsDialog.cpp: In member function 'bool rtabmap::ExportCloudsDialog::getExportedClouds(const std::
 │ │ map<int, rtabmap::Transform>&, const std::multimap<int, rtabmap::Link>&, const std::map<int, int>&, const QMap<int, rtabmap::Signature>&, const std::map<in
 │ │ t, std::pair<std::shared_ptr<pcl::PointCloud<pcl::PointXYZRGB> >, std::shared_ptr<std::vector<int, std::allocator<int> > > > >&, const std::map<int, rtabma
 │ │ p::LaserScan>&, const QString&, const rtabmap::ParametersMap&, std::map<int, std::shared_ptr<pcl::PointCloud<pcl::PointXYZRGBNormal> > >&, std::map<int, st
 │ │ d::shared_ptr<pcl::PolygonMesh> >&, std::map<int, std::shared_ptr<pcl::TextureMesh> >&, std::vector<std::map<int, pcl::PointXY> >&)':
 │ │ $SRC_DIR/ros-humble-rtabmap/src/work/guilib/src/ExportCloudsDialog.cpp:2602:75: warning: possibly dangling reference to a temporary [-Wdangling-reference]
 │ │  2602 |                                                         const Signature & s = cachedSignatures.find(iter->first).value();
 │ │       |                                                                           ^
 │ │ $SRC_DIR/ros-humble-rtabmap/src/work/guilib/src/ExportCloudsDialog.cpp:2602:119: note: the temporary was destroyed at the end of the full expression '(& ca
 │ │ chedSignatures)->QMap<int, rtabmap::Signature>::find(iter.std::_Rb_tree_iterator<std::pair<const int, std::shared_ptr<pcl::PointCloud<pcl::PointXYZRGBNorma
 │ │ l> > > >::operator->()->std::pair<const int, std::shared_ptr<pcl::PointCloud<pcl::PointXYZRGBNormal> > >::first).QMap<int, rtabmap::Signature>::const_itera
 │ │ tor::value()'
 │ │  2602 |                                                         const Signature & s = cachedSignatures.find(iter->first).value();
 │ │       |                                                                               ~~~~~~~~~~~~~~~~~~~~~~~~~~~~~~~~~~~~~~~~^~
 │ │ $SRC_DIR/ros-humble-rtabmap/src/work/guilib/src/ExportCloudsDialog.cpp: In member function 'std::map<int, std::pair<std::shared_ptr<pcl::PointCloud<pcl::Po
 │ │ intXYZRGBNormal> >, std::shared_ptr<std::vector<int, std::allocator<int> > > > > rtabmap::ExportCloudsDialog::getClouds(const std::map<int, rtabmap::Transf
 │ │ orm>&, const QMap<int, rtabmap::Signature>&, const std::map<int, std::pair<std::shared_ptr<pcl::PointCloud<pcl::PointXYZRGB> >, std::shared_ptr<std::vector
 │ │ <int, std::allocator<int> > > > >&, const std::map<int, rtabmap::LaserScan>&, const rtabmap::ParametersMap&, bool&, bool&) const':
 │ │ $SRC_DIR/ros-humble-rtabmap/src/work/guilib/src/ExportCloudsDialog.cpp:3695:59: warning: possibly dangling reference to a temporary [-Wdangling-reference]
 │ │  3695 |                                         const Signature & s = cachedSignatures.find(iter->first).value();
 │ │       |                                                           ^
 │ │ $SRC_DIR/ros-humble-rtabmap/src/work/guilib/src/ExportCloudsDialog.cpp:3695:103: note: the temporary was destroyed at the end of the full expression '(& ca
 │ │ chedSignatures)->QMap<int, rtabmap::Signature>::find(iter.std::_Rb_tree_const_iterator<std::pair<const int, rtabmap::Transform> >::operator->()->std::pair<
 │ │ const int, rtabmap::Transform>::first).QMap<int, rtabmap::Signature>::const_iterator::value()'
 │ │  3695 |                                         const Signature & s = cachedSignatures.find(iter->first).value();
 │ │       |                                                               ~~~~~~~~~~~~~~~~~~~~~~~~~~~~~~~~~~~~~~~~^~
 │ │ $SRC_DIR/ros-humble-rtabmap/src/work/guilib/src/ExportCloudsDialog.cpp:3883:67: warning: possibly dangling reference to a temporary [-Wdangling-reference]
 │ │  3883 |                                                 const Signature & s = cachedSignatures.find(iter->first).value();
 │ │       |                                                                   ^
 │ │ $SRC_DIR/ros-humble-rtabmap/src/work/guilib/src/ExportCloudsDialog.cpp:3883:111: note: the temporary was destroyed at the end of the full expression '(& ca
 │ │ chedSignatures)->QMap<int, rtabmap::Signature>::find(iter.std::_Rb_tree_const_iterator<std::pair<const int, rtabmap::Transform> >::operator->()->std::pair<
 │ │ const int, rtabmap::Transform>::first).QMap<int, rtabmap::Signature>::const_iterator::value()'
 │ │  3883 |                                                 const Signature & s = cachedSignatures.find(iter->first).value();
 │ │       |                                                                       ~~~~~~~~~~~~~~~~~~~~~~~~~~~~~~~~~~~~~~~~^~
 │ │ $SRC_DIR/ros-humble-rtabmap/src/work/guilib/src/ExportCloudsDialog.cpp:3926:59: warning: possibly dangling reference to a temporary [-Wdangling-reference]
 │ │  3926 |                                         const Signature & s = cachedSignatures.find(iter->first).value();
 │ │       |                                                           ^
 │ │ $SRC_DIR/ros-humble-rtabmap/src/work/guilib/src/ExportCloudsDialog.cpp:3926:103: note: the temporary was destroyed at the end of the full expression '(& ca
 │ │ chedSignatures)->QMap<int, rtabmap::Signature>::find(iter.std::_Rb_tree_const_iterator<std::pair<const int, rtabmap::Transform> >::operator->()->std::pair<
 │ │ const int, rtabmap::Transform>::first).QMap<int, rtabmap::Signature>::const_iterator::value()'
 │ │  3926 |                                         const Signature & s = cachedSignatures.find(iter->first).value();
 │ │       |                                                               ~~~~~~~~~~~~~~~~~~~~~~~~~~~~~~~~~~~~~~~~^~
 │ │ $SRC_DIR/ros-humble-rtabmap/src/work/guilib/src/ExportCloudsDialog.cpp:3995:59: warning: possibly dangling reference to a temporary [-Wdangling-reference]
 │ │  3995 |                                         const Signature & s = cachedSignatures.find(iter->first).value();
 │ │       |                                                           ^
 │ │ $SRC_DIR/ros-humble-rtabmap/src/work/guilib/src/ExportCloudsDialog.cpp:3995:103: note: the temporary was destroyed at the end of the full expression '(& ca
 │ │ chedSignatures)->QMap<int, rtabmap::Signature>::find(iter.std::_Rb_tree_const_iterator<std::pair<const int, rtabmap::Transform> >::operator->()->std::pair<
 │ │ const int, rtabmap::Transform>::first).QMap<int, rtabmap::Signature>::const_iterator::value()'
 │ │  3995 |                                         const Signature & s = cachedSignatures.find(iter->first).value();
 │ │       |                                                               ~~~~~~~~~~~~~~~~~~~~~~~~~~~~~~~~~~~~~~~~^~
 │ │ [230/257] Building CXX object guilib/src/CMakeFiles/rtabmap_gui.dir/PreferencesDialog.cpp.o
 │ │ [231/257] Linking CXX shared library bin/librtabmap_gui.so.0.22.1
 │ │ [232/257] Creating library symlink bin/librtabmap_gui.so.0.22 bin/librtabmap_gui.so
 │ │ [233/257] Automatic MOC and UIC for target noEventsExample
 │ │ [234/257] Linking CXX executable bin/rtabmap-odometryViewer
 │ │ [235/257] Linking CXX executable bin/rtabmap-rgbd_camera
 │ │ [236/257] Linking CXX executable bin/rtabmap-dataRecorder
 │ │ [237/257] Linking CXX executable bin/rtabmap
 │ │ [238/257] Automatic MOC and UIC for target rgbd_mapping
 │ │ [239/257] Linking CXX executable bin/rtabmap-databaseViewer
 │ │ [240/257] Linking CXX executable bin/rtabmap-epipolar_geometry
 │ │ [241/257] Automatic MOC and UIC for target lidar_mapping
 │ │ [242/257] Linking CXX executable bin/rtabmap-calibration
 │ │ [243/257] Automatic MOC and UIC for target wifi_mapping
 │ │ [244/257] Linking CXX executable bin/rtabmap-bow_mapping
 │ │ [245/257] Linking CXX executable bin/rtabmap-matcher
 │ │ [246/257] Building CXX object examples/NoEventsExample/CMakeFiles/noEventsExample.dir/noEventsExample_autogen/mocs_compilation.cpp.o
 │ │ [247/257] Building CXX object examples/WifiMapping/CMakeFiles/wifi_mapping.dir/main.cpp.o
 │ │ [248/257] Building CXX object examples/NoEventsExample/CMakeFiles/noEventsExample.dir/main.cpp.o
 │ │ [249/257] Building CXX object examples/LidarMapping/CMakeFiles/lidar_mapping.dir/lidar_mapping_autogen/mocs_compilation.cpp.o
 │ │ [250/257] Linking CXX executable bin/rtabmap-noEventsExample
 │ │ [251/257] Building CXX object examples/WifiMapping/CMakeFiles/wifi_mapping.dir/wifi_mapping_autogen/mocs_compilation.cpp.o
 │ │ [252/257] Building CXX object examples/RGBDMapping/CMakeFiles/rgbd_mapping.dir/rgbd_mapping_autogen/mocs_compilation.cpp.o
 │ │ [253/257] Linking CXX executable bin/rtabmap-wifi_mapping
 │ │ [254/257] Building CXX object examples/RGBDMapping/CMakeFiles/rgbd_mapping.dir/main.cpp.o
 │ │ [255/257] Linking CXX executable bin/rtabmap-rgbd_mapping
 │ │ [256/257] Building CXX object examples/LidarMapping/CMakeFiles/lidar_mapping.dir/main.cpp.o
 │ │ [257/257] Linking CXX executable bin/rtabmap-lidar_mapping
 │ │ [0/1] Install the project...
 │ │ -- Install configuration: "Release"
 │ │ -- Installing: $PREFIX/lib/librtabmap_utilite.so.0.22.1
 │ │ -- Installing: $PREFIX/lib/librtabmap_utilite.so.0.22
 │ │ -- Installing: $PREFIX/lib/librtabmap_utilite.so
 │ │ -- Installing: $PREFIX/include/rtabmap-0.22/rtabmap
 │ │ -- Installing: $PREFIX/include/rtabmap-0.22/rtabmap/utilite
 │ │ -- Installing: $PREFIX/include/rtabmap-0.22/rtabmap/utilite/UStl.h
 │ │ -- Installing: $PREFIX/include/rtabmap-0.22/rtabmap/utilite/UEvent.h
 │ │ -- Installing: $PREFIX/include/rtabmap-0.22/rtabmap/utilite/UMath.h
 │ │ -- Installing: $PREFIX/include/rtabmap-0.22/rtabmap/utilite/UThreadC.h
 │ │ -- Installing: $PREFIX/include/rtabmap-0.22/rtabmap/utilite/Posix
 │ │ -- Installing: $PREFIX/include/rtabmap-0.22/rtabmap/utilite/Posix/UThreadC.h
 │ │ -- Installing: $PREFIX/include/rtabmap-0.22/rtabmap/utilite/UConversion.h
 │ │ -- Installing: $PREFIX/include/rtabmap-0.22/rtabmap/utilite/UVariant.h
 │ │ -- Installing: $PREFIX/include/rtabmap-0.22/rtabmap/utilite/UEventsHandler.h
 │ │ -- Installing: $PREFIX/include/rtabmap-0.22/rtabmap/utilite/UProcessInfo.h
 │ │ -- Installing: $PREFIX/include/rtabmap-0.22/rtabmap/utilite/Win32
 │ │ -- Installing: $PREFIX/include/rtabmap-0.22/rtabmap/utilite/Win32/UThreadC.h
 │ │ -- Installing: $PREFIX/include/rtabmap-0.22/rtabmap/utilite/Win32/UWin32.h
 │ │ -- Installing: $PREFIX/include/rtabmap-0.22/rtabmap/utilite/UThreadNode.h
 │ │ -- Installing: $PREFIX/include/rtabmap-0.22/rtabmap/utilite/USemaphore.h
 │ │ -- Installing: $PREFIX/include/rtabmap-0.22/rtabmap/utilite/UDirectory.h
 │ │ -- Installing: $PREFIX/include/rtabmap-0.22/rtabmap/utilite/UtiLite.h
 │ │ -- Installing: $PREFIX/include/rtabmap-0.22/rtabmap/utilite/ULogger.h
 │ │ -- Installing: $PREFIX/include/rtabmap-0.22/rtabmap/utilite/UThread.h
 │ │ -- Installing: $PREFIX/include/rtabmap-0.22/rtabmap/utilite/UObjDeletionThread.h
 │ │ -- Installing: $PREFIX/include/rtabmap-0.22/rtabmap/utilite/UEventsSender.h
 │ │ -- Installing: $PREFIX/include/rtabmap-0.22/rtabmap/utilite/UException.h
 │ │ -- Installing: $PREFIX/include/rtabmap-0.22/rtabmap/utilite/UMutex.h
 │ │ -- Installing: $PREFIX/include/rtabmap-0.22/rtabmap/utilite/UFile.h
 │ │ -- Installing: $PREFIX/include/rtabmap-0.22/rtabmap/utilite/UEventsManager.h
 │ │ -- Installing: $PREFIX/include/rtabmap-0.22/rtabmap/utilite/UTimer.h
 │ │ -- Installing: $PREFIX/include/rtabmap-0.22/rtabmap/utilite/UDestroyer.h
 │ │ -- Up-to-date: $PREFIX/include/rtabmap-0.22/rtabmap
 │ │ -- Up-to-date: $PREFIX/include/rtabmap-0.22/rtabmap/utilite
 │ │ -- Installing: $PREFIX/include/rtabmap-0.22/rtabmap/utilite/utilite_export.h
 │ │ -- Installing: $PREFIX/lib/rtabmap-0.22/RTABMap_utiliteTargets.cmake
 │ │ -- Installing: $PREFIX/lib/rtabmap-0.22/RTABMap_utiliteTargets-release.cmake
 │ │ -- Installing: $PREFIX/bin/rtabmap-res_tool-0.3.0
 │ │ -- Installing: $PREFIX/bin/rtabmap-res_tool
 │ │ -- Set non-toolchain portion of runtime path of "$PREFIX/bin/rtabmap-res_tool-0.3.0" to ""
 │ │ -- Installing: $PREFIX/lib/librtabmap_core.so.0.22.1
 │ │ -- Installing: $PREFIX/lib/librtabmap_core.so.0.22
 │ │ -- Set non-toolchain portion of runtime path of "$PREFIX/lib/librtabmap_core.so.0.22.1" to ""
 │ │ -- Installing: $PREFIX/lib/librtabmap_core.so
 │ │ -- Up-to-date: $PREFIX/include/rtabmap-0.22/rtabmap
 │ │ -- Installing: $PREFIX/include/rtabmap-0.22/rtabmap/core
 │ │ -- Installing: $PREFIX/include/rtabmap-0.22/rtabmap/core/GPS.h
 │ │ -- Installing: $PREFIX/include/rtabmap-0.22/rtabmap/core/util2d.h
 │ │ -- Installing: $PREFIX/include/rtabmap-0.22/rtabmap/core/IMUThread.h
 │ │ -- Installing: $PREFIX/include/rtabmap-0.22/rtabmap/core/Optimizer.h
 │ │ -- Installing: $PREFIX/include/rtabmap-0.22/rtabmap/core/stereo
 │ │ -- Installing: $PREFIX/include/rtabmap-0.22/rtabmap/core/stereo/StereoBM.h
 │ │ -- Installing: $PREFIX/include/rtabmap-0.22/rtabmap/core/stereo/stereoRectifyFisheye.h
 │ │ -- Installing: $PREFIX/include/rtabmap-0.22/rtabmap/core/stereo/StereoSGBM.h
 │ │ -- Installing: $PREFIX/include/rtabmap-0.22/rtabmap/core/OdometryEvent.h
 │ │ -- Installing: $PREFIX/include/rtabmap-0.22/rtabmap/core/GeodeticCoords.h
 │ │ -- Installing: $PREFIX/include/rtabmap-0.22/rtabmap/core/SensorCaptureThread.h
 │ │ -- Installing: $PREFIX/include/rtabmap-0.22/rtabmap/core/SensorData.h
 │ │ -- Installing: $PREFIX/include/rtabmap-0.22/rtabmap/core/util3d_motion_estimation.h
 │ │ -- Installing: $PREFIX/include/rtabmap-0.22/rtabmap/core/Parameters.h
 │ │ -- Installing: $PREFIX/include/rtabmap-0.22/rtabmap/core/UserDataEvent.h
 │ │ -- Installing: $PREFIX/include/rtabmap-0.22/rtabmap/core/MarkerDetector.h
 │ │ -- Installing: $PREFIX/include/rtabmap-0.22/rtabmap/core/util3d_mapping.h
 │ │ -- Installing: $PREFIX/include/rtabmap-0.22/rtabmap/core/EnvSensor.h
 │ │ -- Installing: $PREFIX/include/rtabmap-0.22/rtabmap/core/IMUFilter.h
 │ │ -- Installing: $PREFIX/include/rtabmap-0.22/rtabmap/core/CameraRGB.h
 │ │ -- Installing: $PREFIX/include/rtabmap-0.22/rtabmap/core/EpipolarGeometry.h
 │ │ -- Installing: $PREFIX/include/rtabmap-0.22/rtabmap/core/Landmark.h
 │ │ -- Installing: $PREFIX/include/rtabmap-0.22/rtabmap/core/CameraInfo.h
 │ │ -- Installing: $PREFIX/include/rtabmap-0.22/rtabmap/core/RegistrationVis.h
 │ │ -- Installing: $PREFIX/include/rtabmap-0.22/rtabmap/core/LaserScan.h
 │ │ -- Installing: $PREFIX/include/rtabmap-0.22/rtabmap/core/PythonInterface.h
 │ │ -- Installing: $PREFIX/include/rtabmap-0.22/rtabmap/core/LASWriter.h
 │ │ -- Installing: $PREFIX/include/rtabmap-0.22/rtabmap/core/LocalGrid.h
 │ │ -- Installing: $PREFIX/include/rtabmap-0.22/rtabmap/core/impl
 │ │ -- Installing: $PREFIX/include/rtabmap-0.22/rtabmap/core/impl/util3d.hpp
 │ │ -- Installing: $PREFIX/include/rtabmap-0.22/rtabmap/core/impl/util3d_mapping.hpp
 │ │ -- Installing: $PREFIX/include/rtabmap-0.22/rtabmap/core/impl/util3d_surface.hpp
 │ │ -- Installing: $PREFIX/include/rtabmap-0.22/rtabmap/core/impl/LocalMapMaker.hpp
 │ │ -- Installing: $PREFIX/include/rtabmap-0.22/rtabmap/core/clams
 │ │ -- Installing: $PREFIX/include/rtabmap-0.22/rtabmap/core/clams/discrete_depth_distortion_model.h
 │ │ -- Installing: $PREFIX/include/rtabmap-0.22/rtabmap/core/clams/frame_projector.h
 │ │ -- Installing: $PREFIX/include/rtabmap-0.22/rtabmap/core/clams/slam_calibrator.h
 │ │ -- Installing: $PREFIX/include/rtabmap-0.22/rtabmap/core/CameraEvent.h
 │ │ -- Installing: $PREFIX/include/rtabmap-0.22/rtabmap/core/DBReader.h
 │ │ -- Installing: $PREFIX/include/rtabmap-0.22/rtabmap/core/optimizer
 │ │ -- Installing: $PREFIX/include/rtabmap-0.22/rtabmap/core/optimizer/OptimizerGTSAM.h
 │ │ -- Installing: $PREFIX/include/rtabmap-0.22/rtabmap/core/optimizer/OptimizerCVSBA.h
 │ │ -- Installing: $PREFIX/include/rtabmap-0.22/rtabmap/core/optimizer/OptimizerTORO.h
 │ │ -- Installing: $PREFIX/include/rtabmap-0.22/rtabmap/core/optimizer/OptimizerG2O.h
 │ │ -- Installing: $PREFIX/include/rtabmap-0.22/rtabmap/core/optimizer/OptimizerCeres.h
 │ │ -- Installing: $PREFIX/include/rtabmap-0.22/rtabmap/core/util3d_correspondences.h
 │ │ -- Installing: $PREFIX/include/rtabmap-0.22/rtabmap/core/VisualWord.h
 │ │ -- Installing: $PREFIX/include/rtabmap-0.22/rtabmap/core/util3d_transforms.h
 │ │ -- Installing: $PREFIX/include/rtabmap-0.22/rtabmap/core/Transform.h
 │ │ -- Installing: $PREFIX/include/rtabmap-0.22/rtabmap/core/Odometry.h
 │ │ -- Installing: $PREFIX/include/rtabmap-0.22/rtabmap/core/GlobalDescriptor.h
 │ │ -- Installing: $PREFIX/include/rtabmap-0.22/rtabmap/core/lidar
 │ │ -- Installing: $PREFIX/include/rtabmap-0.22/rtabmap/core/lidar/LidarVLP16.h
 │ │ -- Installing: $PREFIX/include/rtabmap-0.22/rtabmap/core/Lidar.h
 │ │ -- Installing: $PREFIX/include/rtabmap-0.22/rtabmap/core/SensorCaptureInfo.h
 │ │ -- Installing: $PREFIX/include/rtabmap-0.22/rtabmap/core/rvl_codec.h
 │ │ -- Installing: $PREFIX/include/rtabmap-0.22/rtabmap/core/RtabmapThread.h
 │ │ -- Installing: $PREFIX/include/rtabmap-0.22/rtabmap/core/Signature.h
 │ │ -- Installing: $PREFIX/include/rtabmap-0.22/rtabmap/core/Compression.h
 │ │ -- Installing: $PREFIX/include/rtabmap-0.22/rtabmap/core/OdometryThread.h
 │ │ -- Installing: $PREFIX/include/rtabmap-0.22/rtabmap/core/OctoMap.h
 │ │ -- Installing: $PREFIX/include/rtabmap-0.22/rtabmap/core/camera
 │ │ -- Installing: $PREFIX/include/rtabmap-0.22/rtabmap/core/camera/CameraStereoImages.h
 │ │ -- Installing: $PREFIX/include/rtabmap-0.22/rtabmap/core/camera/CameraStereoFlyCapture2.h
 │ │ -- Installing: $PREFIX/include/rtabmap-0.22/rtabmap/core/camera/CameraMyntEye.h
 │ │ -- Installing: $PREFIX/include/rtabmap-0.22/rtabmap/core/camera/CameraFreenect2.h
 │ │ -- Installing: $PREFIX/include/rtabmap-0.22/rtabmap/core/camera/CameraRGBDImages.h
 │ │ -- Installing: $PREFIX/include/rtabmap-0.22/rtabmap/core/camera/CameraStereoVideo.h
 │ │ -- Installing: $PREFIX/include/rtabmap-0.22/rtabmap/core/camera/CameraVideo.h
 │ │ -- Installing: $PREFIX/include/rtabmap-0.22/rtabmap/core/camera/CameraRealSense.h
 │ │ -- Installing: $PREFIX/include/rtabmap-0.22/rtabmap/core/camera/CameraStereoZedOC.h
 │ │ -- Installing: $PREFIX/include/rtabmap-0.22/rtabmap/core/camera/CameraStereoDC1394.h
 │ │ -- Installing: $PREFIX/include/rtabmap-0.22/rtabmap/core/camera/CameraK4A.h
 │ │ -- Installing: $PREFIX/include/rtabmap-0.22/rtabmap/core/camera/CameraK4W2.h
 │ │ -- Installing: $PREFIX/include/rtabmap-0.22/rtabmap/core/camera/CameraRealSense2.h
 │ │ -- Installing: $PREFIX/include/rtabmap-0.22/rtabmap/core/camera/CameraOpenni.h
 │ │ -- Installing: $PREFIX/include/rtabmap-0.22/rtabmap/core/camera/CameraSeerSense.h
 │ │ -- Installing: $PREFIX/include/rtabmap-0.22/rtabmap/core/camera/CameraDepthAI.h
 │ │ -- Installing: $PREFIX/include/rtabmap-0.22/rtabmap/core/camera/CameraStereoZed.h
 │ │ -- Installing: $PREFIX/include/rtabmap-0.22/rtabmap/core/camera/CameraOpenNICV.h
 │ │ -- Installing: $PREFIX/include/rtabmap-0.22/rtabmap/core/camera/CameraFreenect.h
 │ │ -- Installing: $PREFIX/include/rtabmap-0.22/rtabmap/core/camera/CameraImages.h
 │ │ -- Installing: $PREFIX/include/rtabmap-0.22/rtabmap/core/camera/CameraStereoTara.h
 │ │ -- Installing: $PREFIX/include/rtabmap-0.22/rtabmap/core/camera/CameraOpenNI2.h
 │ │ -- Installing: $PREFIX/include/rtabmap-0.22/rtabmap/core/FlannIndex.h
 │ │ -- Installing: $PREFIX/include/rtabmap-0.22/rtabmap/core/CameraThread.h
 │ │ -- Installing: $PREFIX/include/rtabmap-0.22/rtabmap/core/StereoCameraModel.h
 │ │ -- Installing: $PREFIX/include/rtabmap-0.22/rtabmap/core/Memory.h
 │ │ -- Installing: $PREFIX/include/rtabmap-0.22/rtabmap/core/RegistrationIcp.h
 │ │ -- Installing: $PREFIX/include/rtabmap-0.22/rtabmap/core/SensorEvent.h
 │ │ -- Installing: $PREFIX/include/rtabmap-0.22/rtabmap/core/Camera.h
 │ │ -- Installing: $PREFIX/include/rtabmap-0.22/rtabmap/core/Graph.h
 │ │ -- Installing: $PREFIX/include/rtabmap-0.22/rtabmap/core/Link.h
 │ │ -- Installing: $PREFIX/include/rtabmap-0.22/rtabmap/core/global_map
 │ │ -- Installing: $PREFIX/include/rtabmap-0.22/rtabmap/core/global_map/GridMap.h
 │ │ -- Installing: $PREFIX/include/rtabmap-0.22/rtabmap/core/global_map/OctoMap.h
 │ │ -- Installing: $PREFIX/include/rtabmap-0.22/rtabmap/core/global_map/CloudMap.h
 │ │ -- Installing: $PREFIX/include/rtabmap-0.22/rtabmap/core/global_map/OccupancyGrid.h
 │ │ -- Installing: $PREFIX/include/rtabmap-0.22/rtabmap/core/GlobalMap.h
 │ │ -- Installing: $PREFIX/include/rtabmap-0.22/rtabmap/core/ParamEvent.h
 │ │ -- Installing: $PREFIX/include/rtabmap-0.22/rtabmap/core/util3d.h
 │ │ -- Installing: $PREFIX/include/rtabmap-0.22/rtabmap/core/CameraRGBD.h
 │ │ -- Installing: $PREFIX/include/rtabmap-0.22/rtabmap/core/SensorCapture.h
 │ │ -- Installing: $PREFIX/include/rtabmap-0.22/rtabmap/core/LocalGridMaker.h
 │ │ -- Installing: $PREFIX/include/rtabmap-0.22/rtabmap/core/Image.h
 │ │ -- Installing: $PREFIX/include/rtabmap-0.22/rtabmap/core/RegistrationInfo.h
 │ │ -- Installing: $PREFIX/include/rtabmap-0.22/rtabmap/core/GainCompensator.h
 │ │ -- Installing: $PREFIX/include/rtabmap-0.22/rtabmap/core/util3d_registration.h
 │ │ -- Installing: $PREFIX/include/rtabmap-0.22/rtabmap/core/util3d_filtering.h
 │ │ -- Installing: $PREFIX/include/rtabmap-0.22/rtabmap/core/RtabmapEvent.h
 │ │ -- Installing: $PREFIX/include/rtabmap-0.22/rtabmap/core/StereoDense.h
 │ │ -- Installing: $PREFIX/include/rtabmap-0.22/rtabmap/core/Registration.h
 │ │ -- Installing: $PREFIX/include/rtabmap-0.22/rtabmap/core/VWDictionary.h
 │ │ -- Installing: $PREFIX/include/rtabmap-0.22/rtabmap/core/PDALWriter.h
 │ │ -- Installing: $PREFIX/include/rtabmap-0.22/rtabmap/core/util3d_features.h
 │ │ -- Installing: $PREFIX/include/rtabmap-0.22/rtabmap/core/CameraStereo.h
 │ │ -- Installing: $PREFIX/include/rtabmap-0.22/rtabmap/core/Features2d.h
 │ │ -- Installing: $PREFIX/include/rtabmap-0.22/rtabmap/core/CameraModel.h
 │ │ -- Installing: $PREFIX/include/rtabmap-0.22/rtabmap/core/ProgressState.h
 │ │ -- Installing: $PREFIX/include/rtabmap-0.22/rtabmap/core/IMU.h
 │ │ -- Installing: $PREFIX/include/rtabmap-0.22/rtabmap/core/OdometryInfo.h
 │ │ -- Installing: $PREFIX/include/rtabmap-0.22/rtabmap/core/GlobalDescriptorExtractor.h
 │ │ -- Installing: $PREFIX/include/rtabmap-0.22/rtabmap/core/DBDriverSqlite3.h
 │ │ -- Installing: $PREFIX/include/rtabmap-0.22/rtabmap/core/ParticleFilter.h
 │ │ -- Installing: $PREFIX/include/rtabmap-0.22/rtabmap/core/odometry
 │ │ -- Installing: $PREFIX/include/rtabmap-0.22/rtabmap/core/odometry/OdometryLOAM.h
 │ │ -- Installing: $PREFIX/include/rtabmap-0.22/rtabmap/core/odometry/OdometryOkvis.h
 │ │ -- Installing: $PREFIX/include/rtabmap-0.22/rtabmap/core/odometry/OdometryF2F.h
 │ │ -- Installing: $PREFIX/include/rtabmap-0.22/rtabmap/core/odometry/OdometryViso2.h
 │ │ -- Installing: $PREFIX/include/rtabmap-0.22/rtabmap/core/odometry/OdometryF2M.h
 │ │ -- Installing: $PREFIX/include/rtabmap-0.22/rtabmap/core/odometry/OdometryMono.h
 │ │ -- Installing: $PREFIX/include/rtabmap-0.22/rtabmap/core/odometry/OdometryORBSLAM2.h
 │ │ -- Installing: $PREFIX/include/rtabmap-0.22/rtabmap/core/odometry/OdometryOpen3D.h
 │ │ -- Installing: $PREFIX/include/rtabmap-0.22/rtabmap/core/odometry/OdometryMSCKF.h
 │ │ -- Installing: $PREFIX/include/rtabmap-0.22/rtabmap/core/odometry/OdometryFovis.h
 │ │ -- Installing: $PREFIX/include/rtabmap-0.22/rtabmap/core/odometry/OdometryOpenVINS.h
 │ │ -- Installing: $PREFIX/include/rtabmap-0.22/rtabmap/core/odometry/OdometryDVO.h
 │ │ -- Installing: $PREFIX/include/rtabmap-0.22/rtabmap/core/odometry/OdometryVINS.h
 │ │ -- Installing: $PREFIX/include/rtabmap-0.22/rtabmap/core/odometry/OdometryORBSLAM3.h
 │ │ -- Installing: $PREFIX/include/rtabmap-0.22/rtabmap/core/odometry/OdometryFLOAM.h
 │ │ -- Installing: $PREFIX/include/rtabmap-0.22/rtabmap/core/util3d_surface.h
 │ │ -- Installing: $PREFIX/include/rtabmap-0.22/rtabmap/core/BayesFilter.h
 │ │ -- Installing: $PREFIX/include/rtabmap-0.22/rtabmap/core/Stereo.h
 │ │ -- Installing: $PREFIX/include/rtabmap-0.22/rtabmap/core/Recovery.h
 │ │ -- Installing: $PREFIX/include/rtabmap-0.22/rtabmap/core/DBDriver.h
 │ │ -- Installing: $PREFIX/include/rtabmap-0.22/rtabmap/core/Statistics.h
 │ │ -- Installing: $PREFIX/include/rtabmap-0.22/rtabmap/core/Rtabmap.h
 │ │ -- Installing: $PREFIX/include/rtabmap-0.22/rtabmap/core/OccupancyGrid.h
 │ │ -- Up-to-date: $PREFIX/include/rtabmap-0.22/rtabmap
 │ │ -- Up-to-date: $PREFIX/include/rtabmap-0.22/rtabmap/core
 │ │ -- Installing: $PREFIX/include/rtabmap-0.22/rtabmap/core/rtabmap_core_export.h
 │ │ -- Installing: $PREFIX/include/rtabmap-0.22/rtabmap/core/Version.h
 │ │ -- Installing: $PREFIX/lib/rtabmap-0.22/RTABMap_coreTargets.cmake
 │ │ -- Installing: $PREFIX/lib/rtabmap-0.22/RTABMap_coreTargets-release.cmake
 │ │ -- Installing: $PREFIX/lib/librtabmap_gui.so.0.22.1
 │ │ -- Installing: $PREFIX/lib/librtabmap_gui.so.0.22
 │ │ -- Set non-toolchain portion of runtime path of "$PREFIX/lib/librtabmap_gui.so.0.22.1" to ""
 │ │ -- Installing: $PREFIX/lib/librtabmap_gui.so
 │ │ -- Up-to-date: $PREFIX/include/rtabmap-0.22/rtabmap
 │ │ -- Installing: $PREFIX/include/rtabmap-0.22/rtabmap/gui
 │ │ -- Installing: $PREFIX/include/rtabmap-0.22/rtabmap/gui/DepthCalibrationDialog.h
 │ │ -- Installing: $PREFIX/include/rtabmap-0.22/rtabmap/gui/CloudViewerInteractorStyle.h
 │ │ -- Installing: $PREFIX/include/rtabmap-0.22/rtabmap/gui/OdometryViewer.h
 │ │ -- Installing: $PREFIX/include/rtabmap-0.22/rtabmap/gui/CalibrationDialog.h
 │ │ -- Installing: $PREFIX/include/rtabmap-0.22/rtabmap/gui/CloudViewerCellPicker.h
 │ │ -- Installing: $PREFIX/include/rtabmap-0.22/rtabmap/gui/PointCloudColorHandlerIntensityField.h
 │ │ -- Installing: $PREFIX/include/rtabmap-0.22/rtabmap/gui/ExportCloudsDialog.h
 │ │ -- Installing: $PREFIX/include/rtabmap-0.22/rtabmap/gui/CloudViewer.h
 │ │ -- Installing: $PREFIX/include/rtabmap-0.22/rtabmap/gui/EditConstraintDialog.h
 │ │ -- Installing: $PREFIX/include/rtabmap-0.22/rtabmap/gui/AboutDialog.h
 │ │ -- Installing: $PREFIX/include/rtabmap-0.22/rtabmap/gui/CreateSimpleCalibrationDialog.h
 │ │ -- Installing: $PREFIX/include/rtabmap-0.22/rtabmap/gui/MainWindow.h
 │ │ -- Installing: $PREFIX/include/rtabmap-0.22/rtabmap/gui/DataRecorder.h
 │ │ -- Installing: $PREFIX/include/rtabmap-0.22/rtabmap/gui/PointCloudColorHandlerMinMaxGenericField.h
 │ │ -- Installing: $PREFIX/include/rtabmap-0.22/rtabmap/gui/PdfPlot.h
 │ │ -- Installing: $PREFIX/include/rtabmap-0.22/rtabmap/gui/ProgressDialog.h
 │ │ -- Installing: $PREFIX/include/rtabmap-0.22/rtabmap/gui/LinkRefiningDialog.h
 │ │ -- Installing: $PREFIX/include/rtabmap-0.22/rtabmap/gui/PostProcessingDialog.h
 │ │ -- Installing: $PREFIX/include/rtabmap-0.22/rtabmap/gui/CameraViewer.h
 │ │ -- Installing: $PREFIX/include/rtabmap-0.22/rtabmap/gui/ExportDialog.h
 │ │ -- Installing: $PREFIX/include/rtabmap-0.22/rtabmap/gui/ExportBundlerDialog.h
 │ │ -- Installing: $PREFIX/include/rtabmap-0.22/rtabmap/gui/ParametersToolBox.h
 │ │ -- Installing: $PREFIX/include/rtabmap-0.22/rtabmap/gui/RecoveryState.h
 │ │ -- Installing: $PREFIX/include/rtabmap-0.22/rtabmap/gui/TexturingState.h
 │ │ -- Installing: $PREFIX/include/rtabmap-0.22/rtabmap/gui/ImageView.h
 │ │ -- Installing: $PREFIX/include/rtabmap-0.22/rtabmap/gui/ConsoleWidget.h
 │ │ -- Installing: $PREFIX/include/rtabmap-0.22/rtabmap/gui/EditDepthArea.h
 │ │ -- Installing: $PREFIX/include/rtabmap-0.22/rtabmap/gui/PreferencesDialog.h
 │ │ -- Installing: $PREFIX/include/rtabmap-0.22/rtabmap/gui/LoopClosureViewer.h
 │ │ -- Installing: $PREFIX/include/rtabmap-0.22/rtabmap/gui/EditMapArea.h
 │ │ -- Installing: $PREFIX/include/rtabmap-0.22/rtabmap/gui/MultiSessionLocWidget.h
 │ │ -- Installing: $PREFIX/include/rtabmap-0.22/rtabmap/gui/MapVisibilityWidget.h
 │ │ -- Installing: $PREFIX/include/rtabmap-0.22/rtabmap/gui/KeypointItem.h
 │ │ -- Installing: $PREFIX/include/rtabmap-0.22/rtabmap/gui/DatabaseViewer.h
 │ │ -- Installing: $PREFIX/include/rtabmap-0.22/rtabmap/gui/GraphViewer.h
 │ │ -- Installing: $PREFIX/include/rtabmap-0.22/rtabmap/gui/StatsToolBox.h
 │ │ -- Installing: $PREFIX/include/rtabmap-0.22/rtabmap/gui/MultiSessionLocSubView.h
 │ │ -- Up-to-date: $PREFIX/include/rtabmap-0.22/rtabmap/utilite
 │ │ -- Installing: $PREFIX/include/rtabmap-0.22/rtabmap/utilite/UPlot.h
 │ │ -- Installing: $PREFIX/include/rtabmap-0.22/rtabmap/utilite/UCv2Qt.h
 │ │ -- Installing: $PREFIX/include/rtabmap-0.22/rtabmap/utilite/UImageView.h
 │ │ -- Up-to-date: $PREFIX/include/rtabmap-0.22/rtabmap
 │ │ -- Up-to-date: $PREFIX/include/rtabmap-0.22/rtabmap/gui
 │ │ -- Installing: $PREFIX/include/rtabmap-0.22/rtabmap/gui/rtabmap_gui_export.h
 │ │ -- Installing: $PREFIX/lib/rtabmap-0.22/RTABMap_guiTargets.cmake
 │ │ -- Installing: $PREFIX/lib/rtabmap-0.22/RTABMap_guiTargets-release.cmake
 │ │ -- Installing: $PREFIX/bin/rtabmap
 │ │ -- Set non-toolchain portion of runtime path of "$PREFIX/bin/rtabmap" to ""
 │ │ -- Installing: $PREFIX/bin/rtabmap-console
 │ │ -- Set non-toolchain portion of runtime path of "$PREFIX/bin/rtabmap-console" to ""
 │ │ -- Installing: $PREFIX/bin/rtabmap-extractObject
 │ │ -- Set non-toolchain portion of runtime path of "$PREFIX/bin/rtabmap-extractObject" to ""
 │ │ -- Installing: $PREFIX/bin/rtabmap-camera
 │ │ -- Set non-toolchain portion of runtime path of "$PREFIX/bin/rtabmap-camera" to ""
 │ │ -- Installing: $PREFIX/bin/rtabmap-kitti_dataset
 │ │ -- Set non-toolchain portion of runtime path of "$PREFIX/bin/rtabmap-kitti_dataset" to ""
 │ │ -- Installing: $PREFIX/bin/rtabmap-rgbd_dataset
 │ │ -- Set non-toolchain portion of runtime path of "$PREFIX/bin/rtabmap-rgbd_dataset" to ""
 │ │ -- Installing: $PREFIX/bin/rtabmap-euroc_dataset
 │ │ -- Set non-toolchain portion of runtime path of "$PREFIX/bin/rtabmap-euroc_dataset" to ""
 │ │ -- Installing: $PREFIX/bin/rtabmap-recovery
 │ │ -- Set non-toolchain portion of runtime path of "$PREFIX/bin/rtabmap-recovery" to ""
 │ │ -- Installing: $PREFIX/bin/rtabmap-reprocess
 │ │ -- Set non-toolchain portion of runtime path of "$PREFIX/bin/rtabmap-reprocess" to ""
 │ │ -- Installing: $PREFIX/bin/rtabmap-detectMoreLoopClosures
 │ │ -- Set non-toolchain portion of runtime path of "$PREFIX/bin/rtabmap-detectMoreLoopClosures" to ""
 │ │ -- Installing: $PREFIX/bin/rtabmap-export
 │ │ -- Set non-toolchain portion of runtime path of "$PREFIX/bin/rtabmap-export" to ""
 │ │ -- Installing: $PREFIX/bin/rtabmap-report
 │ │ -- Set non-toolchain portion of runtime path of "$PREFIX/bin/rtabmap-report" to ""
 │ │ -- Installing: $PREFIX/bin/rtabmap-info
 │ │ -- Set non-toolchain portion of runtime path of "$PREFIX/bin/rtabmap-info" to ""
 │ │ -- Installing: $PREFIX/bin/rtabmap-cleanupLocalGrids
 │ │ -- Set non-toolchain portion of runtime path of "$PREFIX/bin/rtabmap-cleanupLocalGrids" to ""
 │ │ -- Installing: $PREFIX/bin/rtabmap-globalBundleAdjustment
 │ │ -- Set non-toolchain portion of runtime path of "$PREFIX/bin/rtabmap-globalBundleAdjustment" to ""
 │ │ -- Installing: $PREFIX/bin/rtabmap-rgbd_camera
 │ │ -- Set non-toolchain portion of runtime path of "$PREFIX/bin/rtabmap-rgbd_camera" to ""
 │ │ -- Installing: $PREFIX/bin/rtabmap-lidar_viewer
 │ │ -- Set non-toolchain portion of runtime path of "$PREFIX/bin/rtabmap-lidar_viewer" to ""
 │ │ -- Installing: $PREFIX/bin/rtabmap-databaseViewer
 │ │ -- Set non-toolchain portion of runtime path of "$PREFIX/bin/rtabmap-databaseViewer" to ""
 │ │ -- Installing: $PREFIX/bin/rtabmap-odometryViewer
 │ │ -- Set non-toolchain portion of runtime path of "$PREFIX/bin/rtabmap-odometryViewer" to ""
 │ │ -- Installing: $PREFIX/bin/rtabmap-dataRecorder
 │ │ -- Set non-toolchain portion of runtime path of "$PREFIX/bin/rtabmap-dataRecorder" to ""
 │ │ -- Installing: $PREFIX/bin/rtabmap-calibration
 │ │ -- Set non-toolchain portion of runtime path of "$PREFIX/bin/rtabmap-calibration" to ""
 │ │ -- Installing: $PREFIX/lib/rtabmap-0.22/RTABMapTargets.cmake
 │ │ -- Installing: $PREFIX/lib/rtabmap-0.22/RTABMapConfig.cmake
 │ │ -- Installing: $PREFIX/lib/rtabmap-0.22/RTABMapConfigVersion.cmake
 │ │ -- Installing: $PREFIX/share/rtabmap/package.xml
 │ │
 │ ╰─────────────────── (took 3 minutes)
 │
 │ ╭─ Packaging new files
 │ │ Copying done!
 │ │ rpath ("/home/ubuntu/work/output/bld/rattler-build_ros-humble-rtabmap_1789349062/build_env/lib") is outside of prefix ("/home/ubuntu/work/output/bld/rattle
 │ │ r-build_ros-humble-rtabmap_1789349062/host_env_placehold_placehold_placehold_placehold_placehold_placehold_placehold_placehold_placehold_placehold_placehol
 │ │ d_placehold_placehold_placehold_placehold_placehold_placehold_pla") for "/tmp/ros-humble-rtabmapFYZtbx/bin/rtabmap-lidar_viewer" - removing it
 │ │ rpath ("/home/ubuntu/work/output/bld/rattler-build_ros-humble-rtabmap_1789349062/build_env/lib") is outside of prefix ("/home/ubuntu/work/output/bld/rattle
 │ │ r-build_ros-humble-rtabmap_1789349062/host_env_placehold_placehold_placehold_placehold_placehold_placehold_placehold_placehold_placehold_placehold_placehol
 │ │ d_placehold_placehold_placehold_placehold_placehold_placehold_pla") for "/tmp/ros-humble-rtabmapFYZtbx/bin/rtabmap-extractObject" - removing it
 │ │ Relinking "rtabmap-lidar_viewer"
 │ │ rpath ("/home/ubuntu/work/output/bld/rattler-build_ros-humble-rtabmap_1789349062/build_env/lib") is outside of prefix ("/home/ubuntu/work/output/bld/rattle
 │ │ r-build_ros-humble-rtabmap_1789349062/host_env_placehold_placehold_placehold_placehold_placehold_placehold_placehold_placehold_placehold_placehold_placehol
 │ │ d_placehold_placehold_placehold_placehold_placehold_placehold_pla") for "/tmp/ros-humble-rtabmapFYZtbx/lib/librtabmap_utilite.so.0.22.1" - removing it
 │ │ Relinking "rtabmap-extractObject"
 │ │ rpath ("/home/ubuntu/work/output/bld/rattler-build_ros-humble-rtabmap_1789349062/build_env/lib") is outside of prefix ("/home/ubuntu/work/output/bld/rattle
 │ │ r-build_ros-humble-rtabmap_1789349062/host_env_placehold_placehold_placehold_placehold_placehold_placehold_placehold_placehold_placehold_placehold_placehol
 │ │ d_placehold_placehold_placehold_placehold_placehold_placehold_pla") for "/tmp/ros-humble-rtabmapFYZtbx/bin/rtabmap-calibration" - removing it
 │ │ rpath ("/home/ubuntu/work/output/bld/rattler-build_ros-humble-rtabmap_1789349062/build_env/lib") is outside of prefix ("/home/ubuntu/work/output/bld/rattle
 │ │ r-build_ros-humble-rtabmap_1789349062/host_env_placehold_placehold_placehold_placehold_placehold_placehold_placehold_placehold_placehold_placehold_placehol
 │ │ d_placehold_placehold_placehold_placehold_placehold_placehold_pla") for "/tmp/ros-humble-rtabmapFYZtbx/bin/rtabmap-report" - removing it
 │ │ rpath ("/home/ubuntu/work/output/bld/rattler-build_ros-humble-rtabmap_1789349062/build_env/lib") is outside of prefix ("/home/ubuntu/work/output/bld/rattle
 │ │ r-build_ros-humble-rtabmap_1789349062/host_env_placehold_placehold_placehold_placehold_placehold_placehold_placehold_placehold_placehold_placehold_placehol
 │ │ d_placehold_placehold_placehold_placehold_placehold_placehold_pla") for "/tmp/ros-humble-rtabmapFYZtbx/bin/rtabmap-rgbd_camera" - removing it
 │ │ Relinking "librtabmap_utilite.so.0.22.1"
 │ │ rpath ("/home/ubuntu/work/output/bld/rattler-build_ros-humble-rtabmap_1789349062/build_env/lib") is outside of prefix ("/home/ubuntu/work/output/bld/rattle
 │ │ r-build_ros-humble-rtabmap_1789349062/host_env_placehold_placehold_placehold_placehold_placehold_placehold_placehold_placehold_placehold_placehold_placehol
 │ │ d_placehold_placehold_placehold_placehold_placehold_placehold_pla") for "/tmp/ros-humble-rtabmapFYZtbx/bin/rtabmap-camera" - removing it
 │ │ Relinking "rtabmap-report"
 │ │ Relinking "rtabmap-calibration"
 │ │ rpath ("/home/ubuntu/work/output/bld/rattler-build_ros-humble-rtabmap_1789349062/build_env/lib") is outside of prefix ("/home/ubuntu/work/output/bld/rattle
 │ │ r-build_ros-humble-rtabmap_1789349062/host_env_placehold_placehold_placehold_placehold_placehold_placehold_placehold_placehold_placehold_placehold_placehol
 │ │ d_placehold_placehold_placehold_placehold_placehold_placehold_pla") for "/tmp/ros-humble-rtabmapFYZtbx/bin/rtabmap-console" - removing it
 │ │ Relinking "rtabmap-camera"
 │ │ Relinking "rtabmap-rgbd_camera"
 │ │ Relinking "rtabmap-console"
 │ │ rpath ("/home/ubuntu/work/output/bld/rattler-build_ros-humble-rtabmap_1789349062/build_env/lib") is outside of prefix ("/home/ubuntu/work/output/bld/rattle
 │ │ r-build_ros-humble-rtabmap_1789349062/host_env_placehold_placehold_placehold_placehold_placehold_placehold_placehold_placehold_placehold_placehold_placehol
 │ │ d_placehold_placehold_placehold_placehold_placehold_placehold_pla") for "/tmp/ros-humble-rtabmapFYZtbx/bin/rtabmap-odometryViewer" - removing it
 │ │ rpath ("/home/ubuntu/work/output/bld/rattler-build_ros-humble-rtabmap_1789349062/build_env/lib") is outside of prefix ("/home/ubuntu/work/output/bld/rattle
 │ │ r-build_ros-humble-rtabmap_1789349062/host_env_placehold_placehold_placehold_placehold_placehold_placehold_placehold_placehold_placehold_placehold_placehol
 │ │ d_placehold_placehold_placehold_placehold_placehold_placehold_pla") for "/tmp/ros-humble-rtabmapFYZtbx/bin/rtabmap-dataRecorder" - removing it
 │ │ rpath ("/home/ubuntu/work/output/bld/rattler-build_ros-humble-rtabmap_1789349062/build_env/lib") is outside of prefix ("/home/ubuntu/work/output/bld/rattle
 │ │ r-build_ros-humble-rtabmap_1789349062/host_env_placehold_placehold_placehold_placehold_placehold_placehold_placehold_placehold_placehold_placehold_placehol
 │ │ d_placehold_placehold_placehold_placehold_placehold_placehold_pla") for "/tmp/ros-humble-rtabmapFYZtbx/bin/rtabmap-databaseViewer" - removing it
 │ │ Relinking "rtabmap-odometryViewer"
 │ │ rpath ("/home/ubuntu/work/output/bld/rattler-build_ros-humble-rtabmap_1789349062/build_env/lib") is outside of prefix ("/home/ubuntu/work/output/bld/rattle
 │ │ r-build_ros-humble-rtabmap_1789349062/host_env_placehold_placehold_placehold_placehold_placehold_placehold_placehold_placehold_placehold_placehold_placehol
 │ │ d_placehold_placehold_placehold_placehold_placehold_placehold_pla") for "/tmp/ros-humble-rtabmapFYZtbx/bin/rtabmap-info" - removing it
 │ │ rpath ("/home/ubuntu/work/output/bld/rattler-build_ros-humble-rtabmap_1789349062/build_env/lib") is outside of prefix ("/home/ubuntu/work/output/bld/rattle
 │ │ r-build_ros-humble-rtabmap_1789349062/host_env_placehold_placehold_placehold_placehold_placehold_placehold_placehold_placehold_placehold_placehold_placehol
 │ │ d_placehold_placehold_placehold_placehold_placehold_placehold_pla") for "/tmp/ros-humble-rtabmapFYZtbx/bin/rtabmap-reprocess" - removing it
 │ │ rpath ("/home/ubuntu/work/output/bld/rattler-build_ros-humble-rtabmap_1789349062/build_env/lib") is outside of prefix ("/home/ubuntu/work/output/bld/rattle
 │ │ r-build_ros-humble-rtabmap_1789349062/host_env_placehold_placehold_placehold_placehold_placehold_placehold_placehold_placehold_placehold_placehold_placehol
 │ │ d_placehold_placehold_placehold_placehold_placehold_placehold_pla") for "/tmp/ros-humble-rtabmapFYZtbx/bin/rtabmap" - removing it
 │ │ Relinking "rtabmap-dataRecorder"
 │ │ Relinking "rtabmap-databaseViewer"
 │ │ rpath ("/home/ubuntu/work/output/bld/rattler-build_ros-humble-rtabmap_1789349062/build_env/lib") is outside of prefix ("/home/ubuntu/work/output/bld/rattle
 │ │ r-build_ros-humble-rtabmap_1789349062/host_env_placehold_placehold_placehold_placehold_placehold_placehold_placehold_placehold_placehold_placehold_placehol
 │ │ d_placehold_placehold_placehold_placehold_placehold_placehold_pla") for "/tmp/ros-humble-rtabmapFYZtbx/bin/rtabmap-res_tool-0.3.0" - removing it
 │ │ Relinking "rtabmap"
 │ │ Relinking "rtabmap-res_tool-0.3.0"
 │ │ Relinking "rtabmap-reprocess"
 │ │ Relinking "rtabmap-info"
 │ │ rpath ("/home/ubuntu/work/output/bld/rattler-build_ros-humble-rtabmap_1789349062/build_env/lib") is outside of prefix ("/home/ubuntu/work/output/bld/rattle
 │ │ r-build_ros-humble-rtabmap_1789349062/host_env_placehold_placehold_placehold_placehold_placehold_placehold_placehold_placehold_placehold_placehold_placehol
 │ │ d_placehold_placehold_placehold_placehold_placehold_placehold_pla") for "/tmp/ros-humble-rtabmapFYZtbx/bin/rtabmap-globalBundleAdjustment" - removing it
 │ │ rpath ("/home/ubuntu/work/output/bld/rattler-build_ros-humble-rtabmap_1789349062/build_env/lib") is outside of prefix ("/home/ubuntu/work/output/bld/rattle
 │ │ r-build_ros-humble-rtabmap_1789349062/host_env_placehold_placehold_placehold_placehold_placehold_placehold_placehold_placehold_placehold_placehold_placehol
 │ │ d_placehold_placehold_placehold_placehold_placehold_placehold_pla") for "/tmp/ros-humble-rtabmapFYZtbx/bin/rtabmap-cleanupLocalGrids" - removing it
 │ │ rpath ("/home/ubuntu/work/output/bld/rattler-build_ros-humble-rtabmap_1789349062/build_env/lib") is outside of prefix ("/home/ubuntu/work/output/bld/rattle
 │ │ r-build_ros-humble-rtabmap_1789349062/host_env_placehold_placehold_placehold_placehold_placehold_placehold_placehold_placehold_placehold_placehold_placehol
 │ │ d_placehold_placehold_placehold_placehold_placehold_placehold_pla") for "/tmp/ros-humble-rtabmapFYZtbx/bin/rtabmap-kitti_dataset" - removing it
 │ │ Relinking "rtabmap-globalBundleAdjustment"
 │ │ Relinking "rtabmap-cleanupLocalGrids"
 │ │ Relinking "rtabmap-kitti_dataset"
 │ │ rpath ("/home/ubuntu/work/output/bld/rattler-build_ros-humble-rtabmap_1789349062/build_env/lib") is outside of prefix ("/home/ubuntu/work/output/bld/rattle
 │ │ r-build_ros-humble-rtabmap_1789349062/host_env_placehold_placehold_placehold_placehold_placehold_placehold_placehold_placehold_placehold_placehold_placehol
 │ │ d_placehold_placehold_placehold_placehold_placehold_placehold_pla") for "/tmp/ros-humble-rtabmapFYZtbx/bin/rtabmap-euroc_dataset" - removing it
 │ │ rpath ("/home/ubuntu/work/output/bld/rattler-build_ros-humble-rtabmap_1789349062/build_env/lib") is outside of prefix ("/home/ubuntu/work/output/bld/rattle
 │ │ r-build_ros-humble-rtabmap_1789349062/host_env_placehold_placehold_placehold_placehold_placehold_placehold_placehold_placehold_placehold_placehold_placehol
 │ │ d_placehold_placehold_placehold_placehold_placehold_placehold_pla") for "/tmp/ros-humble-rtabmapFYZtbx/bin/rtabmap-recovery" - removing it
 │ │ rpath ("/home/ubuntu/work/output/bld/rattler-build_ros-humble-rtabmap_1789349062/build_env/lib") is outside of prefix ("/home/ubuntu/work/output/bld/rattle
 │ │ r-build_ros-humble-rtabmap_1789349062/host_env_placehold_placehold_placehold_placehold_placehold_placehold_placehold_placehold_placehold_placehold_placehol
 │ │ d_placehold_placehold_placehold_placehold_placehold_placehold_pla") for "/tmp/ros-humble-rtabmapFYZtbx/bin/rtabmap-detectMoreLoopClosures" - removing it
 │ │ Relinking "rtabmap-recovery"
 │ │ Relinking "rtabmap-euroc_dataset"
 │ │ Relinking "rtabmap-detectMoreLoopClosures"
 │ │ rpath ("/home/ubuntu/work/output/bld/rattler-build_ros-humble-rtabmap_1789349062/build_env/lib") is outside of prefix ("/home/ubuntu/work/output/bld/rattle
 │ │ r-build_ros-humble-rtabmap_1789349062/host_env_placehold_placehold_placehold_placehold_placehold_placehold_placehold_placehold_placehold_placehold_placehol
 │ │ d_placehold_placehold_placehold_placehold_placehold_placehold_pla") for "/tmp/ros-humble-rtabmapFYZtbx/bin/rtabmap-rgbd_dataset" - removing it
 │ │ rpath ("/home/ubuntu/work/output/bld/rattler-build_ros-humble-rtabmap_1789349062/build_env/lib") is outside of prefix ("/home/ubuntu/work/output/bld/rattle
 │ │ r-build_ros-humble-rtabmap_1789349062/host_env_placehold_placehold_placehold_placehold_placehold_placehold_placehold_placehold_placehold_placehold_placehol
 │ │ d_placehold_placehold_placehold_placehold_placehold_placehold_pla") for "/tmp/ros-humble-rtabmapFYZtbx/bin/rtabmap-export" - removing it
 │ │ rpath ("/home/ubuntu/work/output/bld/rattler-build_ros-humble-rtabmap_1789349062/build_env/lib") is outside of prefix ("/home/ubuntu/work/output/bld/rattle
 │ │ r-build_ros-humble-rtabmap_1789349062/host_env_placehold_placehold_placehold_placehold_placehold_placehold_placehold_placehold_placehold_placehold_placehol
 │ │ d_placehold_placehold_placehold_placehold_placehold_placehold_pla") for "/tmp/ros-humble-rtabmapFYZtbx/lib/librtabmap_core.so.0.22.1" - removing it
 │ │ Relinking "rtabmap-rgbd_dataset"
 │ │ Relinking "rtabmap-export"
 │ │ rpath ("/home/ubuntu/work/output/bld/rattler-build_ros-humble-rtabmap_1789349062/build_env/lib") is outside of prefix ("/home/ubuntu/work/output/bld/rattle
 │ │ r-build_ros-humble-rtabmap_1789349062/host_env_placehold_placehold_placehold_placehold_placehold_placehold_placehold_placehold_placehold_placehold_placehol
 │ │ d_placehold_placehold_placehold_placehold_placehold_placehold_pla") for "/tmp/ros-humble-rtabmapFYZtbx/lib/librtabmap_gui.so.0.22.1" - removing it
 │ │ Relinking "librtabmap_gui.so.0.22.1"
 │ │ Relinking "librtabmap_core.so.0.22.1"
 │ │ 
 │ │ [bin/rtabmap-rgbd_dataset] links against:
 │ │  ├─ lib/librtabmap_utilite.so.0.22.1 (package)
 │ │  ├─ lib/libopencv_core.so.4.13.0
 │ │  ├─ lib/libgcc_s.so.1 (libgcc)
 │ │  ├─ lib/librtabmap_core.so.0.22.1 (package)
 │ │  ├─ libc.so.6 (system)
 │ │  └─ lib/libstdc++.so.6.0.36 (libstdcxx)
 │ │ 
 │ │ [bin/rtabmap-res_tool-0.3.0] links against:
 │ │  ├─ libc.so.6 (system)
 │ │  ├─ lib/librtabmap_utilite.so.0.22.1 (package)
 │ │  ├─ lib/libstdc++.so.6.0.36 (libstdcxx)
 │ │  └─ lib/libgcc_s.so.1 (libgcc)
 │ │ 
 │ │ [bin/rtabmap-extractObject] links against:
 │ │  ├─ lib/libpcl_filters.so.1.15.1 (pcl)
 │ │  ├─ lib/libstdc++.so.6.0.36 (libstdcxx)
 │ │  ├─ lib/libpcl_segmentation.so.1.15.1 (pcl)
 │ │  ├─ lib/librtabmap_utilite.so.0.22.1 (package)
 │ │  ├─ lib/libgcc_s.so.1 (libgcc)
 │ │  ├─ lib/libpcl_common.so.1.15.1 (pcl)
 │ │  ├─ lib/libpcl_io.so.1.15.1 (pcl)
 │ │  ├─ libm.so.6 (system)
 │ │  ├─ libc.so.6 (system)
 │ │  ├─ lib/librtabmap_core.so.0.22.1 (package)
 │ │  └─ libpthread.so.0 (system)
 │ │ 
 │ │ [bin/rtabmap-reprocess] links against:
 │ │  ├─ libpthread.so.0 (system)
 │ │  ├─ libc.so.6 (system)
 │ │  ├─ lib/libopencv_imgcodecs.so.4.13.0
 │ │  ├─ lib/libpcl_common.so.1.15.1 (pcl)
 │ │  ├─ lib/librtabmap_utilite.so.0.22.1 (package)
 │ │  ├─ lib/libstdc++.so.6.0.36 (libstdcxx)
 │ │  ├─ lib/librtabmap_core.so.0.22.1 (package)
 │ │  ├─ lib/libopencv_core.so.4.13.0
 │ │  ├─ lib/libpcl_io.so.1.15.1 (pcl)
 │ │  └─ lib/libgcc_s.so.1 (libgcc)
 │ │ 
 │ │ [bin/rtabmap-rgbd_camera] links against:
 │ │  ├─ lib/libopencv_videoio.so.4.13.0
 │ │  ├─ lib/libvtkCommonCore-9.5.so.9.5 (vtk-base)
 │ │  ├─ lib/libpcl_visualization.so.1.15.1 (pcl)
 │ │  ├─ libc.so.6 (system)
 │ │  ├─ lib/libgcc_s.so.1 (libgcc)
 │ │  ├─ lib/librtabmap_utilite.so.0.22.1 (package)
 │ │  ├─ lib/libvtksys-9.5.so.9.5 (vtk-base)
 │ │  ├─ lib/libstdc++.so.6.0.36 (libstdcxx)
 │ │  ├─ lib/librtabmap_core.so.0.22.1 (package)
 │ │  ├─ lib/libopencv_highgui.so.4.13.0
 │ │  ├─ lib/libopencv_imgcodecs.so.4.13.0
 │ │  ├─ lib/libopencv_imgproc.so.4.13.0
 │ │  └─ lib/libopencv_core.so.4.13.0
 │ │ 
 │ │ [bin/rtabmap-report] links against:
 │ │  ├─ lib/librtabmap_core.so.0.22.1 (package)
 │ │  ├─ lib/librtabmap_utilite.so.0.22.1 (package)
 │ │  ├─ libc.so.6 (system)
 │ │  ├─ lib/libgcc_s.so.1 (libgcc)
 │ │  ├─ libm.so.6 (system)
 │ │  ├─ lib/libopencv_core.so.4.13.0
 │ │  └─ lib/libstdc++.so.6.0.36 (libstdcxx)
 │ │ 
 │ │ [bin/rtabmap-odometryViewer] links against:
 │ │  ├─ lib/librtabmap_core.so.0.22.1 (package)
 │ │  ├─ lib/libopencv_core.so.4.13.0
 │ │  ├─ lib/libQt6Core.so.6.10.2
 │ │  ├─ lib/librtabmap_gui.so.0.22.1 (package)
 │ │  ├─ lib/libQt6Widgets.so.6.10.2
 │ │  ├─ lib/libstdc++.so.6.0.36 (libstdcxx)
 │ │  ├─ libc.so.6 (system)
 │ │  ├─ lib/librtabmap_utilite.so.0.22.1 (package)
 │ │  └─ lib/libgcc_s.so.1 (libgcc)
 │ │ 
 │ │ [bin/rtabmap-detectMoreLoopClosures] links against:
 │ │  ├─ lib/librtabmap_utilite.so.0.22.1 (package)
 │ │  ├─ lib/libstdc++.so.6.0.36 (libstdcxx)
 │ │  ├─ lib/libgcc_s.so.1 (libgcc)
 │ │  ├─ lib/libopencv_core.so.4.13.0
 │ │  ├─ lib/librtabmap_core.so.0.22.1 (package)
 │ │  └─ libc.so.6 (system)
 │ │ 
 │ │ [bin/rtabmap-euroc_dataset] links against:
 │ │  ├─ lib/libstdc++.so.6.0.36 (libstdcxx)
 │ │  ├─ lib/libopencv_core.so.4.13.0
 │ │  ├─ lib/libgcc_s.so.1 (libgcc)
 │ │  ├─ libyaml-cpp.so.0.8
 │ │  ├─ lib/librtabmap_core.so.0.22.1 (package)
 │ │  ├─ libc.so.6 (system)
 │ │  └─ lib/librtabmap_utilite.so.0.22.1 (package)
 │ │ 
 │ │ [bin/rtabmap-console] links against:
 │ │  ├─ lib/libgcc_s.so.1 (libgcc)
 │ │  ├─ libc.so.6 (system)
 │ │  ├─ lib/libstdc++.so.6.0.36 (libstdcxx)
 │ │  ├─ lib/libopencv_core.so.4.13.0
 │ │  ├─ lib/librtabmap_core.so.0.22.1 (package)
 │ │  ├─ lib/librtabmap_utilite.so.0.22.1 (package)
 │ │  └─ lib/libopencv_imgcodecs.so.4.13.0
 │ │ 
 │ │ [bin/rtabmap-calibration] links against:
 │ │  ├─ lib/libstdc++.so.6.0.36 (libstdcxx)
 │ │  ├─ lib/libQt6Widgets.so.6.10.2
 │ │  ├─ lib/libopencv_core.so.4.13.0
 │ │  ├─ lib/librtabmap_gui.so.0.22.1 (package)
 │ │  ├─ lib/libgcc_s.so.1 (libgcc)
 │ │  ├─ lib/libQt6Core.so.6.10.2
 │ │  ├─ lib/librtabmap_core.so.0.22.1 (package)
 │ │  ├─ lib/librtabmap_utilite.so.0.22.1 (package)
 │ │  └─ libc.so.6 (system)
 │ │ 
 │ │ [bin/rtabmap-dataRecorder] links against:
 │ │  ├─ libc.so.6 (system)
 │ │  ├─ lib/libQt6Core.so.6.10.2
 │ │  ├─ lib/librtabmap_core.so.0.22.1 (package)
 │ │  ├─ lib/libQt6Widgets.so.6.10.2
 │ │  ├─ lib/libgcc_s.so.1 (libgcc)
 │ │  ├─ lib/libstdc++.so.6.0.36 (libstdcxx)
 │ │  ├─ lib/librtabmap_gui.so.0.22.1 (package)
 │ │  └─ lib/librtabmap_utilite.so.0.22.1 (package)
 │ │ 
 │ │ [bin/rtabmap-camera] links against:
 │ │  ├─ libc.so.6 (system)
 │ │  ├─ lib/libopencv_core.so.4.13.0
 │ │  ├─ lib/librtabmap_utilite.so.0.22.1 (package)
 │ │  ├─ lib/librtabmap_core.so.0.22.1 (package)
 │ │  ├─ lib/libgcc_s.so.1 (libgcc)
 │ │  ├─ lib/libstdc++.so.6.0.36 (libstdcxx)
 │ │  └─ lib/libopencv_highgui.so.4.13.0
 │ │ 
 │ │ [bin/rtabmap-databaseViewer] links against:
 │ │  ├─ lib/libgcc_s.so.1 (libgcc)
 │ │  ├─ lib/libstdc++.so.6.0.36 (libstdcxx)
 │ │  ├─ libc.so.6 (system)
 │ │  ├─ lib/libQt6Widgets.so.6.10.2
 │ │  ├─ lib/libQt6Gui.so.6.10.2
 │ │  ├─ lib/libQt6Core.so.6.10.2
 │ │  ├─ lib/librtabmap_gui.so.0.22.1 (package)
 │ │  ├─ lib/libvtksys-9.5.so.9.5 (vtk-base)
 │ │  ├─ lib/librtabmap_utilite.so.0.22.1 (package)
 │ │  ├─ lib/libvtkGUISupportQt-9.5.so.9.5 (vtk-base)
 │ │  └─ lib/librtabmap_core.so.0.22.1 (package)
 │ │ 
 │ │ [bin/rtabmap-recovery] links against:
 │ │  ├─ lib/librtabmap_utilite.so.0.22.1 (package)
 │ │  ├─ libc.so.6 (system)
 │ │  ├─ lib/librtabmap_core.so.0.22.1 (package)
 │ │  ├─ lib/libstdc++.so.6.0.36 (libstdcxx)
 │ │  └─ lib/libgcc_s.so.1 (libgcc)
 │ │ 
 │ │ [bin/rtabmap] links against:
 │ │  ├─ lib/libQt6Core.so.6.10.2
 │ │  ├─ lib/librtabmap_utilite.so.0.22.1 (package)
 │ │  ├─ lib/libgcc_s.so.1 (libgcc)
 │ │  ├─ libc.so.6 (system)
 │ │  ├─ lib/librtabmap_gui.so.0.22.1 (package)
 │ │  ├─ lib/libQt6Widgets.so.6.10.2
 │ │  ├─ lib/libQt6Gui.so.6.10.2
 │ │  ├─ lib/libvtksys-9.5.so.9.5 (vtk-base)
 │ │  ├─ lib/libstdc++.so.6.0.36 (libstdcxx)
 │ │  ├─ lib/librtabmap_core.so.0.22.1 (package)
 │ │  └─ lib/libvtkGUISupportQt-9.5.so.9.5 (vtk-base)
 │ │ 
 │ │ [bin/rtabmap-globalBundleAdjustment] links against:
 │ │  ├─ lib/libopencv_core.so.4.13.0
 │ │  ├─ lib/librtabmap_utilite.so.0.22.1 (package)
 │ │  ├─ libc.so.6 (system)
 │ │  ├─ lib/libgcc_s.so.1 (libgcc)
 │ │  ├─ lib/librtabmap_core.so.0.22.1 (package)
 │ │  └─ lib/libstdc++.so.6.0.36 (libstdcxx)
 │ │ 
 │ │ [lib/librtabmap_utilite.so.0.22.1] links against:
 │ │  ├─ libpthread.so.0 (system)
 │ │  ├─ lib/libgcc_s.so.1 (libgcc)
 │ │  ├─ libc.so.6 (system)
 │ │  └─ lib/libstdc++.so.6.0.36 (libstdcxx)
 │ │ 
 │ │ [lib/librtabmap_gui.so.0.22.1] links against:
 │ │  ├─ libc.so.6 (system)
 │ │  ├─ lib/libopencv_imgcodecs.so.4.13.0
 │ │  ├─ lib/libvtkCommonMath-9.5.so.9.5 (vtk-base)
 │ │  ├─ lib/libvtkCommonExecutionModel-9.5.so.9.5 (vtk-base)
 │ │  ├─ lib/libQt6Core.so.6.10.2
 │ │  ├─ libpthread.so.0 (system)
 │ │  ├─ lib/libopencv_imgproc.so.4.13.0
 │ │  ├─ lib/libQt6PrintSupport.so.6.10.2
 │ │  ├─ lib/librtabmap_utilite.so.0.22.1 (package)
 │ │  ├─ libm.so.6 (system)
 │ │  ├─ lib/libpcl_io.so.1.15.1 (pcl)
 │ │  ├─ lib/librtabmap_core.so.0.22.1 (package)
 │ │  ├─ lib/libopencv_core.so.4.13.0
 │ │  ├─ lib/libvtkFiltersCore-9.5.so.9.5 (vtk-base)
 │ │  ├─ lib/libOpenGL.so.0.0.0 (libopengl)
 │ │  ├─ lib/libvtkFiltersSources-9.5.so.9.5 (vtk-base)
 │ │  ├─ lib/libQt6Gui.so.6.10.2
 │ │  ├─ lib/libopencv_calib3d.so.4.13.0
 │ │  ├─ lib/libvtkCommonCore-9.5.so.9.5 (vtk-base)
 │ │  ├─ lib/libpcl_surface.so.1.15.1 (pcl)
 │ │  ├─ lib/libopencv_objdetect.so.4.13.0
 │ │  ├─ lib/libvtkRenderingVolumeOpenGL2-9.5.so.9.5 (vtk-base)
 │ │  ├─ lib/libvtkRenderingLOD-9.5.so.9.5 (vtk-base)
 │ │  ├─ lib/libQt6Svg.so.6.10.2
 │ │  ├─ lib/libQt6OpenGLWidgets.so.6.10.2
 │ │  ├─ lib/libgcc_s.so.1 (libgcc)
 │ │  ├─ lib/libvtksys-9.5.so.9.5 (vtk-base)
 │ │  ├─ lib/libvtkFiltersGeneral-9.5.so.9.5 (vtk-base)
 │ │  ├─ lib/libvtkInteractionStyle-9.5.so.9.5 (vtk-base)
 │ │  ├─ lib/libvtkRenderingFreeType-9.5.so.9.5 (vtk-base)
 │ │  ├─ lib/libvtkGUISupportQt-9.5.so.9.5 (vtk-base)
 │ │  ├─ lib/libvtkRenderingAnnotation-9.5.so.9.5 (vtk-base)
 │ │  ├─ lib/libpcl_common.so.1.15.1 (pcl)
 │ │  ├─ lib/libQt6Widgets.so.6.10.2
 │ │  ├─ lib/libvtkCommonDataModel-9.5.so.9.5 (vtk-base)
 │ │  ├─ lib/libpcl_search.so.1.15.1 (pcl)
 │ │  ├─ lib/libpcl_visualization.so.1.15.1 (pcl)
 │ │  ├─ lib/libvtkRenderingOpenGL2-9.5.so.9.5 (vtk-base)
 │ │  ├─ lib/libstdc++.so.6.0.36 (libstdcxx)
 │ │  └─ lib/libvtkRenderingCore-9.5.so.9.5 (vtk-base)
 │ │ 
 │ │ [bin/rtabmap-export] links against:
 │ │  ├─ libc.so.6 (system)
 │ │  ├─ libm.so.6 (system)
 │ │  ├─ lib/libgcc_s.so.1 (libgcc)
 │ │  ├─ lib/librtabmap_core.so.0.22.1 (package)
 │ │  ├─ lib/libpcl_search.so.1.15.1 (pcl)
 │ │  ├─ lib/libpcl_io.so.1.15.1 (pcl)
 │ │  ├─ lib/libstdc++.so.6.0.36 (libstdcxx)
 │ │  ├─ lib/libpcl_common.so.1.15.1 (pcl)
 │ │  ├─ lib/librtabmap_utilite.so.0.22.1 (package)
 │ │  ├─ lib/libpcl_surface.so.1.15.1 (pcl)
 │ │  ├─ lib/libopencv_imgcodecs.so.4.13.0
 │ │  ├─ lib/libopencv_imgproc.so.4.13.0
 │ │  └─ lib/libopencv_core.so.4.13.0
 │ │ 
 │ │ [lib/librtabmap_core.so.0.22.1] links against:
 │ │  ├─ libc.so.6 (system)
 │ │  ├─ lib/libgtsam.so.4.2.0
 │ │  ├─ lib/libpcl_common.so.1.15.1 (pcl)
 │ │  ├─ lib/libpcl_filters.so.1.15.1 (pcl)
 │ │  ├─ lib/libopencv_stitching.so.4.13.0
 │ │  ├─ lib/libopencv_objdetect.so.4.13.0
 │ │  ├─ lib/libg2o_types_slam2d.so (ros-humble-libg2o)
 │ │  ├─ lib/libopenblasp-r0.3.34.so
 │ │  ├─ lib/liboctomath.so.1.10.0 (octomap)
 │ │  ├─ lib/libopencv_video.so.4.13.0
 │ │  ├─ libm.so.6 (system)
 │ │  ├─ lib/libg2o_types_sba.so (ros-humble-libg2o)
 │ │  ├─ lib/libopencv_features2d.so.4.13.0
 │ │  ├─ lib/libg2o_types_slam3d.so (ros-humble-libg2o)
 │ │  ├─ lib/libpcl_surface.so.1.15.1 (pcl)
 │ │  ├─ lib/libopencv_photo.so.4.13.0
 │ │  ├─ lib/libg2o_stuff.so (ros-humble-libg2o)
 │ │  ├─ lib/libcholmod.so.5.3.1
 │ │  ├─ lib/libpcl_search.so.1.15.1 (pcl)
 │ │  ├─ lib/libpcl_registration.so.1.15.1 (pcl)
 │ │  ├─ lib/libtbb.so.12.19
 │ │  ├─ lib/libcxsparse.so.4.4.1
 │ │  ├─ lib/libz.so.1.3.2 (libzlib)
 │ │  ├─ lib/libpcl_kdtree.so.1.15.1 (pcl)
 │ │  ├─ lib/libgomp.so.1.0.0
 │ │  ├─ lib/librtabmap_utilite.so.0.22.1 (package)
 │ │  ├─ lib/libpcl_io.so.1.15.1 (pcl)
 │ │  ├─ lib/libvtkCommonCore-9.5.so.9.5 (vtk-base)
 │ │  ├─ lib/libpcl_features.so.1.15.1 (pcl)
 │ │  ├─ lib/libgcc_s.so.1 (libgcc)
 │ │  ├─ lib/libopencv_calib3d.so.4.13.0
 │ │  ├─ lib/libopencv_aruco.so.4.13.0
 │ │  ├─ lib/libg2o_csparse_extension.so (ros-humble-libg2o)
 │ │  ├─ lib/libg2o_core.so (ros-humble-libg2o)
 │ │  ├─ lib/libstdc++.so.6.0.36 (libstdcxx)
 │ │  ├─ lib/libsqlite3.so.3.53.4 (libsqlite)
 │ │  ├─ lib/libopencv_videoio.so.4.13.0
 │ │  ├─ lib/liboctomap.so.1.10.0 (octomap)
 │ │  ├─ lib/libpcl_sample_consensus.so.1.15.1 (pcl)
 │ │  ├─ libpthread.so.0 (system)
 │ │  ├─ lib/libopencv_imgproc.so.4.13.0
 │ │  ├─ lib/libopencv_core.so.4.13.0
 │ │  ├─ lib/libopencv_imgcodecs.so.4.13.0
 │ │  ├─ lib/libpcl_segmentation.so.1.15.1 (pcl)
 │ │  ├─ lib/libvtksys-9.5.so.9.5 (vtk-base)
 │ │  └─ lib/libopencv_xfeatures2d.so.4.13.0
 │ │ 
 │ │ [bin/rtabmap-cleanupLocalGrids] links against:
 │ │  ├─ lib/librtabmap_core.so.0.22.1 (package)
 │ │  ├─ lib/libstdc++.so.6.0.36 (libstdcxx)
 │ │  ├─ libc.so.6 (system)
 │ │  ├─ lib/libopencv_core.so.4.13.0
 │ │  ├─ lib/librtabmap_utilite.so.0.22.1 (package)
 │ │  └─ lib/libgcc_s.so.1 (libgcc)
 │ │ 
 │ │ [bin/rtabmap-lidar_viewer] links against:
 │ │  ├─ lib/libstdc++.so.6.0.36 (libstdcxx)
 │ │  ├─ lib/libvtkCommonCore-9.5.so.9.5 (vtk-base)
 │ │  ├─ lib/librtabmap_core.so.0.22.1 (package)
 │ │  ├─ libpthread.so.0 (system)
 │ │  ├─ lib/libopencv_highgui.so.4.13.0
 │ │  ├─ lib/libgcc_s.so.1 (libgcc)
 │ │  ├─ lib/libpcl_visualization.so.1.15.1 (pcl)
 │ │  ├─ lib/libvtksys-9.5.so.9.5 (vtk-base)
 │ │  ├─ libc.so.6 (system)
 │ │  ├─ lib/librtabmap_utilite.so.0.22.1 (package)
 │ │  └─ lib/libopencv_core.so.4.13.0
 │ │ 
 │ │ [bin/rtabmap-info] links against:
 │ │  ├─ lib/librtabmap_core.so.0.22.1 (package)
 │ │  ├─ lib/libopencv_core.so.4.13.0
 │ │  ├─ libm.so.6 (system)
 │ │  ├─ lib/librtabmap_utilite.so.0.22.1 (package)
 │ │  ├─ lib/libstdc++.so.6.0.36 (libstdcxx)
 │ │  ├─ libc.so.6 (system)
 │ │  └─ lib/libgcc_s.so.1 (libgcc)
 │ │ 
 │ │ [bin/rtabmap-kitti_dataset] links against:
 │ │  ├─ lib/libstdc++.so.6.0.36 (libstdcxx)
 │ │  ├─ lib/librtabmap_core.so.0.22.1 (package)
 │ │  ├─ libc.so.6 (system)
 │ │  ├─ lib/libopencv_core.so.4.13.0
 │ │  ├─ lib/libopencv_imgcodecs.so.4.13.0
 │ │  ├─ lib/libgcc_s.so.1 (libgcc)
 │ │  └─ lib/librtabmap_utilite.so.0.22.1 (package)
 │ │ ⚠ warning Overdepending against proj
 │ │ ⚠ warning Overdepending against libboost
 │ │ ⚠ warning Overdepending against libgl
 │ │ Post-processing done!
 │ │ Writing test files
 │ │ Writing metadata for package
 │ │ Copying license files
 │ │ Copying recipe files
 │ │ 
 │ │ Files in package:
 │ │   ├─ bin/rtabmap (23.17 KiB)
 │ │   ├─ bin/rtabmap-calibration (28.01 KiB)
 │ │   ├─ bin/rtabmap-camera (22.81 KiB)
 │ │   ├─ bin/rtabmap-cleanupLocalGrids (26.65 KiB)
 │ │   ├─ bin/rtabmap-console (75.05 KiB)
 │ │   ├─ bin/rtabmap-dataRecorder (43.66 KiB)
 │ │   ├─ bin/rtabmap-databaseViewer (21.61 KiB)
 │ │   ├─ bin/rtabmap-detectMoreLoopClosures (42.49 KiB)
 │ │   ├─ bin/rtabmap-euroc_dataset (197.74 KiB)
 │ │   ├─ bin/rtabmap-export (410.93 KiB)
 │ │   ├─ bin/rtabmap-extractObject (160.45 KiB)
 │ │   ├─ bin/rtabmap-globalBundleAdjustment (37.84 KiB)
 │ │   ├─ bin/rtabmap-info (60.46 KiB)
 │ │   ├─ bin/rtabmap-kitti_dataset (132.12 KiB)
 │ │   ├─ bin/rtabmap-lidar_viewer (82.49 KiB) [prefix:bin]
 │ │   ├─ bin/rtabmap-odometryViewer (43.49 KiB)
 │ │   ├─ bin/rtabmap-recovery (21.55 KiB)
 │ │   ├─ bin/rtabmap-report (144.93 KiB)
 │ │   ├─ bin/rtabmap-reprocess (205.49 KiB)
 │ │   ├─ bin/rtabmap-res_tool -> rtabmap-res_tool-0.3.0
 │ │   ├─ bin/rtabmap-res_tool-0.3.0 (30.98 KiB)
 │ │   ├─ bin/rtabmap-rgbd_camera (85.09 KiB)
 │ │   ├─ bin/rtabmap-rgbd_dataset (123.41 KiB)
 │ │   ├─ include/rtabmap-0.22/rtabmap/core/BayesFilter.h (3.39 KiB)
 │ │   ├─ include/rtabmap-0.22/rtabmap/core/Camera.h (2.96 KiB)
 │ │   ├─ include/rtabmap-0.22/rtabmap/core/CameraEvent.h (1.62 KiB)
 │ │   ├─ include/rtabmap-0.22/rtabmap/core/CameraInfo.h (1.63 KiB)
 │ │   ├─ include/rtabmap-0.22/rtabmap/core/CameraModel.h (6.40 KiB)
 │ │   ├─ include/rtabmap-0.22/rtabmap/core/CameraRGB.h (1.67 KiB)
 │ │   ├─ include/rtabmap-0.22/rtabmap/core/CameraRGBD.h (2.10 KiB)
 │ │   ├─ include/rtabmap-0.22/rtabmap/core/CameraStereo.h (2.04 KiB)
 │ │   ├─ include/rtabmap-0.22/rtabmap/core/CameraThread.h (1.63 KiB)
 │ │   ├─ include/rtabmap-0.22/rtabmap/core/Compression.h (3.95 KiB)
 │ │   ├─ include/rtabmap-0.22/rtabmap/core/DBDriver.h (16.85 KiB)
 │ │   ├─ include/rtabmap-0.22/rtabmap/core/DBDriverSqlite3.h (10.57 KiB)
 │ │   ├─ include/rtabmap-0.22/rtabmap/core/DBReader.h (4.35 KiB)
 │ │   ├─ include/rtabmap-0.22/rtabmap/core/EnvSensor.h (2.63 KiB)
 │ │   ├─ include/rtabmap-0.22/rtabmap/core/EpipolarGeometry.h (8.49 KiB)
 │ │   ├─ include/rtabmap-0.22/rtabmap/core/Features2d.h (19.92 KiB)
 │ │   ├─ include/rtabmap-0.22/rtabmap/core/FlannIndex.h (3.78 KiB)
 │ │   ├─ include/rtabmap-0.22/rtabmap/core/GPS.h (2.75 KiB)
 │ │   ├─ include/rtabmap-0.22/rtabmap/core/GainCompensator.h (4.00 KiB)
 │ │   ├─ include/rtabmap-0.22/rtabmap/core/GeodeticCoords.h (3.64 KiB)
 │ │   ├─ include/rtabmap-0.22/rtabmap/core/GlobalDescriptor.h (2.11 KiB)
 │ │   ├─ include/rtabmap-0.22/rtabmap/core/GlobalDescriptorExtractor.h (2.75 KiB)
 │ │   ├─ include/rtabmap-0.22/rtabmap/core/GlobalMap.h (3.60 KiB)
 │ │   ├─ include/rtabmap-0.22/rtabmap/core/Graph.h (13.65 KiB)
 │ │   ├─ include/rtabmap-0.22/rtabmap/core/IMU.h (3.16 KiB)
 │ │   ├─ include/rtabmap-0.22/rtabmap/core/IMUFilter.h (2.99 KiB)
 │ │   ├─ include/rtabmap-0.22/rtabmap/core/IMUThread.h (2.65 KiB)
 │ │   ├─ include/rtabmap-0.22/rtabmap/core/Image.h (1.79 KiB)
 │ │   ├─ include/rtabmap-0.22/rtabmap/core/LASWriter.h (2.30 KiB)
 │ │   ├─ include/rtabmap-0.22/rtabmap/core/Landmark.h (5.49 KiB)
 │ │   ├─ include/rtabmap-0.22/rtabmap/core/LaserScan.h (6.25 KiB)
 │ │   ├─ include/rtabmap-0.22/rtabmap/core/Lidar.h (2.19 KiB)
 │ │   ├─ include/rtabmap-0.22/rtabmap/core/Link.h (3.82 KiB)
 │ │   ├─ include/rtabmap-0.22/rtabmap/core/LocalGrid.h (3.11 KiB)
 │ │   ├─ include/rtabmap-0.22/rtabmap/core/LocalGridMaker.h (3.81 KiB)
 │ │   ├─ include/rtabmap-0.22/rtabmap/core/MarkerDetector.h (3.57 KiB)
 │ │   ├─ include/rtabmap-0.22/rtabmap/core/Memory.h (16.00 KiB)
 │ │   ├─ include/rtabmap-0.22/rtabmap/core/OccupancyGrid.h (1.81 KiB)
 │ │   ├─ include/rtabmap-0.22/rtabmap/core/OctoMap.h (1.79 KiB)
 │ │   ├─ include/rtabmap-0.22/rtabmap/core/Odometry.h (4.98 KiB)
 │ │   ├─ include/rtabmap-0.22/rtabmap/core/OdometryEvent.h (4.64 KiB)
 │ │   ├─ include/rtabmap-0.22/rtabmap/core/OdometryInfo.h (3.14 KiB)
 │ │   ├─ include/rtabmap-0.22/rtabmap/core/OdometryThread.h (2.72 KiB)
 │ │   ├─ include/rtabmap-0.22/rtabmap/core/Optimizer.h (7.61 KiB)
 │ │   ├─ include/rtabmap-0.22/rtabmap/core/PDALWriter.h (2.83 KiB)
 │ │   ├─ include/rtabmap-0.22/rtabmap/core/ParamEvent.h (2.40 KiB)
 │ │   ├─ include/rtabmap-0.22/rtabmap/core/Parameters.h (109.33 KiB)
 │ │   ├─ include/rtabmap-0.22/rtabmap/core/ParticleFilter.h (4.57 KiB)
 │ │   ├─ include/rtabmap-0.22/rtabmap/core/ProgressState.h (2.12 KiB)
 │ │   ├─ include/rtabmap-0.22/rtabmap/core/PythonInterface.h (700 B)
 │ │   ├─ include/rtabmap-0.22/rtabmap/core/Recovery.h (2.32 KiB)
 │ │   ├─ include/rtabmap-0.22/rtabmap/core/Registration.h (4.04 KiB)
 │ │   ├─ include/rtabmap-0.22/rtabmap/core/RegistrationIcp.h (3.32 KiB)
 │ │   ├─ include/rtabmap-0.22/rtabmap/core/RegistrationInfo.h (3.31 KiB)
 │ │   ├─ include/rtabmap-0.22/rtabmap/core/RegistrationVis.h (3.81 KiB)
 │ │   ├─ include/rtabmap-0.22/rtabmap/core/Rtabmap.h (16.35 KiB)
 │ │   ├─ include/rtabmap-0.22/rtabmap/core/RtabmapEvent.h (8.53 KiB)
 │ │   ├─ include/rtabmap-0.22/rtabmap/core/RtabmapThread.h (3.96 KiB)
 │ │   ├─ include/rtabmap-0.22/rtabmap/core/SensorCapture.h (3.24 KiB)
 │ │   ├─ include/rtabmap-0.22/rtabmap/core/SensorCaptureInfo.h (2.70 KiB)
 │ │   ├─ include/rtabmap-0.22/rtabmap/core/SensorCaptureThread.h (7.83 KiB)
 │ │   ├─ include/rtabmap-0.22/rtabmap/core/SensorData.h (16.31 KiB)
 │ │   ├─ include/rtabmap-0.22/rtabmap/core/SensorEvent.h (3.04 KiB)
 │ │   ├─ include/rtabmap-0.22/rtabmap/core/Signature.h (6.45 KiB)
 │ │   ├─ include/rtabmap-0.22/rtabmap/core/Statistics.h (14.81 KiB)
 │ │   ├─ include/rtabmap-0.22/rtabmap/core/Stereo.h (4.01 KiB)
 │ │   ├─ include/rtabmap-0.22/rtabmap/core/StereoCameraModel.h (5.94 KiB)
 │ │   ├─ include/rtabmap-0.22/rtabmap/core/StereoDense.h (2.35 KiB)
 │ │   ├─ include/rtabmap-0.22/rtabmap/core/Transform.h (7.14 KiB)
 │ │   ├─ include/rtabmap-0.22/rtabmap/core/UserDataEvent.h (2.07 KiB)
 │ │   ├─ include/rtabmap-0.22/rtabmap/core/VWDictionary.h (5.64 KiB)
 │ │   ├─ include/rtabmap-0.22/rtabmap/core/Version.h (3.45 KiB)
 │ │   ├─ include/rtabmap-0.22/rtabmap/core/VisualWord.h (2.63 KiB)
 │ │   ├─ include/rtabmap-0.22/rtabmap/core/camera/CameraDepthAI.h (4.22 KiB)
 │ │   ├─ include/rtabmap-0.22/rtabmap/core/camera/CameraFreenect.h (2.77 KiB)
 │ │   ├─ include/rtabmap-0.22/rtabmap/core/camera/CameraFreenect2.h (3.29 KiB)
 │ │   ├─ include/rtabmap-0.22/rtabmap/core/camera/CameraImages.h (5.91 KiB)
 │ │   ├─ include/rtabmap-0.22/rtabmap/core/camera/CameraK4A.h (3.07 KiB)
 │ │   ├─ include/rtabmap-0.22/rtabmap/core/camera/CameraK4W2.h (3.30 KiB)
 │ │   ├─ include/rtabmap-0.22/rtabmap/core/camera/CameraMyntEye.h (3.76 KiB)
 │ │   ├─ include/rtabmap-0.22/rtabmap/core/camera/CameraOpenNI2.h (3.11 KiB)
 │ │   ├─ include/rtabmap-0.22/rtabmap/core/camera/CameraOpenNICV.h (2.33 KiB)
 │ │   ├─ include/rtabmap-0.22/rtabmap/core/camera/CameraOpenni.h (3.38 KiB)
 │ │   ├─ include/rtabmap-0.22/rtabmap/core/camera/CameraRGBDImages.h (2.51 KiB)
 │ │   ├─ include/rtabmap-0.22/rtabmap/core/camera/CameraRealSense.h (3.37 KiB)
 │ │   ├─ include/rtabmap-0.22/rtabmap/core/camera/CameraRealSense2.h (5.02 KiB)
 │ │   ├─ include/rtabmap-0.22/rtabmap/core/camera/CameraSeerSense.h (1.20 KiB)
 │ │   ├─ include/rtabmap-0.22/rtabmap/core/camera/CameraStereoDC1394.h (2.38 KiB)
 │ │   ├─ include/rtabmap-0.22/rtabmap/core/camera/CameraStereoFlyCapture2.h (2.39 KiB)
 │ │   ├─ include/rtabmap-0.22/rtabmap/core/camera/CameraStereoImages.h (3.00 KiB)
 │ │   ├─ include/rtabmap-0.22/rtabmap/core/camera/CameraStereoTara.h (2.51 KiB)
 │ │   ├─ include/rtabmap-0.22/rtabmap/core/camera/CameraStereoVideo.h (3.40 KiB)
 │ │   ├─ include/rtabmap-0.22/rtabmap/core/camera/CameraStereoZed.h (3.92 KiB)
 │ │   ├─ include/rtabmap-0.22/rtabmap/core/camera/CameraStereoZedOC.h (2.78 KiB)
 │ │   ├─ include/rtabmap-0.22/rtabmap/core/camera/CameraVideo.h (3.15 KiB)
 │ │   ├─ include/rtabmap-0.22/rtabmap/core/clams/discrete_depth_distortion_model.h (5.01 KiB)
 │ │   ├─ include/rtabmap-0.22/rtabmap/core/clams/frame_projector.h (3.52 KiB)
 │ │   ├─ include/rtabmap-0.22/rtabmap/core/clams/slam_calibrator.h (2.08 KiB)
 │ │   ├─ include/rtabmap-0.22/rtabmap/core/global_map/CloudMap.h (2.62 KiB)
 │ │   ├─ include/rtabmap-0.22/rtabmap/core/global_map/GridMap.h (2.68 KiB)
 │ │   ├─ include/rtabmap-0.22/rtabmap/core/global_map/OccupancyGrid.h (2.60 KiB)
 │ │   ├─ include/rtabmap-0.22/rtabmap/core/global_map/OctoMap.h (8.91 KiB)
 │ │   ├─ include/rtabmap-0.22/rtabmap/core/impl/LocalMapMaker.hpp (8.72 KiB)
 │ │   ├─ include/rtabmap-0.22/rtabmap/core/impl/util3d.hpp (10.00 KiB)
 │ │   ├─ include/rtabmap-0.22/rtabmap/core/impl/util3d_mapping.hpp (10.17 KiB)
 │ │   ├─ include/rtabmap-0.22/rtabmap/core/impl/util3d_surface.hpp (10.20 KiB)
 │ │   ├─ include/rtabmap-0.22/rtabmap/core/lidar/LidarVLP16.h (3.37 KiB)
 │ │   ├─ include/rtabmap-0.22/rtabmap/core/odometry/OdometryDVO.h (2.44 KiB)
 │ │   ├─ include/rtabmap-0.22/rtabmap/core/odometry/OdometryF2F.h (2.44 KiB)
 │ │   ├─ include/rtabmap-0.22/rtabmap/core/odometry/OdometryF2M.h (3.51 KiB)
 │ │   ├─ include/rtabmap-0.22/rtabmap/core/odometry/OdometryFLOAM.h (2.37 KiB)
 │ │   ├─ include/rtabmap-0.22/rtabmap/core/odometry/OdometryFovis.h (2.54 KiB)
 │ │   ├─ include/rtabmap-0.22/rtabmap/core/odometry/OdometryLOAM.h (2.86 KiB)
 │ │   ├─ include/rtabmap-0.22/rtabmap/core/odometry/OdometryMSCKF.h (2.51 KiB)
 │ │   ├─ include/rtabmap-0.22/rtabmap/core/odometry/OdometryMono.h (2.88 KiB)
 │ │   ├─ include/rtabmap-0.22/rtabmap/core/odometry/OdometryORBSLAM2.h (2.35 KiB)
 │ │   ├─ include/rtabmap-0.22/rtabmap/core/odometry/OdometryORBSLAM3.h (2.75 KiB)
 │ │   ├─ include/rtabmap-0.22/rtabmap/core/odometry/OdometryOkvis.h (2.61 KiB)
 │ │   ├─ include/rtabmap-0.22/rtabmap/core/odometry/OdometryOpen3D.h (2.29 KiB)
 │ │   ├─ include/rtabmap-0.22/rtabmap/core/odometry/OdometryOpenVINS.h (2.56 KiB)
 │ │   ├─ include/rtabmap-0.22/rtabmap/core/odometry/OdometryVINS.h (2.42 KiB)
 │ │   ├─ include/rtabmap-0.22/rtabmap/core/odometry/OdometryViso2.h (2.69 KiB)
 │ │   ├─ include/rtabmap-0.22/rtabmap/core/optimizer/OptimizerCVSBA.h (2.63 KiB)
 │ │   ├─ include/rtabmap-0.22/rtabmap/core/optimizer/OptimizerCeres.h (3.05 KiB)
 │ │   ├─ include/rtabmap-0.22/rtabmap/core/optimizer/OptimizerG2O.h (3.14 KiB)
 │ │   ├─ include/rtabmap-0.22/rtabmap/core/optimizer/OptimizerGTSAM.h (2.79 KiB)
 │ │   ├─ include/rtabmap-0.22/rtabmap/core/optimizer/OptimizerTORO.h (2.89 KiB)
 │ │   ├─ include/rtabmap-0.22/rtabmap/core/rtabmap_core_export.h (1.15 KiB)
 │ │   ├─ include/rtabmap-0.22/rtabmap/core/rvl_codec.h (1.01 KiB)
 │ │   ├─ include/rtabmap-0.22/rtabmap/core/stereo/StereoBM.h (2.42 KiB)
 │ │   ├─ include/rtabmap-0.22/rtabmap/core/stereo/StereoSGBM.h (2.44 KiB)
 │ │   ├─ include/rtabmap-0.22/rtabmap/core/stereo/stereoRectifyFisheye.h (48.60 KiB)
 │ │   ├─ include/rtabmap-0.22/rtabmap/core/util2d.h (7.83 KiB)
 │ │   ├─ include/rtabmap-0.22/rtabmap/core/util3d.h (25.84 KiB)
 │ │   ├─ include/rtabmap-0.22/rtabmap/core/util3d_correspondences.h (4.71 KiB)
 │ │   ├─ include/rtabmap-0.22/rtabmap/core/util3d_features.h (3.53 KiB)
 │ │   ├─ include/rtabmap-0.22/rtabmap/core/util3d_filtering.h (38.56 KiB)
 │ │   ├─ include/rtabmap-0.22/rtabmap/core/util3d_mapping.h (7.83 KiB)
 │ │   ├─ include/rtabmap-0.22/rtabmap/core/util3d_motion_estimation.h (4.67 KiB)
 │ │   ├─ include/rtabmap-0.22/rtabmap/core/util3d_registration.h (5.38 KiB)
 │ │   ├─ include/rtabmap-0.22/rtabmap/core/util3d_surface.h (30.07 KiB)
 │ │   ├─ include/rtabmap-0.22/rtabmap/core/util3d_transforms.h (5.13 KiB)
 │ │   ├─ include/rtabmap-0.22/rtabmap/gui/AboutDialog.h (1.96 KiB)
 │ │   ├─ include/rtabmap-0.22/rtabmap/gui/CalibrationDialog.h (6.58 KiB)
 │ │   ├─ include/rtabmap-0.22/rtabmap/gui/CameraViewer.h (2.77 KiB)
 │ │   ├─ include/rtabmap-0.22/rtabmap/gui/CloudViewer.h (16.73 KiB)
 │ │   ├─ include/rtabmap-0.22/rtabmap/gui/CloudViewerCellPicker.h (966 B)
 │ │   ├─ include/rtabmap-0.22/rtabmap/gui/CloudViewerInteractorStyle.h (1.33 KiB)
 │ │   ├─ include/rtabmap-0.22/rtabmap/gui/ConsoleWidget.h (2.59 KiB)
 │ │   ├─ include/rtabmap-0.22/rtabmap/gui/CreateSimpleCalibrationDialog.h (2.44 KiB)
 │ │   ├─ include/rtabmap-0.22/rtabmap/gui/DataRecorder.h (2.82 KiB)
 │ │   ├─ include/rtabmap-0.22/rtabmap/gui/DatabaseViewer.h (8.51 KiB)
 │ │   ├─ include/rtabmap-0.22/rtabmap/gui/DepthCalibrationDialog.h (2.84 KiB)
 │ │   ├─ include/rtabmap-0.22/rtabmap/gui/EditConstraintDialog.h (2.32 KiB)
 │ │   ├─ include/rtabmap-0.22/rtabmap/gui/EditDepthArea.h (3.40 KiB)
 │ │   ├─ include/rtabmap-0.22/rtabmap/gui/EditMapArea.h (3.04 KiB)
 │ │   ├─ include/rtabmap-0.22/rtabmap/gui/ExportBundlerDialog.h (2.59 KiB)
 │ │   ├─ include/rtabmap-0.22/rtabmap/gui/ExportCloudsDialog.h (6.38 KiB)
 │ │   ├─ include/rtabmap-0.22/rtabmap/gui/ExportDialog.h (2.47 KiB)
 │ │   ├─ include/rtabmap-0.22/rtabmap/gui/GraphViewer.h (9.79 KiB)
 │ │   ├─ include/rtabmap-0.22/rtabmap/gui/ImageView.h (6.93 KiB)
 │ │   ├─ include/rtabmap-0.22/rtabmap/gui/KeypointItem.h (2.67 KiB)
 │ │   ├─ include/rtabmap-0.22/rtabmap/gui/LinkRefiningDialog.h (2.58 KiB)
 │ │   ├─ include/rtabmap-0.22/rtabmap/gui/LoopClosureViewer.h (2.87 KiB)
 │ │   ├─ include/rtabmap-0.22/rtabmap/gui/MainWindow.h (15.22 KiB)
 │ │   ├─ include/rtabmap-0.22/rtabmap/gui/MapVisibilityWidget.h (2.44 KiB)
 │ │   ├─ include/rtabmap-0.22/rtabmap/gui/MultiSessionLocSubView.h (2.39 KiB)
 │ │   ├─ include/rtabmap-0.22/rtabmap/gui/MultiSessionLocWidget.h (2.72 KiB)
 │ │   ├─ include/rtabmap-0.22/rtabmap/gui/OdometryViewer.h (3.11 KiB)
 │ │   ├─ include/rtabmap-0.22/rtabmap/gui/ParametersToolBox.h (3.29 KiB)
 │ │   ├─ include/rtabmap-0.22/rtabmap/gui/PdfPlot.h (2.86 KiB)
 │ │   ├─ include/rtabmap-0.22/rtabmap/gui/PointCloudColorHandlerIntensityField.h (6.43 KiB)
 │ │   ├─ include/rtabmap-0.22/rtabmap/gui/PointCloudColorHandlerMinMaxGenericField.h (6.59 KiB)
 │ │   ├─ include/rtabmap-0.22/rtabmap/gui/PostProcessingDialog.h (3.36 KiB)
 │ │   ├─ include/rtabmap-0.22/rtabmap/gui/PreferencesDialog.h (17.64 KiB)
 │ │   ├─ include/rtabmap-0.22/rtabmap/gui/ProgressDialog.h (2.92 KiB)
 │ │   ├─ include/rtabmap-0.22/rtabmap/gui/RecoveryState.h (3.00 KiB)
 │ │   ├─ include/rtabmap-0.22/rtabmap/gui/StatsToolBox.h (4.43 KiB)
 │ │   ├─ include/rtabmap-0.22/rtabmap/gui/TexturingState.h (2.48 KiB)
 │ │   ├─ include/rtabmap-0.22/rtabmap/gui/rtabmap_gui_export.h (1.14 KiB)
 │ │   ├─ include/rtabmap-0.22/rtabmap/utilite/Posix/UThreadC.h (10.10 KiB)
 │ │   ├─ include/rtabmap-0.22/rtabmap/utilite/UConversion.h (8.66 KiB)
 │ │   ├─ include/rtabmap-0.22/rtabmap/utilite/UCv2Qt.h (7.69 KiB)
 │ │   ├─ include/rtabmap-0.22/rtabmap/utilite/UDestroyer.h (2.10 KiB)
 │ │   ├─ include/rtabmap-0.22/rtabmap/utilite/UDirectory.h (3.83 KiB)
 │ │   ├─ include/rtabmap-0.22/rtabmap/utilite/UEvent.h (2.34 KiB)
 │ │   ├─ include/rtabmap-0.22/rtabmap/utilite/UEventsHandler.h (6.46 KiB)
 │ │   ├─ include/rtabmap-0.22/rtabmap/utilite/UEventsManager.h (7.72 KiB)
 │ │   ├─ include/rtabmap-0.22/rtabmap/utilite/UEventsSender.h (576 B)
 │ │   ├─ include/rtabmap-0.22/rtabmap/utilite/UException.h (1022 B)
 │ │   ├─ include/rtabmap-0.22/rtabmap/utilite/UFile.h (3.84 KiB)
 │ │   ├─ include/rtabmap-0.22/rtabmap/utilite/UImageView.h (1.77 KiB)
 │ │   ├─ include/rtabmap-0.22/rtabmap/utilite/ULogger.h (18.60 KiB)
 │ │   ├─ include/rtabmap-0.22/rtabmap/utilite/UMath.h (20.37 KiB)
 │ │   ├─ include/rtabmap-0.22/rtabmap/utilite/UMutex.h (3.60 KiB)
 │ │   ├─ include/rtabmap-0.22/rtabmap/utilite/UObjDeletionThread.h (3.29 KiB)
 │ │   ├─ include/rtabmap-0.22/rtabmap/utilite/UPlot.h (16.88 KiB)
 │ │   ├─ include/rtabmap-0.22/rtabmap/utilite/UProcessInfo.h (1.28 KiB)
 │ │   ├─ include/rtabmap-0.22/rtabmap/utilite/USemaphore.h (5.00 KiB)
 │ │   ├─ include/rtabmap-0.22/rtabmap/utilite/UStl.h (19.59 KiB)
 │ │   ├─ include/rtabmap-0.22/rtabmap/utilite/UThread.h (8.49 KiB)
 │ │   ├─ include/rtabmap-0.22/rtabmap/utilite/UThreadC.h (1.12 KiB)
 │ │   ├─ include/rtabmap-0.22/rtabmap/utilite/UThreadNode.h (968 B)
 │ │   ├─ include/rtabmap-0.22/rtabmap/utilite/UTimer.h (3.30 KiB)
 │ │   ├─ include/rtabmap-0.22/rtabmap/utilite/UVariant.h (4.06 KiB)
 │ │   ├─ include/rtabmap-0.22/rtabmap/utilite/UtiLite.h (10.64 KiB)
 │ │   ├─ include/rtabmap-0.22/rtabmap/utilite/Win32/UThreadC.h (10.63 KiB)
 │ │   ├─ include/rtabmap-0.22/rtabmap/utilite/Win32/UWin32.h (2.79 KiB)
 │ │   ├─ include/rtabmap-0.22/rtabmap/utilite/utilite_export.h (1.08 KiB)
 │ │   ├─ lib/librtabmap_core.so -> librtabmap_core.so.0.22
 │ │   ├─ lib/librtabmap_core.so.0.22 -> librtabmap_core.so.0.22.1
 │ │   ├─ lib/librtabmap_core.so.0.22.1 (10.23 MiB) [prefix:bin]
 │ │   ├─ lib/librtabmap_gui.so -> librtabmap_gui.so.0.22
 │ │   ├─ lib/librtabmap_gui.so.0.22 -> librtabmap_gui.so.0.22.1
 │ │   ├─ lib/librtabmap_gui.so.0.22.1 (6.88 MiB) [prefix:bin]
 │ │   ├─ lib/librtabmap_utilite.so -> librtabmap_utilite.so.0.22
 │ │   ├─ lib/librtabmap_utilite.so.0.22 -> librtabmap_utilite.so.0.22.1
 │ │   ├─ lib/librtabmap_utilite.so.0.22.1 (184.74 KiB)
 │ │   ├─ lib/rtabmap-0.22/RTABMapConfig.cmake (2.99 KiB)
 │ │   ├─ lib/rtabmap-0.22/RTABMapConfigVersion.cmake (1.82 KiB)
 │ │   ├─ lib/rtabmap-0.22/RTABMapTargets.cmake (4.78 KiB)
 │ │   ├─ lib/rtabmap-0.22/RTABMap_coreTargets-release.cmake (1.05 KiB)
 │ │   ├─ lib/rtabmap-0.22/RTABMap_coreTargets.cmake (6.73 KiB) [prefix:text]
 │ │   ├─ lib/rtabmap-0.22/RTABMap_guiTargets-release.cmake (933 B)
 │ │   ├─ lib/rtabmap-0.22/RTABMap_guiTargets.cmake (9.09 KiB) [prefix:text]
 │ │   ├─ lib/rtabmap-0.22/RTABMap_utiliteTargets-release.cmake (892 B)
 │ │   ├─ lib/rtabmap-0.22/RTABMap_utiliteTargets.cmake (4.02 KiB)
 │ │   ├─ share/rtabmap/package.xml (1.40 KiB)
 │ │   ├─ info/about.json (421 B)
 │ │   ├─ info/hash_input.json (274 B)
 │ │   ├─ info/index.json (1.01 KiB)
 │ │   ├─ info/paths.json (56.13 KiB)
 │ │   ├─ info/recipe/bld_catkin.bat (2.75 KiB)
 │ │   ├─ info/recipe/build_catkin.sh (6.18 KiB)
 │ │   ├─ info/recipe/recipe.yaml (2.44 KiB)
 │ │   ├─ info/recipe/rendered_recipe.yaml (377.07 KiB)
 │ │   ├─ info/recipe/variant_config.yaml (227 B)
 │ │   └─ info/tests/tests.yaml (3 B)
 │ │ 
 │ │ Package statistics: 261 files (251 content, 10 metadata), total size: 20.91 MiB
 │ │ Largest files:
 │ │   10.23 MiB - lib/librtabmap_core.so.0.22.1
 │ │   6.88 MiB - lib/librtabmap_gui.so.0.22.1
 │ │   410.93 KiB - bin/rtabmap-export
 │ │   205.49 KiB - bin/rtabmap-reprocess
 │ │   197.74 KiB - bin/rtabmap-euroc_dataset
 │ │ Creating target folder '/home/ubuntu/work/output/linux-64'
 │ │ Compressing archive...
 │ │ Archive written to '/home/ubuntu/work/output/linux-64/ros-humble-rtabmap-0.22.1-np2py312h2ed9cc7_18.conda'
 │ │
 │ ╰─────────────────── (took 2 seconds)
 │
 ╰─────────────────── (took 3 minutes)
 Collecting tests from '/tmp/.tmpU7RlEe/ros-humble-rtabmap-0.22.1-np2py312h2ed9cc7_18'
 ✔ all tests passed!

 ╭─ Build summary
 │
 │ ╭─ Build summary for recipe: ros-humble-rtabmap-0.22.1-np2py312h2ed9cc7_18
 │ │ Variant configuration (hash: np2py312h2ed9cc7_18):
 │ │ ╭──────────────────────┬────────────────────╮
 │ │ │ build_platform       ┆ "linux-64"         │
 │ │ │ c_compiler           ┆ "gcc"              │
 │ │ │ c_compiler_version   ┆ "14"               │
 │ │ │ c_stdlib             ┆ "sysroot"          │
 │ │ │ c_stdlib_version     ┆ "2.17"             │
 │ │ │ cmake                ┆ "3.*"              │
 │ │ │ cxx_compiler         ┆ "gxx"              │
 │ │ │ cxx_compiler_version ┆ "14"               │
 │ │ │ numpy                ┆ "2"                │
 │ │ │ python               ┆ "3.12.* *_cpython" │
 │ │ │ target_platform      ┆ "linux-64"         │
 │ │ ╰──────────────────────┴────────────────────╯
 │ │ 
 │ │ Build dependencies:
 │ │ ╭──────────────────────────┬─────────────────────────────┬──────────────┬──────────────────────┬─────────────┬────────────╮
 │ │ │ Package                  ┆ Spec                        ┆ Version      ┆ Build                ┆ Channel     ┆       Size │
 │ │ ╞══════════════════════════╪═════════════════════════════╪══════════════╪══════════════════════╪═════════════╪════════════╡
 │ │ │ cmake                    ┆ cmake 3.* (V)               ┆ 3.31.8       ┆ hc85cc9f_0           ┆ conda-forge ┆  20.02 MiB │
 │ │ │ coreutils                ┆ coreutils                   ┆ 9.11         ┆ h280c20c_0           ┆ conda-forge ┆   3.27 MiB │
 │ │ │ cython                   ┆ cython                      ┆ 3.3.0        ┆ py312h03570ca_0      ┆ conda-forge ┆   3.83 MiB │
 │ │ │ gcc_linux-64             ┆ gcc_linux-64 14.*           ┆ 14.4.0       ┆ hc469d41_1           ┆ conda-forge ┆  29.09 KiB │
 │ │ │ git                      ┆ git                         ┆ 2.55.0       ┆ pl5321h3795e67_2     ┆ conda-forge ┆  11.23 MiB │
 │ │ │ git-lfs                  ┆ git-lfs                     ┆ 3.8.0        ┆ h2c09266_0           ┆ conda-forge ┆   4.83 MiB │
 │ │ │ gxx_linux-64             ┆ gxx_linux-64 14.*           ┆ 14.4.0       ┆ he93183a_1           ┆ conda-forge ┆  27.50 KiB │
 │ │ │ make                     ┆ make                        ┆ 4.4.1        ┆ hb03c661_3           ┆ conda-forge ┆ 498.73 KiB │
 │ │ │ ninja                    ┆ ninja                       ┆ 1.13.2       ┆ h171cf75_1           ┆ conda-forge ┆ 182.39 KiB │
 │ │ │ patch                    ┆ patch                       ┆ 2.8          ┆ h280c20c_1003        ┆ conda-forge ┆ 107.65 KiB │
 │ │ │ python                   ┆ python 3.12.* *_cpython (V) ┆ 3.12.14      ┆ h5f976f7_3_cpython   ┆ conda-forge ┆  21.98 MiB │
 │ │ │ setuptools               ┆ setuptools                  ┆ 84.0.0       ┆ pyh332efcf_0         ┆ conda-forge ┆ 512.20 KiB │
 │ │ │ sysroot_linux-64         ┆ sysroot_linux-64 2.17.*     ┆ 2.17         ┆ h0157908_18          ┆ conda-forge ┆  14.46 MiB │
 │ │ │ _openmp_mutex            ┆                             ┆ 4.5          ┆ 20_gnu               ┆ conda-forge ┆  28.27 KiB │
 │ │ │ binutils_impl_linux-64   ┆                             ┆ 2.46.1       ┆ default_hfdba357_102 ┆ conda-forge ┆   3.54 MiB │
 │ │ │ binutils_linux-64        ┆                             ┆ 2.46.1       ┆ default_h4852527_102 ┆ conda-forge ┆  35.49 KiB │
 │ │ │ bzip2                    ┆                             ┆ 1.0.8        ┆ hda65f42_10          ┆ conda-forge ┆ 251.77 KiB │
 │ │ │ c-ares                   ┆                             ┆ 1.34.8       ┆ hebe6cf0_2           ┆ conda-forge ┆ 223.34 KiB │
 │ │ │ ca-certificates          ┆                             ┆ 2026.7.22    ┆ hbd8a1cb_0           ┆ conda-forge ┆ 128.69 KiB │
 │ │ │ gcc_impl_linux-64        ┆                             ┆ 14.4.0       ┆ heaf7ae8_4           ┆ conda-forge ┆  73.68 MiB │
 │ │ │ gxx_impl_linux-64        ┆                             ┆ 14.4.0       ┆ hc436dd5_4           ┆ conda-forge ┆  15.13 MiB │
 │ │ │ icu                      ┆                             ┆ 78.3         ┆ py310h44b86e0_2      ┆ conda-forge ┆  13.79 MiB │
 │ │ │ kernel-headers_linux-64  ┆                             ┆ 3.10.0       ┆ he073ed8_18          ┆ conda-forge ┆ 921.37 KiB │
 │ │ │ keyutils                 ┆                             ┆ 1.6.3        ┆ h7cc23a3_1           ┆ conda-forge ┆ 132.12 KiB │
 │ │ │ krb5                     ┆                             ┆ 1.22.2       ┆ hbc21106_2           ┆ conda-forge ┆   1.33 MiB │
 │ │ │ ld_impl_linux-64         ┆                             ┆ 2.46.1       ┆ default_hbd61a6d_102 ┆ conda-forge ┆ 727.83 KiB │
 │ │ │ libcurl                  ┆                             ┆ 8.22.0       ┆ ha042cf0_0           ┆ conda-forge ┆ 487.94 KiB │
 │ │ │ libedit                  ┆                             ┆ 3.1.20250104 ┆ pl5321h373387f_1     ┆ conda-forge ┆ 131.93 KiB │
 │ │ │ libev                    ┆                             ┆ 4.33         ┆ h280c20c_3           ┆ conda-forge ┆  42.21 KiB │
 │ │ │ libexpat                 ┆                             ┆ 2.8.1        ┆ hecca717_1           ┆ conda-forge ┆  76.03 KiB │
 │ │ │ libffi                   ┆                             ┆ 3.7.0        ┆ h81df57d_1           ┆ conda-forge ┆  66.41 KiB │
 │ │ │ libgcc                   ┆                             ┆ 16.2.0       ┆ ha9f2e26_4           ┆ conda-forge ┆   1.01 MiB │
 │ │ │ libgcc-devel_linux-64    ┆                             ┆ 14.4.0       ┆ hd9a9cd0_104         ┆ conda-forge ┆   2.95 MiB │
 │ │ │ libgomp                  ┆                             ┆ 16.2.0       ┆ he0feb66_4           ┆ conda-forge ┆ 624.97 KiB │
 │ │ │ libiconv                 ┆                             ┆ 1.18         ┆ h0cb94f2_3           ┆ conda-forge ┆ 770.97 KiB │
 │ │ │ liblzma                  ┆                             ┆ 5.8.3        ┆ hb03c661_1           ┆ conda-forge ┆ 110.35 KiB │
 │ │ │ libnghttp2               ┆                             ┆ 1.68.1       ┆ h74cf4be_1           ┆ conda-forge ┆ 634.74 KiB │
 │ │ │ libnsl                   ┆                             ┆ 2.0.1        ┆ hb9d3cd8_1           ┆ conda-forge ┆  32.94 KiB │
 │ │ │ libpsl                   ┆                             ┆ 0.23.1       ┆ hd9e3e90_1           ┆ conda-forge ┆  70.82 KiB │
 │ │ │ libpython                ┆                             ┆ 3.12.14      ┆ h0c77377_3_cpython   ┆ conda-forge ┆   8.36 MiB │
 │ │ │ libsanitizer             ┆                             ┆ 14.4.0       ┆ hf39dbba_4           ┆ conda-forge ┆   7.15 MiB │
 │ │ │ libsqlite                ┆                             ┆ 3.53.4       ┆ h13e7031_1           ┆ conda-forge ┆ 951.51 KiB │
 │ │ │ libssh2                  ┆                             ┆ 1.11.1       ┆ h6154650_1           ┆ conda-forge ┆ 298.87 KiB │
 │ │ │ libstdcxx                ┆                             ┆ 16.2.0       ┆ h934c35e_4           ┆ conda-forge ┆   6.31 MiB │
 │ │ │ libstdcxx-devel_linux-64 ┆                             ┆ 14.4.0       ┆ ha5b54cb_104         ┆ conda-forge ┆  19.47 MiB │
 │ │ │ libuuid                  ┆                             ┆ 2.42.3       ┆ hcfc3c73_0           ┆ conda-forge ┆  39.06 KiB │
 │ │ │ libuv                    ┆                             ┆ 1.52.1       ┆ h280c20c_1           ┆ conda-forge ┆ 410.20 KiB │
 │ │ │ libxcrypt                ┆                             ┆ 4.4.38       ┆ h280c20c_0           ┆ conda-forge ┆  99.57 KiB │
 │ │ │ libzlib                  ┆                             ┆ 1.3.2        ┆ h25fd6f3_3           ┆ conda-forge ┆  62.22 KiB │
 │ │ │ ncurses                  ┆                             ┆ 6.6          ┆ hdb14827_1           ┆ conda-forge ┆ 889.84 KiB │
 │ │ │ openssl                  ┆                             ┆ 3.6.4        ┆ h781a0a9_0           ┆ conda-forge ┆   3.05 MiB │
 │ │ │ pcre2                    ┆                             ┆ 10.47        ┆ h8b3dc9c_1           ┆ conda-forge ┆   1.16 MiB │
 │ │ │ perl                     ┆                             ┆ 5.32.1       ┆ 9_h7cc23a3_perl5     ┆ conda-forge ┆  12.76 MiB │
 │ │ │ python_abi               ┆                             ┆ 3.12         ┆ 9_cp312              ┆ conda-forge ┆   6.59 KiB │
 │ │ │ readline                 ┆                             ┆ 8.3          ┆ hd6e31c0_1           ┆ conda-forge ┆ 340.72 KiB │
 │ │ │ rhash                    ┆                             ┆ 1.4.6        ┆ hb03c661_2           ┆ conda-forge ┆ 190.42 KiB │
 │ │ │ tk                       ┆                             ┆ 8.6.13       ┆ noxft_h1df4ec4_4     ┆ conda-forge ┆   3.40 MiB │
 │ │ │ tzdata                   ┆                             ┆ 2026c        ┆ h151e31d_0           ┆ conda-forge ┆ 116.06 KiB │
 │ │ │ zstd                     ┆                             ┆ 1.5.7        ┆ hb78ec9c_7           ┆ conda-forge ┆ 587.21 KiB │
 │ │ ╰──────────────────────────┴─────────────────────────────┴──────────────┴──────────────────────┴─────────────┴────────────╯
 │ │ 
 │ │ Host dependencies:
 │ │ ╭───────────────────────────────────────────────────┬──────────────────────────────────────────────┬──────────────┬───────────────────────┬────────────────
 │ │ ───┬────────────╮
 │ │ │ Package                                           ┆ Spec                                         ┆ Version      ┆ Build                 ┆ Channel        
 │ │    ┆       Size │
 │ │ ╞═══════════════════════════════════════════════════╪══════════════════════════════════════════════╪══════════════╪═══════════════════════╪════════════════
 │ │ ═══╪════════════╡
 │ │ │ libboost-devel                                    ┆ libboost-devel                               ┆ 1.88.0       ┆ hfcd1e18_7            ┆ conda-forge    
 │ │    ┆  39.17 KiB │
 │ │ │ libgcc                                            ┆ libgcc >=14 (RE of [build: gcc_linux-64])    ┆ 16.2.0       ┆ ha9f2e26_4            ┆ conda-forge    
 │ │    ┆   1.01 MiB │
 │ │ │ libgl-devel                                       ┆ libgl-devel                                  ┆ 1.7.0        ┆ ha4b6fd6_5            ┆ conda-forge    
 │ │    ┆ 113.49 KiB │
 │ │ │ libopengl-devel                                   ┆ libopengl-devel                              ┆ 1.7.0        ┆ ha4b6fd6_5            ┆ conda-forge    
 │ │    ┆  15.83 KiB │
 │ │ │ libstdcxx                                         ┆ libstdcxx >=14 (RE of [build: gxx_linux-64]) ┆ 16.2.0       ┆ h934c35e_4            ┆ conda-forge    
 │ │    ┆   6.31 MiB │
 │ │ │ numpy                                             ┆ numpy 2.* (V)                                ┆ 2.5.3        ┆ py312he827f4e_0       ┆ conda-forge    
 │ │    ┆   8.80 MiB │
 │ │ │ octomap                                           ┆ octomap                                      ┆ 1.10.0       ┆ h4dbf13b_1            ┆ conda-forge    
 │ │    ┆ 260.63 KiB │
 │ │ │ pcl                                               ┆ pcl                                          ┆ 1.15.1       ┆ h717c489_7            ┆ conda-forge    
 │ │    ┆  17.10 MiB │
 │ │ │ pip                                               ┆ pip                                          ┆ 26.2.1       ┆ pyh8b19718_0          ┆ conda-forge    
 │ │    ┆   1.14 MiB │
 │ │ │ pkg-config                                        ┆ pkg-config                                   ┆ 0.29.2       ┆ h1114479_1013         ┆ conda-forge    
 │ │    ┆ 138.06 KiB │
 │ │ │ proj                                              ┆ proj                                         ┆ 9.7.1        ┆ he0df7b0_3            ┆ conda-forge    
 │ │    ┆   3.43 MiB │
 │ │ │ python                                            ┆ python 3.12.* *_cpython (V)                  ┆ 3.12.14      ┆ h5f976f7_3_cpython    ┆ conda-forge    
 │ │    ┆  21.98 MiB │
 │ │ │ ros-humble-cv-bridge                              ┆ ros-humble-cv-bridge                         ┆ 3.2.1        ┆ np2py312h3b5449b_15   ┆ robostack-stagi
 │ │ ng ┆ 176.58 KiB │
 │ │ │ ros-humble-gtsam                                  ┆ ros-humble-gtsam                             ┆ 4.2.0        ┆ py312hfb442f0_15      ┆ robostack-stagi
 │ │ ng ┆   8.62 KiB │
 │ │ │ ros-humble-libg2o                                 ┆ ros-humble-libg2o                            ┆ 2020.5.29    ┆ np2py312h2ed9cc7_15   ┆ robostack-stagi
 │ │ ng ┆   1.40 MiB │
 │ │ │ ros-humble-qt-gui-cpp                             ┆ ros-humble-qt-gui-cpp                        ┆ 2.2.4        ┆ np2py312h2ed9cc7_15   ┆ robostack-stagi
 │ │ ng ┆ 499.19 KiB │
 │ │ │ ros-humble-ros-environment                        ┆ ros-humble-ros-environment                   ┆ 3.2.2        ┆ np2py312h2ed9cc7_15   ┆ robostack-stagi
 │ │ ng ┆  21.12 KiB │
 │ │ │ ros-humble-ros-workspace                          ┆ ros-humble-ros-workspace                     ┆ 1.0.2        ┆ np2py312h2ed9cc7_15   ┆ robostack-stagi
 │ │ ng ┆  34.75 KiB │
 │ │ │ ros2-distro-mutex                                 ┆ ros2-distro-mutex 0.8.* humble_*             ┆ 0.8.0        ┆ humble_15             ┆ robostack-stagi
 │ │ ng ┆   2.32 KiB │
 │ │ │ sqlite                                            ┆ sqlite 3.*                                   ┆ 3.53.4       ┆ h9ffa6c4_1            ┆ conda-forge    
 │ │    ┆ 200.87 KiB │
 │ │ │ vtk-base                                          ┆ vtk-base                                     ┆ 9.5.2        ┆ py312h6fba518_7       ┆ conda-forge    
 │ │    ┆  65.69 MiB │
 │ │ │ zlib                                              ┆ zlib                                         ┆ 1.3.2        ┆ h25fd6f3_3            ┆ conda-forge    
 │ │    ┆  93.88 KiB │
 │ │ │ _openmp_mutex                                     ┆                                              ┆ 4.5          ┆ 20_gnu                ┆ conda-forge    
 │ │    ┆  28.27 KiB │
 │ │ │ _x86_64-microarch-level                           ┆                                              ┆ 4            ┆ 5_level4              ┆ conda-forge    
 │ │    ┆   9.20 KiB │
 │ │ │ aiohappyeyeballs                                  ┆                                              ┆ 2.7.1        ┆ pyhd8ed1ab_0          ┆ conda-forge    
 │ │    ┆  24.11 KiB │
 │ │ │ aiohttp                                           ┆                                              ┆ 3.14.3       ┆ py312h5d8c7f2_0       ┆ conda-forge    
 │ │    ┆   1.04 MiB │
 │ │ │ aiosignal                                         ┆                                              ┆ 1.4.0        ┆ pyhd8ed1ab_0          ┆ conda-forge    
 │ │    ┆  13.37 KiB │
 │ │ │ alsa-lib                                          ┆                                              ┆ 1.2.16.1     ┆ h7cc23a3_1            ┆ conda-forge    
 │ │    ┆ 581.04 KiB │
 │ │ │ aom                                               ┆                                              ┆ 3.9.1        ┆ hac33072_0            ┆ conda-forge    
 │ │    ┆   2.58 MiB │
 │ │ │ argcomplete                                       ┆                                              ┆ 3.7.2        ┆ pyhcf101f3_0          ┆ conda-forge    
 │ │    ┆  46.04 KiB │
 │ │ │ attr                                              ┆                                              ┆ 2.5.2        ┆ hb03c661_1            ┆ conda-forge    
 │ │    ┆  30.65 KiB │
 │ │ │ attrs                                             ┆                                              ┆ 26.1.0       ┆ pyhcf101f3_0          ┆ conda-forge    
 │ │    ┆  63.41 KiB │
 │ │ │ blas-devel                                        ┆                                              ┆ 3.11.0       ┆ 11_h1ea3ea9_openblas  ┆ conda-forge    
 │ │    ┆  17.74 KiB │
 │ │ │ blosc                                             ┆                                              ┆ 1.21.6       ┆ he440d0b_1            ┆ conda-forge    
 │ │    ┆  47.29 KiB │
 │ │ │ brotli                                            ┆                                              ┆ 1.2.0        ┆ h505cf86_4            ┆ conda-forge    
 │ │    ┆  20.19 KiB │
 │ │ │ brotli-bin                                        ┆                                              ┆ 1.2.0        ┆ h9908984_4            ┆ conda-forge    
 │ │    ┆  21.09 KiB │
 │ │ │ bzip2                                             ┆                                              ┆ 1.0.8        ┆ hda65f42_10           ┆ conda-forge    
 │ │    ┆ 251.77 KiB │
 │ │ │ c-ares                                            ┆                                              ┆ 1.34.8       ┆ hebe6cf0_2            ┆ conda-forge    
 │ │    ┆ 223.34 KiB │
 │ │ │ ca-certificates                                   ┆                                              ┆ 2026.7.22    ┆ hbd8a1cb_0            ┆ conda-forge    
 │ │    ┆ 128.69 KiB │
 │ │ │ cairo                                             ┆                                              ┆ 1.18.4       ┆ h3c89d7e_3            ┆ conda-forge    
 │ │    ┆ 967.78 KiB │
 │ │ │ catkin_pkg                                        ┆                                              ┆ 1.1.1        ┆ pyhd8ed1ab_0          ┆ conda-forge    
 │ │    ┆  53.61 KiB │
 │ │ │ cli11                                             ┆                                              ┆ 2.7.2        ┆ h54a6638_1            ┆ conda-forge    
 │ │    ┆ 100.81 KiB │
 │ │ │ cmake                                             ┆                                              ┆ 4.2.3        ┆ hc85cc9f_1            ┆ conda-forge    
 │ │    ┆  21.30 MiB │
 │ │ │ colorama                                          ┆                                              ┆ 0.4.6        ┆ pyhd8ed1ab_1          ┆ conda-forge    
 │ │    ┆  26.38 KiB │
 │ │ │ console_bridge                                    ┆                                              ┆ 1.0.2        ┆ h924138e_1            ┆ conda-forge    
 │ │    ┆  18.03 KiB │
 │ │ │ contourpy                                         ┆                                              ┆ 1.4.0        ┆ py312h9be0db6_0       ┆ conda-forge    
 │ │    ┆ 320.98 KiB │
 │ │ │ cycler                                            ┆                                              ┆ 0.12.1       ┆ pyhcf101f3_2          ┆ conda-forge    
 │ │    ┆  14.43 KiB │
 │ │ │ cyrus-sasl                                        ┆                                              ┆ 2.1.28       ┆ hd9c7081_0            ┆ conda-forge    
 │ │    ┆ 204.86 KiB │
 │ │ │ dav1d                                             ┆                                              ┆ 1.2.1        ┆ hd590300_0            ┆ conda-forge    
 │ │    ┆ 742.41 KiB │
 │ │ │ dbus                                              ┆                                              ┆ 1.16.2       ┆ he8c428d_2            ┆ conda-forge    
 │ │    ┆ 439.03 KiB │
 │ │ │ docutils                                          ┆                                              ┆ 0.23         ┆ pyhcf101f3_0          ┆ conda-forge    
 │ │    ┆ 448.77 KiB │
 │ │ │ double-conversion                                 ┆                                              ┆ 3.4.0        ┆ hecca717_0            ┆ conda-forge    
 │ │    ┆  70.13 KiB │
 │ │ │ eigen                                             ┆                                              ┆ 3.4.0        ┆ h54a6638_2            ┆ conda-forge    
 │ │    ┆   1.12 MiB │
 │ │ │ eigen-abi                                         ┆                                              ┆ 3.4.0.100    ┆ h3bcb7cf_2            ┆ conda-forge    
 │ │    ┆  12.84 KiB │
 │ │ │ empy                                              ┆                                              ┆ 4.2.1        ┆ pyhcf101f3_0          ┆ conda-forge    
 │ │    ┆  97.08 KiB │
 │ │ │ exceptiongroup                                    ┆                                              ┆ 1.3.1        ┆ pyhd8ed1ab_0          ┆ conda-forge    
 │ │    ┆  20.83 KiB │
 │ │ │ expat                                             ┆                                              ┆ 2.8.1        ┆ hecca717_1            ┆ conda-forge    
 │ │    ┆ 144.33 KiB │
 │ │ │ ffmpeg                                            ┆                                              ┆ 8.1.1        ┆ gpl_hee00b0e_901      ┆ conda-forge    
 │ │    ┆  12.38 MiB │
 │ │ │ flann                                             ┆                                              ┆ 1.9.2        ┆ he1b7b50_6            ┆ conda-forge    
 │ │    ┆   1.90 MiB │
 │ │ │ fmt                                               ┆                                              ┆ 12.1.0       ┆ h76c4fd7_1            ┆ conda-forge    
 │ │    ┆ 194.41 KiB │
 │ │ │ font-ttf-dejavu-sans-mono                         ┆                                              ┆ 2.37         ┆ hab24e00_0            ┆ conda-forge    
 │ │    ┆ 388.06 KiB │
 │ │ │ font-ttf-inconsolata                              ┆                                              ┆ 3.000        ┆ h77eed37_0            ┆ conda-forge    
 │ │    ┆  94.27 KiB │
 │ │ │ font-ttf-source-code-pro                          ┆                                              ┆ 2.038        ┆ h77eed37_0            ┆ conda-forge    
 │ │    ┆ 684.39 KiB │
 │ │ │ font-ttf-ubuntu                                   ┆                                              ┆ 0.83         ┆ h77eed37_3            ┆ conda-forge    
 │ │    ┆   1.55 MiB │
 │ │ │ fontconfig                                        ┆                                              ┆ 2.18.3       ┆ h4db4eae_1            ┆ conda-forge    
 │ │    ┆ 289.34 KiB │
 │ │ │ fonts-conda-ecosystem                             ┆                                              ┆ 1            ┆ 0                     ┆ conda-forge    
 │ │    ┆   3.58 KiB │
 │ │ │ fonts-conda-forge                                 ┆                                              ┆ 1            ┆ hc364b38_1            ┆ conda-forge    
 │ │    ┆   3.96 KiB │
 │ │ │ fonttools                                         ┆                                              ┆ 4.65.0       ┆ py312hfd18d64_0       ┆ conda-forge    
 │ │    ┆   2.97 MiB │
 │ │ │ freeglut                                          ┆                                              ┆ 3.2.2        ┆ h215f996_4            ┆ conda-forge    
 │ │    ┆ 142.73 KiB │
 │ │ │ freetype                                          ┆                                              ┆ 2.14.3       ┆ ha770c72_2            ┆ conda-forge    
 │ │    ┆ 171.13 KiB │
 │ │ │ fribidi                                           ┆                                              ┆ 1.0.16       ┆ h7cc23a3_2            ┆ conda-forge    
 │ │    ┆  60.94 KiB │
 │ │ │ frozenlist                                        ┆                                              ┆ 1.8.0        ┆ py312h447239a_0       ┆ conda-forge    
 │ │    ┆  53.73 KiB │
 │ │ │ gdk-pixbuf                                        ┆                                              ┆ 2.44.8       ┆ h68053f1_2            ┆ conda-forge    
 │ │    ┆ 568.32 KiB │
 │ │ │ geographiclib-cpp                                 ┆                                              ┆ 2.5.2        ┆ hb700be7_0            ┆ conda-forge    
 │ │    ┆ 586.49 KiB │
 │ │ │ gl2ps                                             ┆                                              ┆ 1.4.2        ┆ h36e74d4_2            ┆ conda-forge    
 │ │    ┆  74.06 KiB │
 │ │ │ glew                                              ┆                                              ┆ 2.3.0        ┆ h71661d4_0            ┆ conda-forge    
 │ │    ┆ 481.13 KiB │
 │ │ │ glib                                              ┆                                              ┆ 2.88.3       ┆ h50f8131_4            ┆ conda-forge    
 │ │    ┆  83.59 KiB │
 │ │ │ glib-tools                                        ┆                                              ┆ 2.88.3       ┆ h922ffe4_4            ┆ conda-forge    
 │ │    ┆ 231.32 KiB │
 │ │ │ glslang                                           ┆                                              ┆ 16.6.0       ┆ h980caa0_0            ┆ conda-forge    
 │ │    ┆   1.38 MiB │
 │ │ │ gmock                                             ┆                                              ┆ 1.17.0       ┆ h8e2ec6c_2            ┆ conda-forge    
 │ │    ┆   4.83 KiB │
 │ │ │ gmp                                               ┆                                              ┆ 6.3.0        ┆ hfd2156b_3            ┆ conda-forge    
 │ │    ┆ 481.93 KiB │
 │ │ │ graphite2                                         ┆                                              ┆ 1.3.15       ┆ h54a6638_1            ┆ conda-forge    
 │ │    ┆ 100.42 KiB │
 │ │ │ gst-plugins-base                                  ┆                                              ┆ 1.26.11      ┆ h6d08254_0            ┆ conda-forge    
 │ │    ┆   3.05 MiB │
 │ │ │ gstreamer                                         ┆                                              ┆ 1.26.11      ┆ h29cf534_0            ┆ conda-forge    
 │ │    ┆   2.18 MiB │
 │ │ │ gtest                                             ┆                                              ┆ 1.17.0       ┆ h171cf75_2            ┆ conda-forge    
 │ │    ┆ 441.28 KiB │
 │ │ │ gtsam                                             ┆                                              ┆ 4.2.0        ┆ py312h7f00892_14      ┆ conda-forge    
 │ │    ┆  18.28 MiB │
 │ │ │ harfbuzz                                          ┆                                              ┆ 14.4.0       ┆ ha770c72_1            ┆ conda-forge    
 │ │    ┆  10.85 KiB │
 │ │ │ hdf4                                              ┆                                              ┆ 4.2.15       ┆ h2a13503_7            ┆ conda-forge    
 │ │    ┆ 739.01 KiB │
 │ │ │ hdf5                                              ┆                                              ┆ 1.14.6       ┆ nompi_h19486de_106    ┆ conda-forge    
 │ │    ┆   3.54 MiB │
 │ │ │ icu                                               ┆                                              ┆ 78.3         ┆ py310h44b86e0_2       ┆ conda-forge    
 │ │    ┆  13.79 MiB │
 │ │ │ idna                                              ┆                                              ┆ 3.19         ┆ pyhcf101f3_0          ┆ conda-forge    
 │ │    ┆ 173.27 KiB │
 │ │ │ imath                                             ┆                                              ┆ 3.2.2        ┆ hde8ca8f_0            ┆ conda-forge    
 │ │    ┆ 156.53 KiB │
 │ │ │ importlib-metadata                                ┆                                              ┆ 9.0.1        ┆ pyhcf101f3_0          ┆ conda-forge    
 │ │    ┆  34.10 KiB │
 │ │ │ importlib_resources                               ┆                                              ┆ 7.1.0        ┆ pyhd8ed1ab_0          ┆ conda-forge    
 │ │    ┆  33.99 KiB │
 │ │ │ iniconfig                                         ┆                                              ┆ 2.3.0        ┆ pyhd8ed1ab_0          ┆ conda-forge    
 │ │    ┆  13.07 KiB │
 │ │ │ intel-gmmlib                                      ┆                                              ┆ 22.10.2      ┆ h7148c6a_0            ┆ conda-forge    
 │ │    ┆ 983.40 KiB │
 │ │ │ intel-media-driver                                ┆                                              ┆ 26.1.6       ┆ hecca717_0            ┆ conda-forge    
 │ │    ┆   8.38 MiB │
 │ │ │ jasper                                            ┆                                              ┆ 4.2.9        ┆ hd038ad9_2            ┆ conda-forge    
 │ │    ┆ 707.48 KiB │
 │ │ │ jsoncpp                                           ┆                                              ┆ 1.9.6        ┆ hf42df4d_1            ┆ conda-forge    
 │ │    ┆ 165.13 KiB │
 │ │ │ keyutils                                          ┆                                              ┆ 1.6.3        ┆ h7cc23a3_1            ┆ conda-forge    
 │ │    ┆ 132.12 KiB │
 │ │ │ kiwisolver                                        ┆                                              ┆ 1.5.1        ┆ py312h9be0db6_1       ┆ conda-forge    
 │ │    ┆  73.45 KiB │
 │ │ │ krb5                                              ┆                                              ┆ 1.21.3       ┆ h659f571_0            ┆ conda-forge    
 │ │    ┆   1.31 MiB │
 │ │ │ lame                                              ┆                                              ┆ 3.100        ┆ h166bdaf_1003         ┆ conda-forge    
 │ │    ┆ 496.35 KiB │
 │ │ │ lark-parser                                       ┆                                              ┆ 0.12.0       ┆ pyhd8ed1ab_1          ┆ conda-forge    
 │ │    ┆  84.12 KiB │
 │ │ │ lcms2                                             ┆                                              ┆ 2.19.1       ┆ h9073bf1_3            ┆ conda-forge    
 │ │    ┆ 248.33 KiB │
 │ │ │ ld_impl_linux-64                                  ┆                                              ┆ 2.46.1       ┆ default_hbd61a6d_102  ┆ conda-forge    
 │ │    ┆ 727.83 KiB │
 │ │ │ lerc                                              ┆                                              ┆ 4.2.0        ┆ hdb68285_0            ┆ conda-forge    
 │ │    ┆ 264.80 KiB │
 │ │ │ level-zero                                        ┆                                              ┆ 1.33.1       ┆ h7148c6a_0            ┆ conda-forge    
 │ │    ┆ 762.23 KiB │
 │ │ │ libabseil                                         ┆                                              ┆ 20260107.1   ┆ cxx17_h7b12aa8_0      ┆ conda-forge    
 │ │    ┆   1.32 MiB │
 │ │ │ libaec                                            ┆                                              ┆ 1.1.5        ┆ h088129d_0            ┆ conda-forge    
 │ │    ┆  35.69 KiB │
 │ │ │ libamd                                            ┆                                              ┆ 3.3.3        ┆ haaf9dc3_7100102      ┆ conda-forge    
 │ │    ┆  49.32 KiB │
 │ │ │ libass                                            ┆                                              ┆ 0.17.4       ┆ h96ad9f0_0            ┆ conda-forge    
 │ │    ┆ 148.61 KiB │
 │ │ │ libattr                                           ┆                                              ┆ 2.5.2        ┆ hb03c661_1            ┆ conda-forge    
 │ │    ┆  52.07 KiB │
 │ │ │ libavif16                                         ┆                                              ┆ 1.4.2        ┆ hcfa2d63_0            ┆ conda-forge    
 │ │    ┆ 146.01 KiB │
 │ │ │ libblas                                           ┆                                              ┆ 3.11.0       ┆ 11_h4a7cf45_openblas  ┆ conda-forge    
 │ │    ┆  17.82 KiB │
 │ │ │ libboost                                          ┆                                              ┆ 1.88.0       ┆ hd24cca6_7            ┆ conda-forge    
 │ │    ┆   2.93 MiB │
 │ │ │ libboost-headers                                  ┆                                              ┆ 1.88.0       ┆ ha770c72_7            ┆ conda-forge    
 │ │    ┆  13.91 MiB │
 │ │ │ libboost-python                                   ┆                                              ┆ 1.88.0       ┆ py312hf890105_7       ┆ conda-forge    
 │ │    ┆ 127.12 KiB │
 │ │ │ libboost-python-devel                             ┆                                              ┆ 1.88.0       ┆ py312h26dfbe5_7       ┆ conda-forge    
 │ │    ┆  18.53 KiB │
 │ │ │ libbrotlicommon                                   ┆                                              ┆ 1.2.0        ┆ h39a168f_4            ┆ conda-forge    
 │ │    ┆  78.67 KiB │
 │ │ │ libbrotlidec                                      ┆                                              ┆ 1.2.0        ┆ ha411449_4            ┆ conda-forge    
 │ │    ┆  33.92 KiB │
 │ │ │ libbrotlienc                                      ┆                                              ┆ 1.2.0        ┆ h018ffa1_4            ┆ conda-forge    
 │ │    ┆ 291.15 KiB │
 │ │ │ libbtf                                            ┆                                              ┆ 2.3.2        ┆ h32481e8_7100102      ┆ conda-forge    
 │ │    ┆  27.20 KiB │
 │ │ │ libcamd                                           ┆                                              ┆ 3.3.3        ┆ h32481e8_7100102      ┆ conda-forge    
 │ │    ┆  45.80 KiB │
 │ │ │ libcap                                            ┆                                              ┆ 2.78         ┆ h084b8d7_1            ┆ conda-forge    
 │ │    ┆ 121.39 KiB │
 │ │ │ libcblas                                          ┆                                              ┆ 3.11.0       ┆ 11_h0358290_openblas  ┆ conda-forge    
 │ │    ┆  17.77 KiB │
 │ │ │ libccolamd                                        ┆                                              ┆ 3.3.4        ┆ h32481e8_7100102      ┆ conda-forge    
 │ │    ┆  41.64 KiB │
 │ │ │ libcholmod                                        ┆                                              ┆ 5.3.1        ┆ h59ddab4_7100102      ┆ conda-forge    
 │ │    ┆   1.05 MiB │
 │ │ │ libclang-cpp21.1                                  ┆                                              ┆ 21.1.8       ┆ default_h6209e06_6    ┆ conda-forge    
 │ │    ┆  20.48 MiB │
 │ │ │ libclang-cpp23.1                                  ┆                                              ┆ 23.1.1       ┆ default_h0acdd01_0    ┆ conda-forge    
 │ │    ┆  24.18 MiB │
 │ │ │ libclang13                                        ┆                                              ┆ 23.1.1       ┆ default_h7037f76_0    ┆ conda-forge    
 │ │    ┆  14.73 MiB │
 │ │ │ libcolamd                                         ┆                                              ┆ 3.3.4        ┆ h32481e8_7100102      ┆ conda-forge    
 │ │    ┆  33.29 KiB │
 │ │ │ libcups                                           ┆                                              ┆ 2.3.3        ┆ hb8b1518_5            ┆ conda-forge    
 │ │    ┆   4.31 MiB │
 │ │ │ libcurl                                           ┆                                              ┆ 8.18.0       ┆ h4e3cde8_0            ┆ conda-forge    
 │ │    ┆ 452.09 KiB │
 │ │ │ libcxsparse                                       ┆                                              ┆ 4.4.1        ┆ h32481e8_7100102      ┆ conda-forge    
 │ │    ┆ 117.76 KiB │
 │ │ │ libdeflate                                        ┆                                              ┆ 1.25         ┆ hd45a770_1            ┆ conda-forge    
 │ │    ┆  71.98 KiB │
 │ │ │ libdovi                                           ┆                                              ┆ 3.4.0        ┆ h39d0f39_0            ┆ conda-forge    
 │ │    ┆ 395.71 KiB │
 │ │ │ libdrm                                            ┆                                              ┆ 2.4.129      ┆ h7cc23a3_0            ┆ conda-forge    
 │ │    ┆ 306.11 KiB │
 │ │ │ libedit                                           ┆                                              ┆ 3.1.20250104 ┆ pl5321h373387f_1      ┆ conda-forge    
 │ │    ┆ 131.93 KiB │
 │ │ │ libegl                                            ┆                                              ┆ 1.7.0        ┆ ha4b6fd6_5            ┆ conda-forge    
 │ │    ┆  45.60 KiB │
 │ │ │ libev                                             ┆                                              ┆ 4.33         ┆ h280c20c_3            ┆ conda-forge    
 │ │    ┆  42.21 KiB │
 │ │ │ libevent                                          ┆                                              ┆ 2.1.12       ┆ h5348a74_2            ┆ conda-forge    
 │ │    ┆ 420.91 KiB │
 │ │ │ libexpat                                          ┆                                              ┆ 2.8.1        ┆ hecca717_1            ┆ conda-forge    
 │ │    ┆  76.03 KiB │
 │ │ │ libffi                                            ┆                                              ┆ 3.7.0        ┆ h81df57d_1            ┆ conda-forge    
 │ │    ┆  66.41 KiB │
 │ │ │ libflac                                           ┆                                              ┆ 1.5.0        ┆ he200343_1            ┆ conda-forge    
 │ │    ┆ 414.61 KiB │
 │ │ │ libfreetype                                       ┆                                              ┆ 2.14.3       ┆ ha770c72_2            ┆ conda-forge    
 │ │    ┆   8.21 KiB │
 │ │ │ libfreetype6                                      ┆                                              ┆ 2.14.3       ┆ h5e6c136_2            ┆ conda-forge    
 │ │    ┆ 378.58 KiB │
 │ │ │ libgcc-ng                                         ┆                                              ┆ 16.2.0       ┆ h69a702a_4            ┆ conda-forge    
 │ │    ┆  27.74 KiB │
 │ │ │ libgfortran                                       ┆                                              ┆ 16.2.0       ┆ h69a702a_4            ┆ conda-forge    
 │ │    ┆  27.71 KiB │
 │ │ │ libgfortran5                                      ┆                                              ┆ 16.2.0       ┆ h6b99dfc_4            ┆ conda-forge    
 │ │    ┆   2.41 MiB │
 │ │ │ libgl                                             ┆                                              ┆ 1.7.0        ┆ ha4b6fd6_5            ┆ conda-forge    
 │ │    ┆ 128.89 KiB │
 │ │ │ libglib                                           ┆                                              ┆ 2.88.3       ┆ h569388d_4            ┆ conda-forge    
 │ │    ┆   4.54 MiB │
 │ │ │ libglu                                            ┆                                              ┆ 9.0.3        ┆ h5888daf_1            ┆ conda-forge    
 │ │    ┆ 317.64 KiB │
 │ │ │ libglvnd                                          ┆                                              ┆ 1.7.0        ┆ ha4b6fd6_5            ┆ conda-forge    
 │ │    ┆ 130.69 KiB │
 │ │ │ libglx                                            ┆                                              ┆ 1.7.0        ┆ ha4b6fd6_5            ┆ conda-forge    
 │ │    ┆  77.96 KiB │
 │ │ │ libglx-devel                                      ┆                                              ┆ 1.7.0        ┆ ha4b6fd6_5            ┆ conda-forge    
 │ │    ┆  27.05 KiB │
 │ │ │ libgomp                                           ┆                                              ┆ 16.2.0       ┆ he0feb66_4            ┆ conda-forge    
 │ │    ┆ 624.97 KiB │
 │ │ │ libharfbuzz                                       ┆                                              ┆ 14.4.0       ┆ h23af247_1            ┆ conda-forge    
 │ │    ┆   1.32 MiB │
 │ │ │ libharfbuzz-devel                                 ┆                                              ┆ 14.4.0       ┆ h23af247_1            ┆ conda-forge    
 │ │    ┆   2.04 MiB │
 │ │ │ libhwloc                                          ┆                                              ┆ 2.13.0       ┆ default_he001693_1000 ┆ conda-forge    
 │ │    ┆   2.32 MiB │
 │ │ │ libhwy                                            ┆                                              ┆ 1.4.0        ┆ h57c4cff_1            ┆ conda-forge    
 │ │    ┆   1.39 MiB │
 │ │ │ libiconv                                          ┆                                              ┆ 1.18         ┆ h0cb94f2_3            ┆ conda-forge    
 │ │    ┆ 770.97 KiB │
 │ │ │ libjpeg-turbo                                     ┆                                              ┆ 3.2.0        ┆ hb03c661_1            ┆ conda-forge    
 │ │    ┆ 635.19 KiB │
 │ │ │ libjxl                                            ┆                                              ┆ 0.11.2       ┆ h174a0a3_1            ┆ conda-forge    
 │ │    ┆   1.76 MiB │
 │ │ │ libklu                                            ┆                                              ┆ 2.3.5        ┆ hf24d653_7100102      ┆ conda-forge    
 │ │    ┆ 142.45 KiB │
 │ │ │ liblapack                                         ┆                                              ┆ 3.11.0       ┆ 11_h47877c9_openblas  ┆ conda-forge    
 │ │    ┆  17.80 KiB │
 │ │ │ liblapacke                                        ┆                                              ┆ 3.11.0       ┆ 11_h6ae95b6_openblas  ┆ conda-forge    
 │ │    ┆  17.81 KiB │
 │ │ │ libldl                                            ┆                                              ┆ 3.3.2        ┆ h32481e8_7100102      ┆ conda-forge    
 │ │    ┆  23.67 KiB │
 │ │ │ libllvm21                                         ┆                                              ┆ 21.1.8       ┆ h474f4eb_1            ┆ conda-forge    
 │ │    ┆  42.72 MiB │
 │ │ │ libllvm23                                         ┆                                              ┆ 23.1.1       ┆ h474f4eb_0            ┆ conda-forge    
 │ │    ┆  42.98 MiB │
 │ │ │ liblzma                                           ┆                                              ┆ 5.8.3        ┆ hb03c661_1            ┆ conda-forge    
 │ │    ┆ 110.35 KiB │
 │ │ │ liblzma-devel                                     ┆                                              ┆ 5.8.3        ┆ hb03c661_1            ┆ conda-forge    
 │ │    ┆ 480.44 KiB │
 │ │ │ libnetcdf                                         ┆                                              ┆ 4.9.3        ┆ nompi_hbf2fc22_104    ┆ conda-forge    
 │ │    ┆ 850.38 KiB │
 │ │ │ libnghttp2                                        ┆                                              ┆ 1.68.1       ┆ h74cf4be_1            ┆ conda-forge    
 │ │    ┆ 634.74 KiB │
 │ │ │ libnsl                                            ┆                                              ┆ 2.0.1        ┆ hb9d3cd8_1            ┆ conda-forge    
 │ │    ┆  32.94 KiB │
 │ │ │ libntlm                                           ┆                                              ┆ 1.8          ┆ hb9d3cd8_0            ┆ conda-forge    
 │ │    ┆  32.63 KiB │
 │ │ │ libogg                                            ┆                                              ┆ 1.3.5        ┆ hd0c01bc_1            ┆ conda-forge    
 │ │    ┆ 213.38 KiB │
 │ │ │ libopenblas                                       ┆                                              ┆ 0.3.34       ┆ pthreads_hf13c14d_2   ┆ conda-forge    
 │ │    ┆   6.53 MiB │
 │ │ │ libopencv                                         ┆                                              ┆ 4.13.0       ┆ qt6_py312h46ef85d_606 ┆ conda-forge    
 │ │    ┆  31.85 MiB │
 │ │ │ libopengl                                         ┆                                              ┆ 1.7.0        ┆ ha4b6fd6_5            ┆ conda-forge    
 │ │    ┆  49.44 KiB │
 │ │ │ libopenvino                                       ┆                                              ┆ 2026.0.0     ┆ hb56ce9e_1            ┆ conda-forge    
 │ │    ┆   6.28 MiB │
 │ │ │ libopenvino-auto-batch-plugin                     ┆                                              ┆ 2026.0.0     ┆ hd85de46_1            ┆ conda-forge    
 │ │    ┆ 111.75 KiB │
 │ │ │ libopenvino-auto-plugin                           ┆                                              ┆ 2026.0.0     ┆ hd85de46_1            ┆ conda-forge    
 │ │    ┆ 243.22 KiB │
 │ │ │ libopenvino-hetero-plugin                         ┆                                              ┆ 2026.0.0     ┆ hd41364c_1            ┆ conda-forge    
 │ │    ┆ 206.62 KiB │
 │ │ │ libopenvino-intel-cpu-plugin                      ┆                                              ┆ 2026.0.0     ┆ hb56ce9e_1            ┆ conda-forge    
 │ │    ┆  12.56 MiB │
 │ │ │ libopenvino-intel-gpu-plugin                      ┆                                              ┆ 2026.0.0     ┆ hb56ce9e_1            ┆ conda-forge    
 │ │    ┆  10.87 MiB │
 │ │ │ libopenvino-intel-npu-plugin                      ┆                                              ┆ 2026.0.0     ┆ hb56ce9e_1            ┆ conda-forge    
 │ │    ┆   1.90 MiB │
 │ │ │ libopenvino-ir-frontend                           ┆                                              ┆ 2026.0.0     ┆ hd41364c_1            ┆ conda-forge    
 │ │    ┆ 188.26 KiB │
 │ │ │ libopenvino-onnx-frontend                         ┆                                              ┆ 2026.0.0     ┆ h7a07914_1            ┆ conda-forge    
 │ │    ┆   1.77 MiB │
 │ │ │ libopenvino-paddle-frontend                       ┆                                              ┆ 2026.0.0     ┆ h7a07914_1            ┆ conda-forge    
 │ │    ┆ 668.19 KiB │
 │ │ │ libopenvino-pytorch-frontend                      ┆                                              ┆ 2026.0.0     ┆ hecca717_1            ┆ conda-forge    
 │ │    ┆   1.13 MiB │
 │ │ │ libopenvino-tensorflow-frontend                   ┆                                              ┆ 2026.0.0     ┆ h78e8023_1            ┆ conda-forge    
 │ │    ┆   1.20 MiB │
 │ │ │ libopenvino-tensorflow-lite-frontend              ┆                                              ┆ 2026.0.0     ┆ hecca717_1            ┆ conda-forge    
 │ │    ┆ 445.88 KiB │
 │ │ │ libopus                                           ┆                                              ┆ 1.6.1        ┆ hebe6cf0_1            ┆ conda-forge    
 │ │    ┆ 322.47 KiB │
 │ │ │ libparu                                           ┆                                              ┆ 1.0.0        ┆ h17147ab_7100102      ┆ conda-forge    
 │ │    ┆  91.03 KiB │
 │ │ │ libpciaccess                                      ┆                                              ┆ 0.19         ┆ hb03c661_1            ┆ conda-forge    
 │ │    ┆  29.37 KiB │
 │ │ │ libplacebo                                        ┆                                              ┆ 7.360.1      ┆ h9eeb4b2_0            ┆ conda-forge    
 │ │    ┆ 536.47 KiB │
 │ │ │ libpng                                            ┆                                              ┆ 1.6.58       ┆ h922cc85_1            ┆ conda-forge    
 │ │    ┆ 309.22 KiB │
 │ │ │ libpq                                             ┆                                              ┆ 18.2         ┆ hb80d175_0            ┆ conda-forge    
 │ │    ┆   2.68 MiB │
 │ │ │ libprotobuf                                       ┆                                              ┆ 6.33.5       ┆ h538a264_2            ┆ conda-forge    
 │ │    ┆   3.50 MiB │
 │ │ │ libpython                                         ┆                                              ┆ 3.12.14      ┆ h0c77377_3_cpython    ┆ conda-forge    
 │ │    ┆   8.36 MiB │
 │ │ │ libraqm                                           ┆                                              ┆ 0.11.0       ┆ h6406941_0            ┆ conda-forge    
 │ │    ┆  33.19 KiB │
 │ │ │ librbio                                           ┆                                              ┆ 4.3.4        ┆ h32481e8_7100102      ┆ conda-forge    
 │ │    ┆  46.50 KiB │
 │ │ │ librsvg                                           ┆                                              ┆ 2.62.3       ┆ h4c96295_0            ┆ conda-forge    
 │ │    ┆   3.32 MiB │
 │ │ │ libsndfile                                        ┆                                              ┆ 1.2.2        ┆ hc7d488a_2            ┆ conda-forge    
 │ │    ┆ 347.28 KiB │
 │ │ │ libspex                                           ┆                                              ┆ 3.2.3        ┆ had10066_7100102      ┆ conda-forge    
 │ │    ┆  78.85 KiB │
 │ │ │ libspqr                                           ┆                                              ┆ 4.3.4        ┆ h852d39f_7100102      ┆ conda-forge    
 │ │    ┆ 213.25 KiB │
 │ │ │ libsqlite                                         ┆                                              ┆ 3.53.4       ┆ h13e7031_1            ┆ conda-forge    
 │ │    ┆ 951.51 KiB │
 │ │ │ libssh2                                           ┆                                              ┆ 1.11.1       ┆ h6154650_1            ┆ conda-forge    
 │ │    ┆ 298.87 KiB │
 │ │ │ libstdcxx-ng                                      ┆                                              ┆ 16.2.0       ┆ hdf11a46_4            ┆ conda-forge    
 │ │    ┆  27.79 KiB │
 │ │ │ libsuitesparseconfig                              ┆                                              ┆ 7.10.1       ┆ h92d6892_7100102      ┆ conda-forge    
 │ │    ┆  42.17 KiB │
 │ │ │ libsystemd0                                       ┆                                              ┆ 261.3        ┆ h26e0ef7_0            ┆ conda-forge    
 │ │    ┆ 574.42 KiB │
 │ │ │ libtheora                                         ┆                                              ┆ 1.1.1        ┆ h4ab18f5_1006         ┆ conda-forge    
 │ │    ┆ 321.21 KiB │
 │ │ │ libtiff                                           ┆                                              ┆ 4.7.2        ┆ hcc2c06a_1            ┆ conda-forge    
 │ │    ┆ 448.98 KiB │
 │ │ │ libudev1                                          ┆                                              ┆ 261.3        ┆ h26e0ef7_0            ┆ conda-forge    
 │ │    ┆ 196.67 KiB │
 │ │ │ libumfpack                                        ┆                                              ┆ 6.3.5        ┆ heb53515_7100102      ┆ conda-forge    
 │ │    ┆ 424.05 KiB │
 │ │ │ libunwind                                         ┆                                              ┆ 1.8.3        ┆ h65a8314_0            ┆ conda-forge    
 │ │    ┆  74.21 KiB │
 │ │ │ liburing                                          ┆                                              ┆ 2.14         ┆ hb700be7_0            ┆ conda-forge    
 │ │    ┆ 150.59 KiB │
 │ │ │ libusb                                            ┆                                              ┆ 1.0.29       ┆ h73b1eb8_0            ┆ conda-forge    
 │ │    ┆  87.45 KiB │
 │ │ │ libuuid                                           ┆                                              ┆ 2.42.3       ┆ hcfc3c73_0            ┆ conda-forge    
 │ │    ┆  39.06 KiB │
 │ │ │ libuv                                             ┆                                              ┆ 1.52.1       ┆ h280c20c_1            ┆ conda-forge    
 │ │    ┆ 410.20 KiB │
 │ │ │ libva                                             ┆                                              ┆ 2.24.1       ┆ hb83e432_1            ┆ conda-forge    
 │ │    ┆ 219.81 KiB │
 │ │ │ libvorbis                                         ┆                                              ┆ 1.3.7        ┆ h54a6638_2            ┆ conda-forge    
 │ │    ┆ 279.19 KiB │
 │ │ │ libvpl                                            ┆                                              ┆ 2.16.0       ┆ h54a6638_0            ┆ conda-forge    
 │ │    ┆ 281.24 KiB │
 │ │ │ libvpx                                            ┆                                              ┆ 1.15.2       ┆ hd2095e1_1            ┆ conda-forge    
 │ │    ┆   1.07 MiB │
 │ │ │ libvulkan-loader                                  ┆                                              ┆ 1.4.357.0    ┆ h0e34353_2            ┆ conda-forge    
 │ │    ┆ 202.11 KiB │
 │ │ │ libwebp-base                                      ┆                                              ┆ 1.6.0        ┆ hd42ef1d_1            ┆ conda-forge    
 │ │    ┆ 418.39 KiB │
 │ │ │ libxcb                                            ┆                                              ┆ 1.17.0       ┆ hb83e432_2            ┆ conda-forge    
 │ │    ┆ 385.86 KiB │
 │ │ │ libxcrypt                                         ┆                                              ┆ 4.4.38       ┆ h280c20c_0            ┆ conda-forge    
 │ │    ┆  99.57 KiB │
 │ │ │ libxkbcommon                                      ┆                                              ┆ 1.13.2       ┆ h51789e4_1            ┆ conda-forge    
 │ │    ┆ 920.48 KiB │
 │ │ │ libxml2                                           ┆                                              ┆ 2.15.4       ┆ h7df9aa5_0            ┆ conda-forge    
 │ │    ┆  45.97 KiB │
 │ │ │ libxml2-16                                        ┆                                              ┆ 2.15.4       ┆ hf3af7cc_0            ┆ conda-forge    
 │ │    ┆ 555.86 KiB │
 │ │ │ libzip                                            ┆                                              ┆ 1.11.2       ┆ h6008cf6_1            ┆ conda-forge    
 │ │    ┆ 109.80 KiB │
 │ │ │ libzlib                                           ┆                                              ┆ 1.3.2        ┆ h25fd6f3_3            ┆ conda-forge    
 │ │    ┆  62.22 KiB │
 │ │ │ loguru                                            ┆                                              ┆ 0.7.3        ┆ pyh707e725_0          ┆ conda-forge    
 │ │    ┆  58.30 KiB │
 │ │ │ lz4-c                                             ┆                                              ┆ 1.10.0       ┆ hee9eb32_2            ┆ conda-forge    
 │ │    ┆ 177.55 KiB │
 │ │ │ matplotlib-base                                   ┆                                              ┆ 3.11.1       ┆ py312h4c94fcb_2       ┆ conda-forge    
 │ │    ┆   8.52 MiB │
 │ │ │ metis                                             ┆                                              ┆ 5.1.0        ┆ hd0bcaf9_1007         ┆ conda-forge    
 │ │    ┆   3.74 MiB │
 │ │ │ mpfr                                              ┆                                              ┆ 4.2.2        ┆ ha2cb11d_1            ┆ conda-forge    
 │ │    ┆ 713.29 KiB │
 │ │ │ mpg123                                            ┆                                              ┆ 1.32.9       ┆ h8142553_0            ┆ conda-forge    
 │ │    ┆ 476.03 KiB │
 │ │ │ msgpack-python                                    ┆                                              ┆ 1.2.2        ┆ py312h9be0db6_2       ┆ conda-forge    
 │ │    ┆ 111.72 KiB │
 │ │ │ multidict                                         ┆                                              ┆ 6.7.1        ┆ py312h8a5da7c_0       ┆ conda-forge    
 │ │    ┆  97.71 KiB │
 │ │ │ munkres                                           ┆                                              ┆ 1.1.4        ┆ pyhd8ed1ab_1          ┆ conda-forge    
 │ │    ┆  15.48 KiB │
 │ │ │ nanoflann                                         ┆                                              ┆ 1.6.1        ┆ hff21bea_0            ┆ conda-forge    
 │ │    ┆  25.31 KiB │
 │ │ │ ncurses                                           ┆                                              ┆ 6.6          ┆ hdb14827_1            ┆ conda-forge    
 │ │    ┆ 889.84 KiB │
 │ │ │ nlohmann_json                                     ┆                                              ┆ 3.12.0       ┆ h54a6638_2            ┆ conda-forge    
 │ │    ┆ 133.18 KiB │
 │ │ │ nspr                                              ┆                                              ┆ 4.40         ┆ h29cc59b_0            ┆ conda-forge    
 │ │    ┆ 225.93 KiB │
 │ │ │ nss                                               ┆                                              ┆ 3.118        ┆ h445c969_0            ┆ conda-forge    
 │ │    ┆   1.96 MiB │
 │ │ │ ocl-icd                                           ┆                                              ┆ 2.3.4        ┆ hb03c661_1            ┆ conda-forge    
 │ │    ┆ 107.03 KiB │
 │ │ │ openblas                                          ┆                                              ┆ 0.3.34       ┆ pthreads_h299a788_2   ┆ conda-forge    
 │ │    ┆   7.23 MiB │
 │ │ │ opencl-headers                                    ┆                                              ┆ 2025.06.13   ┆ hecca717_0            ┆ conda-forge    
 │ │    ┆  54.45 KiB │
 │ │ │ openexr                                           ┆                                              ┆ 3.4.15       ┆ ha9edf89_0            ┆ conda-forge    
 │ │    ┆   1.17 MiB │
 │ │ │ openh264                                          ┆                                              ┆ 2.6.0        ┆ h8c49934_2            ┆ conda-forge    
 │ │    ┆ 719.76 KiB │
 │ │ │ openjpeg                                          ┆                                              ┆ 2.5.4        ┆ heb1ab33_2            ┆ conda-forge    
 │ │    ┆ 382.07 KiB │
 │ │ │ openjph                                           ┆                                              ┆ 0.31.0       ┆ h8d634f6_0            ┆ conda-forge    
 │ │    ┆ 288.27 KiB │
 │ │ │ openldap                                          ┆                                              ┆ 2.6.10       ┆ he970967_0            ┆ conda-forge    
 │ │    ┆ 761.97 KiB │
 │ │ │ openssl                                           ┆                                              ┆ 3.6.4        ┆ h781a0a9_0            ┆ conda-forge    
 │ │    ┆   3.05 MiB │
 │ │ │ packaging                                         ┆                                              ┆ 26.3         ┆ pyhc364b38_0          ┆ conda-forge    
 │ │    ┆ 113.64 KiB │
 │ │ │ pango                                             ┆                                              ┆ 1.58.2       ┆ h7bb47b9_1            ┆ conda-forge    
 │ │    ┆ 460.76 KiB │
 │ │ │ pcre2                                             ┆                                              ┆ 10.47        ┆ h8b3dc9c_1            ┆ conda-forge    
 │ │    ┆   1.16 MiB │
 │ │ │ pep517                                            ┆                                              ┆ 0.13.0       ┆ pyhd8ed1ab_0          ┆ conda-forge    
 │ │    ┆  18.60 KiB │
 │ │ │ pillow                                            ┆                                              ┆ 12.3.0       ┆ py312h38079b3_4       ┆ conda-forge    
 │ │    ┆   1.01 MiB │
 │ │ │ pixman                                            ┆                                              ┆ 0.46.4       ┆ h54a6638_3            ┆ conda-forge    
 │ │    ┆ 367.88 KiB │
 │ │ │ pluggy                                            ┆                                              ┆ 1.6.0        ┆ pyhf9edf01_1          ┆ conda-forge    
 │ │    ┆  25.27 KiB │
 │ │ │ ply                                               ┆                                              ┆ 3.11         ┆ pyhd8ed1ab_3          ┆ conda-forge    
 │ │    ┆  47.90 KiB │
 │ │ │ propcache                                         ┆                                              ┆ 0.5.2        ┆ py312h8a5da7c_0       ┆ conda-forge    
 │ │    ┆  50.38 KiB │
 │ │ │ pthread-stubs                                     ┆                                              ┆ 0.4          ┆ h7cc23a3_1004         ┆ conda-forge    
 │ │    ┆   9.40 KiB │
 │ │ │ pugixml                                           ┆                                              ┆ 1.15         ┆ h3f63f65_0            ┆ conda-forge    
 │ │    ┆ 115.71 KiB │
 │ │ │ pulseaudio-client                                 ┆                                              ┆ 17.0         ┆ h9a6aba3_3            ┆ conda-forge    
 │ │    ┆ 733.19 KiB │
 │ │ │ py-opencv                                         ┆                                              ┆ 4.13.0       ┆ qt6_py312h2638c08_606 ┆ conda-forge    
 │ │    ┆   1.10 MiB │
 │ │ │ pygments                                          ┆                                              ┆ 2.21.0       ┆ pyhcf101f3_0          ┆ conda-forge    
 │ │    ┆ 936.89 KiB │
 │ │ │ pyparsing                                         ┆                                              ┆ 3.3.2        ┆ pyhcf101f3_0          ┆ conda-forge    
 │ │    ┆ 108.29 KiB │
 │ │ │ pyqt                                              ┆                                              ┆ 5.15.11      ┆ py312h82c0db2_2       ┆ conda-forge    
 │ │    ┆   5.04 MiB │
 │ │ │ pyqt-builder                                      ┆                                              ┆ 1.18.2       ┆ pyhd8ed1ab_1          ┆ conda-forge    
 │ │    ┆   2.82 MiB │
 │ │ │ pyqt5-sip                                         ┆                                              ┆ 12.17.0      ┆ py312h1289d80_2       ┆ conda-forge    
 │ │    ┆  83.79 KiB │
 │ │ │ pytest                                            ┆                                              ┆ 9.1.1        ┆ pyhc364b38_2          ┆ conda-forge    
 │ │    ┆ 299.54 KiB │
 │ │ │ python-dateutil                                   ┆                                              ┆ 2.9.0.post0  ┆ pyhe01879c_2          ┆ conda-forge    
 │ │    ┆ 227.84 KiB │
 │ │ │ python_abi                                        ┆                                              ┆ 3.12         ┆ 9_cp312               ┆ conda-forge    
 │ │    ┆   6.59 KiB │
 │ │ │ qhull                                             ┆                                              ┆ 2020.2       ┆ h434a139_5            ┆ conda-forge    
 │ │    ┆ 539.98 KiB │
 │ │ │ qt-main                                           ┆                                              ┆ 5.15.15      ┆ hc240232_7            ┆ conda-forge    
 │ │    ┆  49.99 MiB │
 │ │ │ qt6-main                                          ┆                                              ┆ 6.10.2       ┆ hb82b983_4            ┆ conda-forge    
 │ │    ┆  54.76 MiB │
 │ │ │ rav1e                                             ┆                                              ┆ 0.8.1        ┆ h1fbca29_0            ┆ conda-forge    
 │ │    ┆   5.34 MiB │
 │ │ │ readline                                          ┆                                              ┆ 8.3          ┆ hd6e31c0_1            ┆ conda-forge    
 │ │    ┆ 340.72 KiB │
 │ │ │ rhash                                             ┆                                              ┆ 1.4.6        ┆ hb03c661_2            ┆ conda-forge    
 │ │    ┆ 190.42 KiB │
 │ │ │ ros-humble-ament-cmake                            ┆                                              ┆ 1.3.13       ┆ np2py312h2ed9cc7_15   ┆ robostack-stagi
 │ │ ng ┆  23.07 KiB │
 │ │ │ ros-humble-ament-cmake-core                       ┆                                              ┆ 1.3.13       ┆ np2py312h2ed9cc7_15   ┆ robostack-stagi
 │ │ ng ┆  43.48 KiB │
 │ │ │ ros-humble-ament-cmake-export-definitions         ┆                                              ┆ 1.3.13       ┆ np2py312h2ed9cc7_15   ┆ robostack-stagi
 │ │ ng ┆  21.83 KiB │
 │ │ │ ros-humble-ament-cmake-export-dependencies        ┆                                              ┆ 1.3.13       ┆ np2py312h2ed9cc7_15   ┆ robostack-stagi
 │ │ ng ┆  23.00 KiB │
 │ │ │ ros-humble-ament-cmake-export-include-directories ┆                                              ┆ 1.3.13       ┆ np2py312h2ed9cc7_15   ┆ robostack-stagi
 │ │ ng ┆  22.26 KiB │
 │ │ │ ros-humble-ament-cmake-export-interfaces          ┆                                              ┆ 1.3.13       ┆ np2py312h2ed9cc7_15   ┆ robostack-stagi
 │ │ ng ┆  22.44 KiB │
 │ │ │ ros-humble-ament-cmake-export-libraries           ┆                                              ┆ 1.3.13       ┆ np2py312h2ed9cc7_15   ┆ robostack-stagi
 │ │ ng ┆  23.73 KiB │
 │ │ │ ros-humble-ament-cmake-export-link-flags          ┆                                              ┆ 1.3.13       ┆ np2py312h2ed9cc7_15   ┆ robostack-stagi
 │ │ ng ┆  21.77 KiB │
 │ │ │ ros-humble-ament-cmake-export-targets             ┆                                              ┆ 1.3.13       ┆ np2py312h2ed9cc7_15   ┆ robostack-stagi
 │ │ ng ┆  22.59 KiB │
 │ │ │ ros-humble-ament-cmake-gen-version-h              ┆                                              ┆ 1.3.13       ┆ np2py312h2ed9cc7_15   ┆ robostack-stagi
 │ │ ng ┆  24.53 KiB │
 │ │ │ ros-humble-ament-cmake-gmock                      ┆                                              ┆ 1.3.13       ┆ np2py312h2ed9cc7_15   ┆ robostack-stagi
 │ │ ng ┆  24.13 KiB │
 │ │ │ ros-humble-ament-cmake-gtest                      ┆                                              ┆ 1.3.13       ┆ np2py312h2ed9cc7_15   ┆ robostack-stagi
 │ │ ng ┆  24.34 KiB │
 │ │ │ ros-humble-ament-cmake-include-directories        ┆                                              ┆ 1.3.13       ┆ np2py312h2ed9cc7_15   ┆ robostack-stagi
 │ │ ng ┆  21.71 KiB │
 │ │ │ ros-humble-ament-cmake-libraries                  ┆                                              ┆ 1.3.13       ┆ np2py312h2ed9cc7_15   ┆ robostack-stagi
 │ │ ng ┆  21.44 KiB │
 │ │ │ ros-humble-ament-cmake-pytest                     ┆                                              ┆ 1.3.13       ┆ np2py312h2ed9cc7_15   ┆ robostack-stagi
 │ │ ng ┆  24.55 KiB │
 │ │ │ ros-humble-ament-cmake-python                     ┆                                              ┆ 1.3.13       ┆ np2py312h2ed9cc7_15   ┆ robostack-stagi
 │ │ ng ┆  23.92 KiB │
 │ │ │ ros-humble-ament-cmake-ros                        ┆                                              ┆ 0.10.0       ┆ np2py312h2ed9cc7_15   ┆ robostack-stagi
 │ │ ng ┆  30.42 KiB │
 │ │ │ ros-humble-ament-cmake-target-dependencies        ┆                                              ┆ 1.3.13       ┆ np2py312h2ed9cc7_15   ┆ robostack-stagi
 │ │ ng ┆  23.40 KiB │
 │ │ │ ros-humble-ament-cmake-test                       ┆                                              ┆ 1.3.13       ┆ np2py312h2ed9cc7_15   ┆ robostack-stagi
 │ │ ng ┆  34.96 KiB │
 │ │ │ ros-humble-ament-cmake-version                    ┆                                              ┆ 1.3.13       ┆ np2py312h2ed9cc7_15   ┆ robostack-stagi
 │ │ ng ┆  21.61 KiB │
 │ │ │ ros-humble-ament-index-cpp                        ┆                                              ┆ 1.4.1        ┆ np2py312h2ed9cc7_15   ┆ robostack-stagi
 │ │ ng ┆  45.37 KiB │
 │ │ │ ros-humble-ament-index-python                     ┆                                              ┆ 1.4.1        ┆ np2py312h2ed9cc7_15   ┆ robostack-stagi
 │ │ ng ┆  27.24 KiB │
 │ │ │ ros-humble-ament-package                          ┆                                              ┆ 0.14.2       ┆ np2py312h2ed9cc7_15   ┆ robostack-stagi
 │ │ ng ┆  45.33 KiB │
 │ │ │ ros-humble-builtin-interfaces                     ┆                                              ┆ 1.2.2        ┆ np2py312h2ed9cc7_15   ┆ robostack-stagi
 │ │ ng ┆  74.72 KiB │
 │ │ │ ros-humble-class-loader                           ┆                                              ┆ 2.2.0        ┆ np2py312h2ed9cc7_15   ┆ robostack-stagi
 │ │ ng ┆  70.63 KiB │
 │ │ │ ros-humble-console-bridge-vendor                  ┆                                              ┆ 1.4.1        ┆ np2py312h2ed9cc7_15   ┆ robostack-stagi
 │ │ ng ┆  26.47 KiB │
 │ │ │ ros-humble-domain-coordinator                     ┆                                              ┆ 0.10.0       ┆ np2py312h2ed9cc7_15   ┆ robostack-stagi
 │ │ ng ┆  19.89 KiB │
 │ │ │ ros-humble-fastcdr                                ┆                                              ┆ 1.0.29       ┆ np2py312h2ed9cc7_15   ┆ robostack-stagi
 │ │ ng ┆  65.18 KiB │
 │ │ │ ros-humble-fastrtps-cmake-module                  ┆                                              ┆ 2.2.4        ┆ np2py312h2ed9cc7_15   ┆ robostack-stagi
 │ │ ng ┆  26.60 KiB │
 │ │ │ ros-humble-geometry-msgs                          ┆                                              ┆ 4.9.1        ┆ np2py312h2ed9cc7_15   ┆ robostack-stagi
 │ │ ng ┆ 310.89 KiB │
 │ │ │ ros-humble-gmock-vendor                           ┆                                              ┆ 1.10.9006    ┆ np2py312h2ed9cc7_15   ┆ robostack-stagi
 │ │ ng ┆ 110.81 KiB │
 │ │ │ ros-humble-gtest-vendor                           ┆                                              ┆ 1.10.9006    ┆ np2py312h2ed9cc7_15   ┆ robostack-stagi
 │ │ ng ┆ 195.16 KiB │
 │ │ │ ros-humble-pluginlib                              ┆                                              ┆ 5.1.3        ┆ np2py312h2ed9cc7_15   ┆ robostack-stagi
 │ │ ng ┆ 135.07 KiB │
 │ │ │ ros-humble-python-cmake-module                    ┆                                              ┆ 0.10.0       ┆ np2py312h2ed9cc7_15   ┆ robostack-stagi
 │ │ ng ┆  27.66 KiB │
 │ │ │ ros-humble-python-qt-binding                      ┆                                              ┆ 1.1.3        ┆ np2py312h2ed9cc7_15   ┆ robostack-stagi
 │ │ ng ┆  57.04 KiB │
 │ │ │ ros-humble-qt-gui                                 ┆                                              ┆ 2.2.4        ┆ np2py312h2ed9cc7_15   ┆ robostack-stagi
 │ │ ng ┆ 166.67 KiB │
 │ │ │ ros-humble-rcpputils                              ┆                                              ┆ 2.4.6        ┆ np2py312h2ed9cc7_15   ┆ robostack-stagi
 │ │ ng ┆  76.72 KiB │
 │ │ │ ros-humble-rcutils                                ┆                                              ┆ 5.1.8        ┆ np2py312h2ed9cc7_15   ┆ robostack-stagi
 │ │ ng ┆ 115.04 KiB │
 │ │ │ ros-humble-rmw                                    ┆                                              ┆ 6.1.2        ┆ np2py312h2ed9cc7_15   ┆ robostack-stagi
 │ │ ng ┆  89.59 KiB │
 │ │ │ ros-humble-rosidl-adapter                         ┆                                              ┆ 3.1.8        ┆ np2py312h2ed9cc7_15   ┆ robostack-stagi
 │ │ ng ┆  61.08 KiB │
 │ │ │ ros-humble-rosidl-cli                             ┆                                              ┆ 3.1.8        ┆ np2py312h2ed9cc7_15   ┆ robostack-stagi
 │ │ ng ┆  37.25 KiB │
 │ │ │ ros-humble-rosidl-cmake                           ┆                                              ┆ 3.1.8        ┆ np2py312h2ed9cc7_15   ┆ robostack-stagi
 │ │ ng ┆  40.31 KiB │
 │ │ │ ros-humble-rosidl-default-runtime                 ┆                                              ┆ 1.2.0        ┆ np2py312h2ed9cc7_15   ┆ robostack-stagi
 │ │ ng ┆  30.22 KiB │
 │ │ │ ros-humble-rosidl-generator-c                     ┆                                              ┆ 3.1.8        ┆ np2py312h2ed9cc7_15   ┆ robostack-stagi
 │ │ ng ┆  46.01 KiB │
 │ │ │ ros-humble-rosidl-generator-cpp                   ┆                                              ┆ 3.1.8        ┆ np2py312h2ed9cc7_15   ┆ robostack-stagi
 │ │ ng ┆  48.73 KiB │
 │ │ │ ros-humble-rosidl-generator-py                    ┆                                              ┆ 0.14.6       ┆ np2py312h2ed9cc7_15   ┆ robostack-stagi
 │ │ ng ┆  58.95 KiB │
 │ │ │ ros-humble-rosidl-generator-rs                    ┆                                              ┆ 0.4.11       ┆ np2py312h2ed9cc7_15   ┆ robostack-stagi
 │ │ ng ┆  47.48 KiB │
 │ │ │ ros-humble-rosidl-parser                          ┆                                              ┆ 3.1.8        ┆ np2py312h2ed9cc7_15   ┆ robostack-stagi
 │ │ ng ┆  57.98 KiB │
 │ │ │ ros-humble-rosidl-runtime-c                       ┆                                              ┆ 3.1.8        ┆ np2py312h2ed9cc7_15   ┆ robostack-stagi
 │ │ ng ┆  47.38 KiB │
 │ │ │ ros-humble-rosidl-runtime-cpp                     ┆                                              ┆ 3.1.8        ┆ np2py312h2ed9cc7_15   ┆ robostack-stagi
 │ │ ng ┆  35.29 KiB │
 │ │ │ ros-humble-rosidl-typesupport-c                   ┆                                              ┆ 2.0.2        ┆ np2py312h2ed9cc7_15   ┆ robostack-stagi
 │ │ ng ┆  48.25 KiB │
 │ │ │ ros-humble-rosidl-typesupport-cpp                 ┆                                              ┆ 2.0.2        ┆ np2py312h2ed9cc7_15   ┆ robostack-stagi
 │ │ ng ┆  47.60 KiB │
 │ │ │ ros-humble-rosidl-typesupport-fastrtps-c          ┆                                              ┆ 2.2.4        ┆ np2py312h2ed9cc7_15   ┆ robostack-stagi
 │ │ ng ┆  47.87 KiB │
 │ │ │ ros-humble-rosidl-typesupport-fastrtps-cpp        ┆                                              ┆ 2.2.4        ┆ np2py312h2ed9cc7_15   ┆ robostack-stagi
 │ │ ng ┆  50.11 KiB │
 │ │ │ ros-humble-rosidl-typesupport-interface           ┆                                              ┆ 3.1.8        ┆ np2py312h2ed9cc7_15   ┆ robostack-stagi
 │ │ ng ┆  28.40 KiB │
 │ │ │ ros-humble-rosidl-typesupport-introspection-c     ┆                                              ┆ 3.1.8        ┆ np2py312h2ed9cc7_15   ┆ robostack-stagi
 │ │ ng ┆  45.49 KiB │
 │ │ │ ros-humble-rosidl-typesupport-introspection-cpp   ┆                                              ┆ 3.1.8        ┆ np2py312h2ed9cc7_15   ┆ robostack-stagi
 │ │ ng ┆  45.81 KiB │
 │ │ │ ros-humble-rpyutils                               ┆                                              ┆ 0.2.2        ┆ np2py312h2ed9cc7_15   ┆ robostack-stagi
 │ │ ng ┆  25.03 KiB │
 │ │ │ ros-humble-sensor-msgs                            ┆                                              ┆ 4.9.1        ┆ np2py312h2ed9cc7_15   ┆ robostack-stagi
 │ │ ng ┆ 440.86 KiB │
 │ │ │ ros-humble-std-msgs                               ┆                                              ┆ 4.9.1        ┆ np2py312h2ed9cc7_15   ┆ robostack-stagi
 │ │ ng ┆ 282.91 KiB │
 │ │ │ ros-humble-tango-icons-vendor                     ┆                                              ┆ 0.1.1        ┆ np2py312h2ed9cc7_15   ┆ robostack-stagi
 │ │ ng ┆  25.87 KiB │
 │ │ │ ros-humble-tinyxml2-vendor                        ┆                                              ┆ 0.7.7        ┆ np2py312h2ed9cc7_15   ┆ robostack-stagi
 │ │ ng ┆  24.30 KiB │
 │ │ │ sdl2                                              ┆                                              ┆ 2.32.56      ┆ h54a6638_0            ┆ conda-forge    
 │ │    ┆ 575.34 KiB │
 │ │ │ sdl3                                              ┆                                              ┆ 3.4.16       ┆ h5330f5c_0            ┆ conda-forge    
 │ │    ┆   2.05 MiB │
 │ │ │ setuptools                                        ┆                                              ┆ 84.0.0       ┆ pyh332efcf_0          ┆ conda-forge    
 │ │    ┆ 512.20 KiB │
 │ │ │ shaderc                                           ┆                                              ┆ 2026.2       ┆ h718be3e_0            ┆ conda-forge    
 │ │    ┆ 111.02 KiB │
 │ │ │ sip                                               ┆                                              ┆ 6.10.0       ┆ py312h1289d80_1       ┆ conda-forge    
 │ │    ┆ 664.93 KiB │
 │ │ │ six                                               ┆                                              ┆ 1.17.0       ┆ pyhe01879c_1          ┆ conda-forge    
 │ │    ┆  18.02 KiB │
 │ │ │ snappy                                            ┆                                              ┆ 1.2.2        ┆ h03e3b7b_1            ┆ conda-forge    
 │ │    ┆  44.75 KiB │
 │ │ │ spirv-tools                                       ┆                                              ┆ 2026.3       ┆ h7148c6a_1            ┆ conda-forge    
 │ │    ┆   2.27 MiB │
 │ │ │ suitesparse                                       ┆                                              ┆ 7.10.1       ┆ ha0f6916_7100102      ┆ conda-forge    
 │ │    ┆  11.99 KiB │
 │ │ │ svt-av1                                           ┆                                              ┆ 4.0.1        ┆ hecca717_0            ┆ conda-forge    
 │ │    ┆   2.50 MiB │
 │ │ │ tbb                                               ┆                                              ┆ 2023.1.0     ┆ hfd44327_0            ┆ conda-forge    
 │ │    ┆ 182.90 KiB │
 │ │ │ tbb-devel                                         ┆                                              ┆ 2023.1.0     ┆ hfd44327_0            ┆ conda-forge    
 │ │    ┆   1.10 MiB │
 │ │ │ tinyxml2                                          ┆                                              ┆ 11.0.0       ┆ h3f2d84a_0            ┆ conda-forge    
 │ │    ┆ 128.27 KiB │
 │ │ │ tk                                                ┆                                              ┆ 8.6.13       ┆ noxft_h1df4ec4_4      ┆ conda-forge    
 │ │    ┆   3.40 MiB │
 │ │ │ toml                                              ┆                                              ┆ 0.10.2       ┆ pyhcf101f3_3          ┆ conda-forge    
 │ │    ┆  23.45 KiB │
 │ │ │ tomli                                             ┆                                              ┆ 2.4.1        ┆ pyhcf101f3_0          ┆ conda-forge    
 │ │    ┆  21.06 KiB │
 │ │ │ typing_extensions                                 ┆                                              ┆ 4.16.0       ┆ pyhcf101f3_0          ┆ conda-forge    
 │ │    ┆  51.40 KiB │
 │ │ │ tzdata                                            ┆                                              ┆ 2026c        ┆ h151e31d_0            ┆ conda-forge    
 │ │    ┆ 116.06 KiB │
 │ │ │ unicodedata2                                      ┆                                              ┆ 17.0.1       ┆ py312h5cc1888_1       ┆ conda-forge    
 │ │    ┆ 404.32 KiB │
 │ │ │ utfcpp                                            ┆                                              ┆ 4.09         ┆ ha770c72_0            ┆ conda-forge    
 │ │    ┆  13.89 KiB │
 │ │ │ viskores                                          ┆                                              ┆ 1.1.1        ┆ cpu_hc82bd48_1        ┆ conda-forge    
 │ │    ┆  23.96 MiB │
 │ │ │ vtk                                               ┆                                              ┆ 9.5.2        ┆ py312h244374b_7       ┆ conda-forge    
 │ │    ┆  24.99 KiB │
 │ │ │ vtk-io-ffmpeg                                     ┆                                              ┆ 9.5.2        ┆ py312hcdbd8b1_7       ┆ conda-forge    
 │ │    ┆ 105.84 KiB │
 │ │ │ wayland                                           ┆                                              ┆ 1.26.0       ┆ hc1c935e_2            ┆ conda-forge    
 │ │    ┆ 332.09 KiB │
 │ │ │ wayland-protocols                                 ┆                                              ┆ 1.49         ┆ hd8ed1ab_0            ┆ conda-forge    
 │ │    ┆ 144.49 KiB │
 │ │ │ wheel                                             ┆                                              ┆ 0.48.0       ┆ pyhd8ed1ab_0          ┆ conda-forge    
 │ │    ┆  33.72 KiB │
 │ │ │ wslink                                            ┆                                              ┆ 2.5.7        ┆ pyhd8ed1ab_0          ┆ conda-forge    
 │ │    ┆  35.94 KiB │
 │ │ │ x264                                              ┆                                              ┆ 1!164.3095   ┆ h7cc23a3_3            ┆ conda-forge    
 │ │    ┆ 690.57 KiB │
 │ │ │ x265                                              ┆                                              ┆ 3.5          ┆ h73f68a7_4            ┆ conda-forge    
 │ │    ┆   2.13 MiB │
 │ │ │ xcb-util                                          ┆                                              ┆ 0.4.1        ┆ h4f16b4b_2            ┆ conda-forge    
 │ │    ┆  20.29 KiB │
 │ │ │ xcb-util-cursor                                   ┆                                              ┆ 0.1.6        ┆ hb03c661_0            ┆ conda-forge    
 │ │    ┆  20.34 KiB │
 │ │ │ xcb-util-image                                    ┆                                              ┆ 0.4.0        ┆ hb711507_2            ┆ conda-forge    
 │ │    ┆  23.98 KiB │
 │ │ │ xcb-util-keysyms                                  ┆                                              ┆ 0.4.1        ┆ hb711507_0            ┆ conda-forge    
 │ │    ┆  13.98 KiB │
 │ │ │ xcb-util-renderutil                               ┆                                              ┆ 0.3.10       ┆ hb711507_0            ┆ conda-forge    
 │ │    ┆  16.58 KiB │
 │ │ │ xcb-util-wm                                       ┆                                              ┆ 0.4.2        ┆ hb711507_0            ┆ conda-forge    
 │ │    ┆  50.48 KiB │
 │ │ │ xkeyboard-config                                  ┆                                              ┆ 2.48         ┆ h280c20c_0            ┆ conda-forge    
 │ │    ┆ 431.32 KiB │
 │ │ │ xorg-libice                                       ┆                                              ┆ 1.1.2        ┆ h280c20c_0            ┆ conda-forge    
 │ │    ┆  61.05 KiB │
 │ │ │ xorg-libsm                                        ┆                                              ┆ 1.2.6        ┆ h0d788c3_1            ┆ conda-forge    
 │ │    ┆  30.02 KiB │
 │ │ │ xorg-libx11                                       ┆                                              ┆ 1.8.13       ┆ he1eb515_1            ┆ conda-forge    
 │ │    ┆ 819.90 KiB │
 │ │ │ xorg-libxau                                       ┆                                              ┆ 1.0.12       ┆ h7cc23a3_2            ┆ conda-forge    
 │ │    ┆  18.35 KiB │
 │ │ │ xorg-libxcomposite                                ┆                                              ┆ 0.4.7        ┆ hb03c661_0            ┆ conda-forge    
 │ │    ┆  14.08 KiB │
 │ │ │ xorg-libxcursor                                   ┆                                              ┆ 1.2.3        ┆ hb9d3cd8_0            ┆ conda-forge    
 │ │    ┆  31.77 KiB │
 │ │ │ xorg-libxdamage                                   ┆                                              ┆ 1.1.6        ┆ hb9d3cd8_0            ┆ conda-forge    
 │ │    ┆  12.91 KiB │
 │ │ │ xorg-libxdmcp                                     ┆                                              ┆ 1.1.5        ┆ hb03c661_2            ┆ conda-forge    
 │ │    ┆  20.62 KiB │
 │ │ │ xorg-libxext                                      ┆                                              ┆ 1.3.7        ┆ h7cc23a3_1            ┆ conda-forge    
 │ │    ┆  51.88 KiB │
 │ │ │ xorg-libxfixes                                    ┆                                              ┆ 6.0.2        ┆ h7cc23a3_1            ┆ conda-forge    
 │ │    ┆  20.94 KiB │
 │ │ │ xorg-libxi                                        ┆                                              ┆ 1.8.3        ┆ h7cc23a3_1            ┆ conda-forge    
 │ │    ┆  48.01 KiB │
 │ │ │ xorg-libxrandr                                    ┆                                              ┆ 1.5.5        ┆ h7cc23a3_1            ┆ conda-forge    
 │ │    ┆  30.38 KiB │
 │ │ │ xorg-libxrender                                   ┆                                              ┆ 0.9.12       ┆ hb03c661_1            ┆ conda-forge    
 │ │    ┆  33.83 KiB │
 │ │ │ xorg-libxscrnsaver                                ┆                                              ┆ 1.2.4        ┆ hb9d3cd8_0            ┆ conda-forge    
 │ │    ┆  14.07 KiB │
 │ │ │ xorg-libxshmfence                                 ┆                                              ┆ 1.3.3        ┆ hb9d3cd8_0            ┆ conda-forge    
 │ │    ┆  12.01 KiB │
 │ │ │ xorg-libxtst                                      ┆                                              ┆ 1.2.5        ┆ h7cc23a3_4            ┆ conda-forge    
 │ │    ┆  34.23 KiB │
 │ │ │ xorg-libxxf86vm                                   ┆                                              ┆ 1.1.7        ┆ hb03c661_0            ┆ conda-forge    
 │ │    ┆  18.26 KiB │
 │ │ │ xorg-xorgproto                                    ┆                                              ┆ 2025.1       ┆ hebe6cf0_3            ┆ conda-forge    
 │ │    ┆ 582.36 KiB │
 │ │ │ yarl                                              ┆                                              ┆ 1.24.5       ┆ py312h8a5da7c_0       ┆ conda-forge    
 │ │    ┆ 167.27 KiB │
 │ │ │ zfp                                               ┆                                              ┆ 1.0.1        ┆ h79e284d_6            ┆ conda-forge    
 │ │    ┆ 257.10 KiB │
 │ │ │ zipp                                              ┆                                              ┆ 4.1.0        ┆ pyhcf101f3_0          ┆ conda-forge    
 │ │    ┆  23.62 KiB │
 │ │ │ zlib-ng                                           ┆                                              ┆ 2.3.3        ┆ hce19668_1            ┆ conda-forge    
 │ │    ┆ 121.05 KiB │
 │ │ │ zstd                                              ┆                                              ┆ 1.5.7        ┆ hb78ec9c_7            ┆ conda-forge    
 │ │    ┆ 587.21 KiB │
 │ │ ╰───────────────────────────────────────────────────┴──────────────────────────────────────────────┴──────────────┴───────────────────────┴────────────────
 │ │ ───┴────────────╯
 │ │ 
 │ │ Run dependencies:
 │ │ ╭──────────────────────────┬────────────────────────────────────────────────────╮
 │ │ │ Name                     ┆ Spec                                               │
 │ │ ╞══════════════════════════╪════════════════════════════════════════════════════╡
 │ │ │ Run dependencies         ┆                                                    │
 │ │ │ __glibc                  ┆ >=2.17,<3.0.a0 (RE of [build: sysroot_linux-64])   │
 │ │ │ libboost                 ┆ >=1.88.0,<1.89.0a0 (RE of [host: libboost-devel])  │
 │ │ │ libboost-devel           ┆ *                                                  │
 │ │ │ libgcc                   ┆ >=14 (RE of [build: gcc_linux-64])                 │
 │ │ │                          ┆ >=14 (RE of [build: gxx_linux-64])                 │
 │ │ │ libgl                    ┆ >=1.7.0,<2.0a0 (RE of [host: libgl-devel])         │
 │ │ │ libgl-devel              ┆ *                                                  │
 │ │ │ libopengl                ┆ >=1.7.0,<2.0a0 (RE of [host: libopengl-devel])     │
 │ │ │ libopengl-devel          ┆ *                                                  │
 │ │ │ libsqlite                ┆ >=3.53.4,<4.0a0 (RE of [host: sqlite])             │
 │ │ │ libstdcxx                ┆ >=14 (RE of [build: gxx_linux-64])                 │
 │ │ │ libzlib                  ┆ >=1.3.2,<2.0a0 (RE of [host: zlib])                │
 │ │ │ numpy                    ┆ >=1.25,<3 (RE of [host: numpy])                    │
 │ │ │ octomap                  ┆ *                                                  │
 │ │ │                          ┆ >=1.10.0,<1.11.0a0 (RE of [host: octomap])         │
 │ │ │ pcl                      ┆ *                                                  │
 │ │ │                          ┆ >=1.15.1,<1.15.2.0a0 (RE of [host: pcl])           │
 │ │ │ proj                     ┆ >=9.7.1,<9.8.0a0 (RE of [host: proj])              │
 │ │ │ python                   ┆ *                                                  │
 │ │ │ python_abi               ┆ 3.12.* *_cp312 (RE of [host: python])              │
 │ │ │ ros-humble-cv-bridge     ┆ *                                                  │
 │ │ │ ros-humble-gtsam         ┆ *                                                  │
 │ │ │ ros-humble-libg2o        ┆ *                                                  │
 │ │ │ ros-humble-qt-gui-cpp    ┆ *                                                  │
 │ │ │ ros-humble-ros-workspace ┆ *                                                  │
 │ │ │ ros2-distro-mutex        ┆ 0.8.* humble_*                                     │
 │ │ │                          ┆ >=0.8.0,<0.9.0a0 (RE of [host: ros2-distro-mutex]) │
 │ │ │ sqlite                   ┆ *                                                  │
 │ │ │ vtk-base                 ┆ *                                                  │
 │ │ │                          ┆ >=9.5.2,<9.5.3.0a0 (RE of [host: vtk-base])        │
 │ │ │ zlib                     ┆ *                                                  │
 │ │ ╰──────────────────────────┴────────────────────────────────────────────────────╯
 │ │ 
 │ │ ⚠ warning Warnings:
 │ │ ⚠ warning Overlinking against "lib/libopencv_core.so.4.13.0" for "bin/rtabmap-rgbd_dataset"
 │ │ ⚠ warning Overlinking against "lib/libopencv_imgcodecs.so.4.13.0" for "bin/rtabmap-reprocess"
 │ │ ⚠ warning Overlinking against "lib/libopencv_core.so.4.13.0" for "bin/rtabmap-reprocess"
 │ │ ⚠ warning Overlinking against "lib/libopencv_videoio.so.4.13.0" for "bin/rtabmap-rgbd_camera"
 │ │ ⚠ warning Overlinking against "lib/libopencv_highgui.so.4.13.0" for "bin/rtabmap-rgbd_camera"
 │ │ ⚠ warning Overlinking against "lib/libopencv_imgcodecs.so.4.13.0" for "bin/rtabmap-rgbd_camera"
 │ │ ⚠ warning Overlinking against "lib/libopencv_imgproc.so.4.13.0" for "bin/rtabmap-rgbd_camera"
 │ │ ⚠ warning Overlinking against "lib/libopencv_core.so.4.13.0" for "bin/rtabmap-rgbd_camera"
 │ │ ⚠ warning Overlinking against "lib/libopencv_core.so.4.13.0" for "bin/rtabmap-report"
 │ │ ⚠ warning Overlinking against "lib/libopencv_core.so.4.13.0" for "bin/rtabmap-odometryViewer"
 │ │ ⚠ warning Overlinking against "lib/libQt6Core.so.6.10.2" for "bin/rtabmap-odometryViewer"
 │ │ ⚠ warning Overlinking against "lib/libQt6Widgets.so.6.10.2" for "bin/rtabmap-odometryViewer"
 │ │ ⚠ warning Overlinking against "lib/libopencv_core.so.4.13.0" for "bin/rtabmap-detectMoreLoopClosures"
 │ │ ⚠ warning Overlinking against "lib/libopencv_core.so.4.13.0" for "bin/rtabmap-euroc_dataset"
 │ │ ⚠ warning Overlinking against "libyaml-cpp.so.0.8" for "bin/rtabmap-euroc_dataset"
 │ │ ⚠ warning Overlinking against "lib/libopencv_core.so.4.13.0" for "bin/rtabmap-console"
 │ │ ⚠ warning Overlinking against "lib/libopencv_imgcodecs.so.4.13.0" for "bin/rtabmap-console"
 │ │ ⚠ warning Overlinking against "lib/libQt6Widgets.so.6.10.2" for "bin/rtabmap-calibration"
 │ │ ⚠ warning Overlinking against "lib/libopencv_core.so.4.13.0" for "bin/rtabmap-calibration"
 │ │ ⚠ warning Overlinking against "lib/libQt6Core.so.6.10.2" for "bin/rtabmap-calibration"
 │ │ ⚠ warning Overlinking against "lib/libQt6Core.so.6.10.2" for "bin/rtabmap-dataRecorder"
 │ │ ⚠ warning Overlinking against "lib/libQt6Widgets.so.6.10.2" for "bin/rtabmap-dataRecorder"
 │ │ ⚠ warning Overlinking against "lib/libopencv_core.so.4.13.0" for "bin/rtabmap-camera"
 │ │ ⚠ warning Overlinking against "lib/libopencv_highgui.so.4.13.0" for "bin/rtabmap-camera"
 │ │ ⚠ warning Overlinking against "lib/libQt6Widgets.so.6.10.2" for "bin/rtabmap-databaseViewer"
 │ │ ⚠ warning Overlinking against "lib/libQt6Gui.so.6.10.2" for "bin/rtabmap-databaseViewer"
 │ │ ⚠ warning Overlinking against "lib/libQt6Core.so.6.10.2" for "bin/rtabmap-databaseViewer"
 │ │ ⚠ warning Overlinking against "lib/libQt6Core.so.6.10.2" for "bin/rtabmap"
 │ │ ⚠ warning Overlinking against "lib/libQt6Widgets.so.6.10.2" for "bin/rtabmap"
 │ │ ⚠ warning Overlinking against "lib/libQt6Gui.so.6.10.2" for "bin/rtabmap"
 │ │ ⚠ warning Overlinking against "lib/libopencv_core.so.4.13.0" for "bin/rtabmap-globalBundleAdjustment"
 │ │ ⚠ warning Overlinking against "lib/libopencv_imgcodecs.so.4.13.0" for "lib/librtabmap_gui.so.0.22.1"
 │ │ ⚠ warning Overlinking against "lib/libQt6Core.so.6.10.2" for "lib/librtabmap_gui.so.0.22.1"
 │ │ ⚠ warning Overlinking against "lib/libopencv_imgproc.so.4.13.0" for "lib/librtabmap_gui.so.0.22.1"
 │ │ ⚠ warning Overlinking against "lib/libQt6PrintSupport.so.6.10.2" for "lib/librtabmap_gui.so.0.22.1"
 │ │ ⚠ warning Overlinking against "lib/libopencv_core.so.4.13.0" for "lib/librtabmap_gui.so.0.22.1"
 │ │ ⚠ warning Overlinking against "lib/libQt6Gui.so.6.10.2" for "lib/librtabmap_gui.so.0.22.1"
 │ │ ⚠ warning Overlinking against "lib/libopencv_calib3d.so.4.13.0" for "lib/librtabmap_gui.so.0.22.1"
 │ │ ⚠ warning Overlinking against "lib/libopencv_objdetect.so.4.13.0" for "lib/librtabmap_gui.so.0.22.1"
 │ │ ⚠ warning Overlinking against "lib/libQt6Svg.so.6.10.2" for "lib/librtabmap_gui.so.0.22.1"
 │ │ ⚠ warning Overlinking against "lib/libQt6OpenGLWidgets.so.6.10.2" for "lib/librtabmap_gui.so.0.22.1"
 │ │ ⚠ warning Overlinking against "lib/libQt6Widgets.so.6.10.2" for "lib/librtabmap_gui.so.0.22.1"
 │ │ ⚠ warning Overlinking against "lib/libopencv_imgcodecs.so.4.13.0" for "bin/rtabmap-export"
 │ │ ⚠ warning Overlinking against "lib/libopencv_imgproc.so.4.13.0" for "bin/rtabmap-export"
 │ │ ⚠ warning Overlinking against "lib/libopencv_core.so.4.13.0" for "bin/rtabmap-export"
 │ │ ⚠ warning Overlinking against "lib/libgtsam.so.4.2.0" for "lib/librtabmap_core.so.0.22.1"
 │ │ ⚠ warning Overlinking against "lib/libopencv_stitching.so.4.13.0" for "lib/librtabmap_core.so.0.22.1"
 │ │ ⚠ warning Overlinking against "lib/libopencv_objdetect.so.4.13.0" for "lib/librtabmap_core.so.0.22.1"
 │ │ ⚠ warning Overlinking against "lib/libopenblasp-r0.3.34.so" for "lib/librtabmap_core.so.0.22.1"
 │ │ ⚠ warning Overlinking against "lib/libopencv_video.so.4.13.0" for "lib/librtabmap_core.so.0.22.1"
 │ │ ⚠ warning Overlinking against "lib/libopencv_features2d.so.4.13.0" for "lib/librtabmap_core.so.0.22.1"
 │ │ ⚠ warning Overlinking against "lib/libopencv_photo.so.4.13.0" for "lib/librtabmap_core.so.0.22.1"
 │ │ ⚠ warning Overlinking against "lib/libcholmod.so.5.3.1" for "lib/librtabmap_core.so.0.22.1"
 │ │ ⚠ warning Overlinking against "lib/libtbb.so.12.19" for "lib/librtabmap_core.so.0.22.1"
 │ │ ⚠ warning Overlinking against "lib/libcxsparse.so.4.4.1" for "lib/librtabmap_core.so.0.22.1"
 │ │ ⚠ warning Overlinking against "lib/libgomp.so.1.0.0" for "lib/librtabmap_core.so.0.22.1"
 │ │ ⚠ warning Overlinking against "lib/libopencv_calib3d.so.4.13.0" for "lib/librtabmap_core.so.0.22.1"
 │ │ ⚠ warning Overlinking against "lib/libopencv_aruco.so.4.13.0" for "lib/librtabmap_core.so.0.22.1"
 │ │ ⚠ warning Overlinking against "lib/libopencv_videoio.so.4.13.0" for "lib/librtabmap_core.so.0.22.1"
 │ │ ⚠ warning Overlinking against "lib/libopencv_imgproc.so.4.13.0" for "lib/librtabmap_core.so.0.22.1"
 │ │ ⚠ warning Overlinking against "lib/libopencv_core.so.4.13.0" for "lib/librtabmap_core.so.0.22.1"
 │ │ ⚠ warning Overlinking against "lib/libopencv_imgcodecs.so.4.13.0" for "lib/librtabmap_core.so.0.22.1"
 │ │ ⚠ warning Overlinking against "lib/libopencv_xfeatures2d.so.4.13.0" for "lib/librtabmap_core.so.0.22.1"
 │ │ ⚠ warning Overlinking against "lib/libopencv_core.so.4.13.0" for "bin/rtabmap-cleanupLocalGrids"
 │ │ ⚠ warning Overlinking against "lib/libopencv_highgui.so.4.13.0" for "bin/rtabmap-lidar_viewer"
 │ │ ⚠ warning Overlinking against "lib/libopencv_core.so.4.13.0" for "bin/rtabmap-lidar_viewer"
 │ │ ⚠ warning Overlinking against "lib/libopencv_core.so.4.13.0" for "bin/rtabmap-info"
 │ │ ⚠ warning Overlinking against "lib/libopencv_core.so.4.13.0" for "bin/rtabmap-kitti_dataset"
 │ │ ⚠ warning Overlinking against "lib/libopencv_imgcodecs.so.4.13.0" for "bin/rtabmap-kitti_dataset"
 │ │ ⚠ warning Overdepending against proj
 │ │ ⚠ warning Overdepending against libboost
 │ │ ⚠ warning Overdepending against libgl
 │ │ Artifact: /home/ubuntu/work/output/linux-64/ros-humble-rtabmap-0.22.1-np2py312h2ed9cc7_18.conda (6.06 MiB)
 │ │
 │ ╰─────────────────── (took 0 seconds)
 │
 ╰─────────────────── (took 0 seconds)
