 rattler-build 0.76.0
 No configuration file loaded
 Processing recipe at path: /home/ubuntu/work/ros-humble/recipes/ros-humble-rtabmap-msgs/recipe.yaml

 ╭─ Finding outputs from recipe
 │ Loading variant config from: conda_build_config.yaml
 │ Found 1 variants
 │ 
 │ Build variant: ros-humble-rtabmap-msgs-0.22.1-np2py312h2ed9cc7_18
 │ 
 │ ╭──────────────────────┬────────────────────╮
 │ │ Variant              ┆ Version            │
 │ ╞══════════════════════╪════════════════════╡
 │ │ build_platform       ┆ "linux-64"         │
 │ │ c_compiler           ┆ "gcc"              │
 │ │ c_compiler_version   ┆ "14"               │
 │ │ c_stdlib             ┆ "sysroot"          │
 │ │ c_stdlib_version     ┆ "2.17"             │
 │ │ cmake                ┆ "3.*"              │
 │ │ cxx_compiler         ┆ "gxx"              │
 │ │ cxx_compiler_version ┆ "14"               │
 │ │ numpy                ┆ "2"                │
 │ │ python               ┆ "3.12.* *_cpython" │
 │ │ target_platform      ┆ "linux-64"         │
 │ ╰──────────────────────┴────────────────────╯
 │
 ╰─────────────────── (took 0 seconds)
 Starting build of 1 outputs

 ╭─ Running build for recipe: ros-humble-rtabmap-msgs-0.22.1-np2py312h2ed9cc7_18
 │
 │ ╭─ Fetching source code
 │ │ Fetching source from git repo: https://github.com/introlab/rtabmap_ros-release.git
 │ │ Fetching git repository: https://github.com/introlab/rtabmap_ros-release.git
 │ │
 │ ╰─────────────────── (took 1 second)
 │
 │ ╭─ Resolving build environment
 │ │   Platform: linux-64 [__unix=0=0, __linux=6.8.0=0, __glibc=2.35=0, __archspec=1=icelake]
 │ │   Channels: 
 │ │    - file:///home/ubuntu/work/output/
 │ │    - file:///home/ubuntu/work/output/
 │ │    - https://prefix.dev/conda-forge/
 │ │    - robostack-staging
 │ │   Specs:
 │ │    - gxx_linux-64 14.*
 │ │    - gcc_linux-64 14.*
 │ │    - sysroot_linux-64 2.17.*
 │ │    - ninja
 │ │    - python 3.12.* *_cpython
 │ │    - setuptools
 │ │    - git
 │ │    - git-lfs
 │ │    - patch
 │ │    - make
 │ │    - coreutils
 │ │    - cmake 3.*
 │ │    - cython
 │ │ 
 │ │ ╭──────────────────────────┬──────────────┬──────────────────────┬─────────────┬────────────╮
 │ │ │ Package                  ┆ Version      ┆ Build                ┆ Channel     ┆       Size │
 │ │ ╞══════════════════════════╪══════════════╪══════════════════════╪═════════════╪════════════╡
 │ │ │ _openmp_mutex            ┆ 4.5          ┆ 20_gnu               ┆ conda-forge ┆  28.27 KiB │
 │ │ │ binutils_impl_linux-64   ┆ 2.46.1       ┆ default_hfdba357_102 ┆ conda-forge ┆   3.54 MiB │
 │ │ │ binutils_linux-64        ┆ 2.46.1       ┆ default_h4852527_102 ┆ conda-forge ┆  35.49 KiB │
 │ │ │ bzip2                    ┆ 1.0.8        ┆ hda65f42_10          ┆ conda-forge ┆ 251.77 KiB │
 │ │ │ c-ares                   ┆ 1.34.8       ┆ hebe6cf0_2           ┆ conda-forge ┆ 223.34 KiB │
 │ │ │ ca-certificates          ┆ 2026.7.22    ┆ hbd8a1cb_0           ┆ conda-forge ┆ 128.69 KiB │
 │ │ │ cmake                    ┆ 3.31.8       ┆ hc85cc9f_0           ┆ conda-forge ┆  20.02 MiB │
 │ │ │ coreutils                ┆ 9.11         ┆ h280c20c_0           ┆ conda-forge ┆   3.27 MiB │
 │ │ │ cython                   ┆ 3.3.0        ┆ py312h03570ca_0      ┆ conda-forge ┆   3.83 MiB │
 │ │ │ gcc_impl_linux-64        ┆ 14.4.0       ┆ heaf7ae8_4           ┆ conda-forge ┆  73.68 MiB │
 │ │ │ gcc_linux-64             ┆ 14.4.0       ┆ hc469d41_1           ┆ conda-forge ┆  29.09 KiB │
 │ │ │ git                      ┆ 2.55.0       ┆ pl5321h3795e67_2     ┆ conda-forge ┆  11.23 MiB │
 │ │ │ git-lfs                  ┆ 3.8.0        ┆ h2c09266_0           ┆ conda-forge ┆   4.83 MiB │
 │ │ │ gxx_impl_linux-64        ┆ 14.4.0       ┆ hc436dd5_4           ┆ conda-forge ┆  15.13 MiB │
 │ │ │ gxx_linux-64             ┆ 14.4.0       ┆ he93183a_1           ┆ conda-forge ┆  27.50 KiB │
 │ │ │ icu                      ┆ 78.3         ┆ py310h44b86e0_2      ┆ conda-forge ┆  13.79 MiB │
 │ │ │ kernel-headers_linux-64  ┆ 3.10.0       ┆ he073ed8_18          ┆ conda-forge ┆ 921.37 KiB │
 │ │ │ keyutils                 ┆ 1.6.3        ┆ h7cc23a3_1           ┆ conda-forge ┆ 132.12 KiB │
 │ │ │ krb5                     ┆ 1.22.2       ┆ hbc21106_2           ┆ conda-forge ┆   1.33 MiB │
 │ │ │ ld_impl_linux-64         ┆ 2.46.1       ┆ default_hbd61a6d_102 ┆ conda-forge ┆ 727.83 KiB │
 │ │ │ libcurl                  ┆ 8.22.0       ┆ ha042cf0_0           ┆ conda-forge ┆ 487.94 KiB │
 │ │ │ libedit                  ┆ 3.1.20250104 ┆ pl5321h373387f_1     ┆ conda-forge ┆ 131.93 KiB │
 │ │ │ libev                    ┆ 4.33         ┆ h280c20c_3           ┆ conda-forge ┆  42.21 KiB │
 │ │ │ libexpat                 ┆ 2.8.1        ┆ hecca717_1           ┆ conda-forge ┆  76.03 KiB │
 │ │ │ libffi                   ┆ 3.7.0        ┆ h81df57d_1           ┆ conda-forge ┆  66.41 KiB │
 │ │ │ libgcc                   ┆ 16.2.0       ┆ ha9f2e26_4           ┆ conda-forge ┆   1.01 MiB │
 │ │ │ libgcc-devel_linux-64    ┆ 14.4.0       ┆ hd9a9cd0_104         ┆ conda-forge ┆   2.95 MiB │
 │ │ │ libgomp                  ┆ 16.2.0       ┆ he0feb66_4           ┆ conda-forge ┆ 624.97 KiB │
 │ │ │ libiconv                 ┆ 1.18         ┆ h0cb94f2_3           ┆ conda-forge ┆ 770.97 KiB │
 │ │ │ liblzma                  ┆ 5.8.3        ┆ hb03c661_1           ┆ conda-forge ┆ 110.35 KiB │
 │ │ │ libnghttp2               ┆ 1.68.1       ┆ h74cf4be_1           ┆ conda-forge ┆ 634.74 KiB │
 │ │ │ libnsl                   ┆ 2.0.1        ┆ hb9d3cd8_1           ┆ conda-forge ┆  32.94 KiB │
 │ │ │ libpsl                   ┆ 0.23.1       ┆ hd9e3e90_1           ┆ conda-forge ┆  70.82 KiB │
 │ │ │ libpython                ┆ 3.12.14      ┆ h0c77377_3_cpython   ┆ conda-forge ┆   8.36 MiB │
 │ │ │ libsanitizer             ┆ 14.4.0       ┆ hf39dbba_4           ┆ conda-forge ┆   7.15 MiB │
 │ │ │ libsqlite                ┆ 3.53.4       ┆ h13e7031_1           ┆ conda-forge ┆ 951.51 KiB │
 │ │ │ libssh2                  ┆ 1.11.1       ┆ h6154650_1           ┆ conda-forge ┆ 298.87 KiB │
 │ │ │ libstdcxx                ┆ 16.2.0       ┆ h934c35e_4           ┆ conda-forge ┆   6.31 MiB │
 │ │ │ libstdcxx-devel_linux-64 ┆ 14.4.0       ┆ ha5b54cb_104         ┆ conda-forge ┆  19.47 MiB │
 │ │ │ libuuid                  ┆ 2.42.3       ┆ hcfc3c73_0           ┆ conda-forge ┆  39.06 KiB │
 │ │ │ libuv                    ┆ 1.52.1       ┆ h280c20c_1           ┆ conda-forge ┆ 410.20 KiB │
 │ │ │ libxcrypt                ┆ 4.4.38       ┆ h280c20c_0           ┆ conda-forge ┆  99.57 KiB │
 │ │ │ libzlib                  ┆ 1.3.2        ┆ h25fd6f3_3           ┆ conda-forge ┆  62.22 KiB │
 │ │ │ make                     ┆ 4.4.1        ┆ hb03c661_3           ┆ conda-forge ┆ 498.73 KiB │
 │ │ │ ncurses                  ┆ 6.6          ┆ hdb14827_1           ┆ conda-forge ┆ 889.84 KiB │
 │ │ │ ninja                    ┆ 1.13.2       ┆ h171cf75_1           ┆ conda-forge ┆ 182.39 KiB │
 │ │ │ openssl                  ┆ 3.6.4        ┆ h781a0a9_0           ┆ conda-forge ┆   3.05 MiB │
 │ │ │ patch                    ┆ 2.8          ┆ h280c20c_1003        ┆ conda-forge ┆ 107.65 KiB │
 │ │ │ pcre2                    ┆ 10.47        ┆ h8b3dc9c_1           ┆ conda-forge ┆   1.16 MiB │
 │ │ │ perl                     ┆ 5.32.1       ┆ 9_h7cc23a3_perl5     ┆ conda-forge ┆  12.76 MiB │
 │ │ │ python                   ┆ 3.12.14      ┆ h5f976f7_3_cpython   ┆ conda-forge ┆  21.98 MiB │
 │ │ │ python_abi               ┆ 3.12         ┆ 9_cp312              ┆ conda-forge ┆   6.59 KiB │
 │ │ │ readline                 ┆ 8.3          ┆ hd6e31c0_1           ┆ conda-forge ┆ 340.72 KiB │
 │ │ │ rhash                    ┆ 1.4.6        ┆ hb03c661_2           ┆ conda-forge ┆ 190.42 KiB │
 │ │ │ setuptools               ┆ 84.0.0       ┆ pyh332efcf_0         ┆ conda-forge ┆ 512.20 KiB │
 │ │ │ sysroot_linux-64         ┆ 2.17         ┆ h0157908_18          ┆ conda-forge ┆  14.46 MiB │
 │ │ │ tk                       ┆ 8.6.13       ┆ noxft_h1df4ec4_4     ┆ conda-forge ┆   3.40 MiB │
 │ │ │ tzdata                   ┆ 2026c        ┆ h151e31d_0           ┆ conda-forge ┆ 116.06 KiB │
 │ │ │ zstd                     ┆ 1.5.7        ┆ hb78ec9c_7           ┆ conda-forge ┆ 587.21 KiB │
 │ │ ╰──────────────────────────┴──────────────┴──────────────────────┴─────────────┴────────────╯
 │ │
 │ ╰─────────────────── (took 1 second)
 │
 │ ╭─ Resolving host environment
 │ │   Platform: linux-64 [__unix=0=0, __linux=6.8.0=0, __glibc=2.35=0, __archspec=1=icelake]
 │ │   Channels: 
 │ │    - file:///home/ubuntu/work/output/
 │ │    - file:///home/ubuntu/work/output/
 │ │    - https://prefix.dev/conda-forge/
 │ │    - robostack-staging
 │ │   Specs:
 │ │    - empy <4
 │ │    - pkg-config
 │ │    - numpy 2.*
 │ │    - pip
 │ │    - python 3.12.* *_cpython
 │ │    - ros-humble-ament-cmake
 │ │    - ros-humble-builtin-interfaces
 │ │    - ros-humble-geometry-msgs
 │ │    - ros-humble-ros-environment
 │ │    - ros-humble-ros-workspace
 │ │    - ros-humble-rosidl-default-generators
 │ │    - ros-humble-sensor-msgs
 │ │    - ros-humble-std-msgs
 │ │    - ros-humble-std-srvs
 │ │    - ros2-distro-mutex 0.8.* humble_*
 │ │    - __glibc >=2.17,<3.0.a0
 │ │    - libstdcxx >=14
 │ │    - libgcc >=14
 │ │    - libgcc >=14
 │ │ 
 │ │ ╭───────────────────────────────────────────────────┬──────────────┬──────────────────────┬───────────────────┬────────────╮
 │ │ │ Package                                           ┆ Version      ┆ Build                ┆ Channel           ┆       Size │
 │ │ ╞═══════════════════════════════════════════════════╪══════════════╪══════════════════════╪═══════════════════╪════════════╡
 │ │ │ _openmp_mutex                                     ┆ 4.5          ┆ 20_gnu               ┆ conda-forge       ┆  28.27 KiB │
 │ │ │ argcomplete                                       ┆ 3.7.2        ┆ pyhcf101f3_0         ┆ conda-forge       ┆  46.04 KiB │
 │ │ │ bzip2                                             ┆ 1.0.8        ┆ hda65f42_10          ┆ conda-forge       ┆ 251.77 KiB │
 │ │ │ c-ares                                            ┆ 1.34.8       ┆ hebe6cf0_2           ┆ conda-forge       ┆ 223.34 KiB │
 │ │ │ ca-certificates                                   ┆ 2026.7.22    ┆ hbd8a1cb_0           ┆ conda-forge       ┆ 128.69 KiB │
 │ │ │ catkin_pkg                                        ┆ 1.1.1        ┆ pyhd8ed1ab_0         ┆ conda-forge       ┆  53.61 KiB │
 │ │ │ cmake                                             ┆ 4.2.3        ┆ hc85cc9f_1           ┆ conda-forge       ┆  21.30 MiB │
 │ │ │ colorama                                          ┆ 0.4.6        ┆ pyhd8ed1ab_1         ┆ conda-forge       ┆  26.38 KiB │
 │ │ │ docutils                                          ┆ 0.23         ┆ pyhcf101f3_0         ┆ conda-forge       ┆ 448.77 KiB │
 │ │ │ empy                                              ┆ 3.3.4        ┆ pyh9f0ad1d_1         ┆ conda-forge       ┆  39.27 KiB │
 │ │ │ exceptiongroup                                    ┆ 1.3.1        ┆ pyhd8ed1ab_0         ┆ conda-forge       ┆  20.83 KiB │
 │ │ │ gmock                                             ┆ 1.17.0       ┆ h8e2ec6c_2           ┆ conda-forge       ┆   4.83 KiB │
 │ │ │ gtest                                             ┆ 1.17.0       ┆ h171cf75_2           ┆ conda-forge       ┆ 441.28 KiB │
 │ │ │ icu                                               ┆ 78.3         ┆ py310h44b86e0_2      ┆ conda-forge       ┆  13.79 MiB │
 │ │ │ importlib-metadata                                ┆ 9.0.1        ┆ pyhcf101f3_0         ┆ conda-forge       ┆  34.10 KiB │
 │ │ │ importlib_resources                               ┆ 7.1.0        ┆ pyhd8ed1ab_0         ┆ conda-forge       ┆  33.99 KiB │
 │ │ │ iniconfig                                         ┆ 2.3.0        ┆ pyhd8ed1ab_0         ┆ conda-forge       ┆  13.07 KiB │
 │ │ │ keyutils                                          ┆ 1.6.3        ┆ h7cc23a3_1           ┆ conda-forge       ┆ 132.12 KiB │
 │ │ │ krb5                                              ┆ 1.21.3       ┆ h659f571_0           ┆ conda-forge       ┆   1.31 MiB │
 │ │ │ lark-parser                                       ┆ 0.12.0       ┆ pyhd8ed1ab_1         ┆ conda-forge       ┆  84.12 KiB │
 │ │ │ ld_impl_linux-64                                  ┆ 2.46.1       ┆ default_hbd61a6d_102 ┆ conda-forge       ┆ 727.83 KiB │
 │ │ │ libblas                                           ┆ 3.11.0       ┆ 11_h4a7cf45_openblas ┆ conda-forge       ┆  17.82 KiB │
 │ │ │ libcblas                                          ┆ 3.11.0       ┆ 11_h0358290_openblas ┆ conda-forge       ┆  17.77 KiB │
 │ │ │ libcurl                                           ┆ 8.18.0       ┆ h4e3cde8_0           ┆ conda-forge       ┆ 452.09 KiB │
 │ │ │ libedit                                           ┆ 3.1.20250104 ┆ pl5321h373387f_1     ┆ conda-forge       ┆ 131.93 KiB │
 │ │ │ libev                                             ┆ 4.33         ┆ h280c20c_3           ┆ conda-forge       ┆  42.21 KiB │
 │ │ │ libexpat                                          ┆ 2.8.1        ┆ hecca717_1           ┆ conda-forge       ┆  76.03 KiB │
 │ │ │ libffi                                            ┆ 3.7.0        ┆ h81df57d_1           ┆ conda-forge       ┆  66.41 KiB │
 │ │ │ libgcc                                            ┆ 16.2.0       ┆ ha9f2e26_4           ┆ conda-forge       ┆   1.01 MiB │
 │ │ │ libgcc-ng                                         ┆ 16.2.0       ┆ h69a702a_4           ┆ conda-forge       ┆  27.74 KiB │
 │ │ │ libgfortran                                       ┆ 16.2.0       ┆ h69a702a_4           ┆ conda-forge       ┆  27.71 KiB │
 │ │ │ libgfortran5                                      ┆ 16.2.0       ┆ h6b99dfc_4           ┆ conda-forge       ┆   2.41 MiB │
 │ │ │ libgomp                                           ┆ 16.2.0       ┆ he0feb66_4           ┆ conda-forge       ┆ 624.97 KiB │
 │ │ │ liblapack                                         ┆ 3.11.0       ┆ 11_h47877c9_openblas ┆ conda-forge       ┆  17.80 KiB │
 │ │ │ liblzma                                           ┆ 5.8.3        ┆ hb03c661_1           ┆ conda-forge       ┆ 110.35 KiB │
 │ │ │ libnghttp2                                        ┆ 1.68.1       ┆ h74cf4be_1           ┆ conda-forge       ┆ 634.74 KiB │
 │ │ │ libnsl                                            ┆ 2.0.1        ┆ hb9d3cd8_1           ┆ conda-forge       ┆  32.94 KiB │
 │ │ │ libopenblas                                       ┆ 0.3.34       ┆ pthreads_hf13c14d_2  ┆ conda-forge       ┆   6.53 MiB │
 │ │ │ libpython                                         ┆ 3.12.14      ┆ h0c77377_3_cpython   ┆ conda-forge       ┆   8.36 MiB │
 │ │ │ libsqlite                                         ┆ 3.53.4       ┆ h13e7031_1           ┆ conda-forge       ┆ 951.51 KiB │
 │ │ │ libssh2                                           ┆ 1.11.1       ┆ h6154650_1           ┆ conda-forge       ┆ 298.87 KiB │
 │ │ │ libstdcxx                                         ┆ 16.2.0       ┆ h934c35e_4           ┆ conda-forge       ┆   6.31 MiB │
 │ │ │ libstdcxx-ng                                      ┆ 16.2.0       ┆ hdf11a46_4           ┆ conda-forge       ┆  27.79 KiB │
 │ │ │ libuuid                                           ┆ 2.42.3       ┆ hcfc3c73_0           ┆ conda-forge       ┆  39.06 KiB │
 │ │ │ libuv                                             ┆ 1.52.1       ┆ h280c20c_1           ┆ conda-forge       ┆ 410.20 KiB │
 │ │ │ libxcrypt                                         ┆ 4.4.38       ┆ h280c20c_0           ┆ conda-forge       ┆  99.57 KiB │
 │ │ │ libzlib                                           ┆ 1.3.2        ┆ h25fd6f3_3           ┆ conda-forge       ┆  62.22 KiB │
 │ │ │ ncurses                                           ┆ 6.6          ┆ hdb14827_1           ┆ conda-forge       ┆ 889.84 KiB │
 │ │ │ numpy                                             ┆ 2.5.3        ┆ py312he827f4e_0      ┆ conda-forge       ┆   8.80 MiB │
 │ │ │ openssl                                           ┆ 3.6.4        ┆ h781a0a9_0           ┆ conda-forge       ┆   3.05 MiB │
 │ │ │ packaging                                         ┆ 26.3         ┆ pyhc364b38_0         ┆ conda-forge       ┆ 113.64 KiB │
 │ │ │ pip                                               ┆ 26.2.1       ┆ pyh8b19718_0         ┆ conda-forge       ┆   1.14 MiB │
 │ │ │ pkg-config                                        ┆ 0.29.2       ┆ h1114479_1013        ┆ conda-forge       ┆ 138.06 KiB │
 │ │ │ pluggy                                            ┆ 1.6.0        ┆ pyhf9edf01_1         ┆ conda-forge       ┆  25.27 KiB │
 │ │ │ pygments                                          ┆ 2.21.0       ┆ pyhcf101f3_0         ┆ conda-forge       ┆ 936.89 KiB │
 │ │ │ pyparsing                                         ┆ 3.3.2        ┆ pyhcf101f3_0         ┆ conda-forge       ┆ 108.29 KiB │
 │ │ │ pytest                                            ┆ 9.1.1        ┆ pyhc364b38_2         ┆ conda-forge       ┆ 299.54 KiB │
 │ │ │ python                                            ┆ 3.12.14      ┆ h5f976f7_3_cpython   ┆ conda-forge       ┆  21.98 MiB │
 │ │ │ python-dateutil                                   ┆ 2.9.0.post0  ┆ pyhe01879c_2         ┆ conda-forge       ┆ 227.84 KiB │
 │ │ │ python_abi                                        ┆ 3.12         ┆ 9_cp312              ┆ conda-forge       ┆   6.59 KiB │
 │ │ │ readline                                          ┆ 8.3          ┆ hd6e31c0_1           ┆ conda-forge       ┆ 340.72 KiB │
 │ │ │ rhash                                             ┆ 1.4.6        ┆ hb03c661_2           ┆ conda-forge       ┆ 190.42 KiB │
 │ │ │ ros-humble-ament-cmake                            ┆ 1.3.13       ┆ np2py312h2ed9cc7_15  ┆ robostack-staging ┆  23.07 KiB │
 │ │ │ ros-humble-ament-cmake-core                       ┆ 1.3.13       ┆ np2py312h2ed9cc7_15  ┆ robostack-staging ┆  43.48 KiB │
 │ │ │ ros-humble-ament-cmake-export-definitions         ┆ 1.3.13       ┆ np2py312h2ed9cc7_15  ┆ robostack-staging ┆  21.83 KiB │
 │ │ │ ros-humble-ament-cmake-export-dependencies        ┆ 1.3.13       ┆ np2py312h2ed9cc7_15  ┆ robostack-staging ┆  23.00 KiB │
 │ │ │ ros-humble-ament-cmake-export-include-directories ┆ 1.3.13       ┆ np2py312h2ed9cc7_15  ┆ robostack-staging ┆  22.26 KiB │
 │ │ │ ros-humble-ament-cmake-export-interfaces          ┆ 1.3.13       ┆ np2py312h2ed9cc7_15  ┆ robostack-staging ┆  22.44 KiB │
 │ │ │ ros-humble-ament-cmake-export-libraries           ┆ 1.3.13       ┆ np2py312h2ed9cc7_15  ┆ robostack-staging ┆  23.73 KiB │
 │ │ │ ros-humble-ament-cmake-export-link-flags          ┆ 1.3.13       ┆ np2py312h2ed9cc7_15  ┆ robostack-staging ┆  21.77 KiB │
 │ │ │ ros-humble-ament-cmake-export-targets             ┆ 1.3.13       ┆ np2py312h2ed9cc7_15  ┆ robostack-staging ┆  22.59 KiB │
 │ │ │ ros-humble-ament-cmake-gen-version-h              ┆ 1.3.13       ┆ np2py312h2ed9cc7_15  ┆ robostack-staging ┆  24.53 KiB │
 │ │ │ ros-humble-ament-cmake-gmock                      ┆ 1.3.13       ┆ np2py312h2ed9cc7_15  ┆ robostack-staging ┆  24.13 KiB │
 │ │ │ ros-humble-ament-cmake-gtest                      ┆ 1.3.13       ┆ np2py312h2ed9cc7_15  ┆ robostack-staging ┆  24.34 KiB │
 │ │ │ ros-humble-ament-cmake-include-directories        ┆ 1.3.13       ┆ np2py312h2ed9cc7_15  ┆ robostack-staging ┆  21.71 KiB │
 │ │ │ ros-humble-ament-cmake-libraries                  ┆ 1.3.13       ┆ np2py312h2ed9cc7_15  ┆ robostack-staging ┆  21.44 KiB │
 │ │ │ ros-humble-ament-cmake-pytest                     ┆ 1.3.13       ┆ np2py312h2ed9cc7_15  ┆ robostack-staging ┆  24.55 KiB │
 │ │ │ ros-humble-ament-cmake-python                     ┆ 1.3.13       ┆ np2py312h2ed9cc7_15  ┆ robostack-staging ┆  23.92 KiB │
 │ │ │ ros-humble-ament-cmake-ros                        ┆ 0.10.0       ┆ np2py312h2ed9cc7_15  ┆ robostack-staging ┆  30.42 KiB │
 │ │ │ ros-humble-ament-cmake-target-dependencies        ┆ 1.3.13       ┆ np2py312h2ed9cc7_15  ┆ robostack-staging ┆  23.40 KiB │
 │ │ │ ros-humble-ament-cmake-test                       ┆ 1.3.13       ┆ np2py312h2ed9cc7_15  ┆ robostack-staging ┆  34.96 KiB │
 │ │ │ ros-humble-ament-cmake-version                    ┆ 1.3.13       ┆ np2py312h2ed9cc7_15  ┆ robostack-staging ┆  21.61 KiB │
 │ │ │ ros-humble-ament-index-python                     ┆ 1.4.1        ┆ np2py312h2ed9cc7_15  ┆ robostack-staging ┆  27.24 KiB │
 │ │ │ ros-humble-ament-package                          ┆ 0.14.2       ┆ np2py312h2ed9cc7_15  ┆ robostack-staging ┆  45.33 KiB │
 │ │ │ ros-humble-builtin-interfaces                     ┆ 1.2.2        ┆ np2py312h2ed9cc7_15  ┆ robostack-staging ┆  74.72 KiB │
 │ │ │ ros-humble-domain-coordinator                     ┆ 0.10.0       ┆ np2py312h2ed9cc7_15  ┆ robostack-staging ┆  19.89 KiB │
 │ │ │ ros-humble-fastcdr                                ┆ 1.0.29       ┆ np2py312h2ed9cc7_15  ┆ robostack-staging ┆  65.18 KiB │
 │ │ │ ros-humble-fastrtps-cmake-module                  ┆ 2.2.4        ┆ np2py312h2ed9cc7_15  ┆ robostack-staging ┆  26.60 KiB │
 │ │ │ ros-humble-geometry-msgs                          ┆ 4.9.1        ┆ np2py312h2ed9cc7_15  ┆ robostack-staging ┆ 310.89 KiB │
 │ │ │ ros-humble-gmock-vendor                           ┆ 1.10.9006    ┆ np2py312h2ed9cc7_15  ┆ robostack-staging ┆ 110.81 KiB │
 │ │ │ ros-humble-gtest-vendor                           ┆ 1.10.9006    ┆ np2py312h2ed9cc7_15  ┆ robostack-staging ┆ 195.16 KiB │
 │ │ │ ros-humble-python-cmake-module                    ┆ 0.10.0       ┆ np2py312h2ed9cc7_15  ┆ robostack-staging ┆  27.66 KiB │
 │ │ │ ros-humble-rcpputils                              ┆ 2.4.6        ┆ np2py312h2ed9cc7_15  ┆ robostack-staging ┆  76.72 KiB │
 │ │ │ ros-humble-rcutils                                ┆ 5.1.8        ┆ np2py312h2ed9cc7_15  ┆ robostack-staging ┆ 115.04 KiB │
 │ │ │ ros-humble-rmw                                    ┆ 6.1.2        ┆ np2py312h2ed9cc7_15  ┆ robostack-staging ┆  89.59 KiB │
 │ │ │ ros-humble-ros-environment                        ┆ 3.2.2        ┆ np2py312h2ed9cc7_15  ┆ robostack-staging ┆  21.12 KiB │
 │ │ │ ros-humble-ros-workspace                          ┆ 1.0.2        ┆ np2py312h2ed9cc7_15  ┆ robostack-staging ┆  34.75 KiB │
 │ │ │ ros-humble-rosidl-adapter                         ┆ 3.1.8        ┆ np2py312h2ed9cc7_15  ┆ robostack-staging ┆  61.08 KiB │
 │ │ │ ros-humble-rosidl-cli                             ┆ 3.1.8        ┆ np2py312h2ed9cc7_15  ┆ robostack-staging ┆  37.25 KiB │
 │ │ │ ros-humble-rosidl-cmake                           ┆ 3.1.8        ┆ np2py312h2ed9cc7_15  ┆ robostack-staging ┆  40.31 KiB │
 │ │ │ ros-humble-rosidl-default-generators              ┆ 1.2.0        ┆ np2py312h2ed9cc7_15  ┆ robostack-staging ┆  31.26 KiB │
 │ │ │ ros-humble-rosidl-default-runtime                 ┆ 1.2.0        ┆ np2py312h2ed9cc7_15  ┆ robostack-staging ┆  30.22 KiB │
 │ │ │ ros-humble-rosidl-generator-c                     ┆ 3.1.8        ┆ np2py312h2ed9cc7_15  ┆ robostack-staging ┆  46.01 KiB │
 │ │ │ ros-humble-rosidl-generator-cpp                   ┆ 3.1.8        ┆ np2py312h2ed9cc7_15  ┆ robostack-staging ┆  48.73 KiB │
 │ │ │ ros-humble-rosidl-generator-py                    ┆ 0.14.6       ┆ np2py312h2ed9cc7_15  ┆ robostack-staging ┆  58.95 KiB │
 │ │ │ ros-humble-rosidl-generator-rs                    ┆ 0.4.11       ┆ np2py312h2ed9cc7_15  ┆ robostack-staging ┆  47.48 KiB │
 │ │ │ ros-humble-rosidl-parser                          ┆ 3.1.8        ┆ np2py312h2ed9cc7_15  ┆ robostack-staging ┆  57.98 KiB │
 │ │ │ ros-humble-rosidl-runtime-c                       ┆ 3.1.8        ┆ np2py312h2ed9cc7_15  ┆ robostack-staging ┆  47.38 KiB │
 │ │ │ ros-humble-rosidl-runtime-cpp                     ┆ 3.1.8        ┆ np2py312h2ed9cc7_15  ┆ robostack-staging ┆  35.29 KiB │
 │ │ │ ros-humble-rosidl-typesupport-c                   ┆ 2.0.2        ┆ np2py312h2ed9cc7_15  ┆ robostack-staging ┆  48.25 KiB │
 │ │ │ ros-humble-rosidl-typesupport-cpp                 ┆ 2.0.2        ┆ np2py312h2ed9cc7_15  ┆ robostack-staging ┆  47.60 KiB │
 │ │ │ ros-humble-rosidl-typesupport-fastrtps-c          ┆ 2.2.4        ┆ np2py312h2ed9cc7_15  ┆ robostack-staging ┆  47.87 KiB │
 │ │ │ ros-humble-rosidl-typesupport-fastrtps-cpp        ┆ 2.2.4        ┆ np2py312h2ed9cc7_15  ┆ robostack-staging ┆  50.11 KiB │
 │ │ │ ros-humble-rosidl-typesupport-interface           ┆ 3.1.8        ┆ np2py312h2ed9cc7_15  ┆ robostack-staging ┆  28.40 KiB │
 │ │ │ ros-humble-rosidl-typesupport-introspection-c     ┆ 3.1.8        ┆ np2py312h2ed9cc7_15  ┆ robostack-staging ┆  45.49 KiB │
 │ │ │ ros-humble-rosidl-typesupport-introspection-cpp   ┆ 3.1.8        ┆ np2py312h2ed9cc7_15  ┆ robostack-staging ┆  45.81 KiB │
 │ │ │ ros-humble-rpyutils                               ┆ 0.2.2        ┆ np2py312h2ed9cc7_15  ┆ robostack-staging ┆  25.03 KiB │
 │ │ │ ros-humble-sensor-msgs                            ┆ 4.9.1        ┆ np2py312h2ed9cc7_15  ┆ robostack-staging ┆ 440.86 KiB │
 │ │ │ ros-humble-std-msgs                               ┆ 4.9.1        ┆ np2py312h2ed9cc7_15  ┆ robostack-staging ┆ 282.91 KiB │
 │ │ │ ros-humble-std-srvs                               ┆ 4.9.1        ┆ np2py312h2ed9cc7_15  ┆ robostack-staging ┆ 104.52 KiB │
 │ │ │ ros2-distro-mutex                                 ┆ 0.8.0        ┆ humble_15            ┆ robostack-staging ┆   2.32 KiB │
 │ │ │ setuptools                                        ┆ 84.0.0       ┆ pyh332efcf_0         ┆ conda-forge       ┆ 512.20 KiB │
 │ │ │ six                                               ┆ 1.17.0       ┆ pyhe01879c_1         ┆ conda-forge       ┆  18.02 KiB │
 │ │ │ tk                                                ┆ 8.6.13       ┆ noxft_h1df4ec4_4     ┆ conda-forge       ┆   3.40 MiB │
 │ │ │ tomli                                             ┆ 2.4.1        ┆ pyhcf101f3_0         ┆ conda-forge       ┆  21.06 KiB │
 │ │ │ typing_extensions                                 ┆ 4.16.0       ┆ pyhcf101f3_0         ┆ conda-forge       ┆  51.40 KiB │
 │ │ │ tzdata                                            ┆ 2026c        ┆ h151e31d_0           ┆ conda-forge       ┆ 116.06 KiB │
 │ │ │ wheel                                             ┆ 0.48.0       ┆ pyhd8ed1ab_0         ┆ conda-forge       ┆  33.72 KiB │
 │ │ │ zipp                                              ┆ 4.1.0        ┆ pyhcf101f3_0         ┆ conda-forge       ┆  23.62 KiB │
 │ │ │ zstd                                              ┆ 1.5.7        ┆ hb78ec9c_7           ┆ conda-forge       ┆ 587.21 KiB │
 │ │ ╰───────────────────────────────────────────────────┴──────────────┴──────────────────────┴───────────────────┴────────────╯
 │ │
 │ ╰─────────────────── (took 0 seconds)
 │ 
 │ Finalized run dependencies (ros-humble-rtabmap-msgs-0.22.1-np2py312h2ed9cc7_18):
 │ ╭───────────────────────────────────┬────────────────────────────────────────────────────╮
 │ │ Name                              ┆ Spec                                               │
 │ ╞═══════════════════════════════════╪════════════════════════════════════════════════════╡
 │ │ Run dependencies                  ┆                                                    │
 │ │ __glibc                           ┆ >=2.17,<3.0.a0 (RE of [build: sysroot_linux-64])   │
 │ │ libgcc                            ┆ >=14 (RE of [build: gxx_linux-64])                 │
 │ │                                   ┆ >=14 (RE of [build: gcc_linux-64])                 │
 │ │ libstdcxx                         ┆ >=14 (RE of [build: gxx_linux-64])                 │
 │ │ numpy                             ┆ >=1.25,<3 (RE of [host: numpy])                    │
 │ │ python                            ┆ *                                                  │
 │ │ python_abi                        ┆ 3.12.* *_cp312 (RE of [host: python])              │
 │ │ ros-humble-builtin-interfaces     ┆ *                                                  │
 │ │ ros-humble-geometry-msgs          ┆ *                                                  │
 │ │ ros-humble-ros-workspace          ┆ *                                                  │
 │ │ ros-humble-rosidl-default-runtime ┆ *                                                  │
 │ │ ros-humble-sensor-msgs            ┆ *                                                  │
 │ │ ros-humble-std-msgs               ┆ *                                                  │
 │ │ ros-humble-std-srvs               ┆ *                                                  │
 │ │ ros2-distro-mutex                 ┆ 0.8.* humble_*                                     │
 │ │                                   ┆ >=0.8.0,<0.9.0a0 (RE of [host: ros2-distro-mutex]) │
 │ ╰───────────────────────────────────┴────────────────────────────────────────────────────╯
 │
 │ ╭─ Installing build environment
 │ │ ✔ Successfully updated the build environment
 │ │
 │ ╰─────────────────── (took 0 seconds)
 │
 │ ╭─ Installing host environment
 │ │ ✔ Successfully updated the host environment
 │ │
 │ ╰─────────────────── (took 0 seconds)
 │
 │ ╭─ Running build script
 │ │ INFO: activate-binutils_linux-64.sh made the following environmental changes:
 │ │ +ADDR2LINE=x86_64-conda-linux-gnu-addr2line
 │ │ +AR=x86_64-conda-linux-gnu-ar
 │ │ +AS=x86_64-conda-linux-gnu-as
 │ │ +CXXFILT=x86_64-conda-linux-gnu-c++filt
 │ │ +ELFEDIT=x86_64-conda-linux-gnu-elfedit
 │ │ +GPROF=x86_64-conda-linux-gnu-gprof
 │ │ +LD=x86_64-conda-linux-gnu-ld
 │ │ +NM=x86_64-conda-linux-gnu-nm
 │ │ +OBJCOPY=x86_64-conda-linux-gnu-objcopy
 │ │ +OBJDUMP=x86_64-conda-linux-gnu-objdump
 │ │ +RANLIB=x86_64-conda-linux-gnu-ranlib
 │ │ +READELF=x86_64-conda-linux-gnu-readelf
 │ │ +SIZE=x86_64-conda-linux-gnu-size
 │ │ +STRINGS=x86_64-conda-linux-gnu-strings
 │ │ +STRIP=x86_64-conda-linux-gnu-strip
 │ │ INFO: activate-gcc_linux-64.sh made the following environmental changes:
 │ │ +BUILD=x86_64-conda-linux-gnu
 │ │ +CC=x86_64-conda-linux-gnu-cc
 │ │ +CC_FOR_BUILD=x86_64-conda-linux-gnu-cc
 │ │ +CFLAGS=-march=nocona -mtune=haswell -ftree-vectorize -fPIC -fstack-protector-strong -fno-plt -O2 -ffunction-sections -pipe -fno-merge-constants -isystem $
 │ │ PREFIX/include -fdebug-prefix-map=$SRC_DIR=/usr/local/src/conda/ros-humble-rtabmap-msgs-0.22.1 -fdebug-prefix-map=$PREFIX=/usr/local/src/conda-prefix
 │ │ +CMAKE_ARGS=-DCMAKE_AR=$BUILD_PREFIX/bin/x86_64-conda-linux-gnu-ar -DCMAKE_CXX_COMPILER_AR=$BUILD_PREFIX/bin/x86_64-conda-linux-gnu-gcc-ar -DCMAKE_C_COMPIL
 │ │ ER_AR=$BUILD_PREFIX/bin/x86_64-conda-linux-gnu-gcc-ar -DCMAKE_RANLIB=$BUILD_PREFIX/bin/x86_64-conda-linux-gnu-ranlib -DCMAKE_CXX_COMPILER_RANLIB=$BUILD_PRE
 │ │ FIX/bin/x86_64-conda-linux-gnu-gcc-ranlib -DCMAKE_C_COMPILER_RANLIB=$BUILD_PREFIX/bin/x86_64-conda-linux-gnu-gcc-ranlib -DCMAKE_LINKER=$BUILD_PREFIX/bin/x8
 │ │ 6_64-conda-linux-gnu-ld -DCMAKE_STRIP=$BUILD_PREFIX/bin/x86_64-conda-linux-gnu-strip -DCMAKE_BUILD_TYPE=Release -DCMAKE_FIND_ROOT_PATH_MODE_PROGRAM=NEVER -
 │ │ DCMAKE_FIND_ROOT_PATH_MODE_LIBRARY=ONLY -DCMAKE_FIND_ROOT_PATH_MODE_INCLUDE=ONLY -DCMAKE_FIND_ROOT_PATH=$PREFIX;$BUILD_PREFIX/x86_64-conda-linux-gnu/sysroo
 │ │ t -DCMAKE_INSTALL_PREFIX=$PREFIX -DCMAKE_INSTALL_LIBDIR=lib -DCMAKE_PROGRAM_PATH=$BUILD_PREFIX/bin;$PREFIX/bin -DCMAKE_POLICY_DEFAULT_CMP0094=NEW
 │ │ +CMAKE_PREFIX_PATH=$PREFIX:$BUILD_PREFIX/x86_64-conda-linux-gnu/sysroot/usr
 │ │ +CONDA_BUILD_CROSS_COMPILATION=
 │ │ +CONDA_BUILD_SYSROOT=$BUILD_PREFIX/x86_64-conda-linux-gnu/sysroot
 │ │ +CONDA_TOOLCHAIN_BUILD=x86_64-conda-linux-gnu
 │ │ +CONDA_TOOLCHAIN_HOST=x86_64-conda-linux-gnu
 │ │ +CPP=x86_64-conda-linux-gnu-cpp
 │ │ +CPPFLAGS=-DNDEBUG -D_FORTIFY_SOURCE=2 -O2 -isystem $PREFIX/include
 │ │ +CPP_FOR_BUILD=x86_64-conda-linux-gnu-cpp
 │ │ +DEBUG_CFLAGS=-march=nocona -mtune=haswell -ftree-vectorize -fPIC -fstack-protector-all -fno-plt -Og -g -Wall -Wextra -fvar-tracking-assignments -ffunction
 │ │ -sections -pipe -fno-merge-constants -isystem $PREFIX/include -fdebug-prefix-map=$SRC_DIR=/usr/local/src/conda/ros-humble-rtabmap-msgs-0.22.1 -fdebug-prefi
 │ │ x-map=$PREFIX=/usr/local/src/conda-prefix
 │ │ +DEBUG_CPPFLAGS=-D_DEBUG -D_FORTIFY_SOURCE=2 -Og -isystem $PREFIX/include
 │ │ +GCC=x86_64-conda-linux-gnu-gcc
 │ │ +GCC_AR=x86_64-conda-linux-gnu-gcc-ar
 │ │ +GCC_NM=x86_64-conda-linux-gnu-gcc-nm
 │ │ +GCC_RANLIB=x86_64-conda-linux-gnu-gcc-ranlib
 │ │ +HOST=x86_64-conda-linux-gnu
 │ │ +LDFLAGS=-Wl,-O2 -Wl,--sort-common -Wl,--as-needed -Wl,-z,relro -Wl,-z,now -Wl,--disable-new-dtags -Wl,--gc-sections -Wl,--allow-shlib-undefined -Wl,-rpath
 │ │ ,$PREFIX/lib -Wl,-rpath-link,$PREFIX/lib -L$PREFIX/lib
 │ │ +LDFLAGS_LD=-O2 --sort-common --as-needed -z relro -z now --disable-new-dtags --gc-sections --allow-shlib-undefined -rpath $PREFIX/lib -rpath-link $PREFIX/
 │ │ lib -L$PREFIX/lib
 │ │ +MESON_ARGS=-Dbuildtype=release --prefix=$PREFIX -Dlibdir=lib
 │ │ +build_alias=x86_64-conda-linux-gnu
 │ │ +host_alias=x86_64-conda-linux-gnu
 │ │ -BUILD=x86_64-conda_cos6-linux-gnu
 │ │ -CONDA_BUILD_CROSS_COMPILATION=0
 │ │ INFO: activate-gxx_linux-64.sh made the following environmental changes:
 │ │ +CXX=x86_64-conda-linux-gnu-c++
 │ │ +CXXFLAGS=-fvisibility-inlines-hidden -fmessage-length=0 -march=nocona -mtune=haswell -ftree-vectorize -fPIC -fstack-protector-strong -fno-plt -O2 -ffuncti
 │ │ on-sections -pipe -fno-merge-constants -isystem $PREFIX/include -fdebug-prefix-map=$SRC_DIR=/usr/local/src/conda/ros-humble-rtabmap-msgs-0.22.1 -fdebug-pre
 │ │ fix-map=$PREFIX=/usr/local/src/conda-prefix
 │ │ +CXX_FOR_BUILD=x86_64-conda-linux-gnu-c++
 │ │ +DEBUG_CXXFLAGS=-fvisibility-inlines-hidden -fmessage-length=0 -march=nocona -mtune=haswell -ftree-vectorize -fPIC -fstack-protector-all -fno-plt -Og -g -W
 │ │ all -Wextra -fvar-tracking-assignments -ffunction-sections -pipe -fno-merge-constants -isystem $PREFIX/include -fdebug-prefix-map=$SRC_DIR=/usr/local/src/c
 │ │ onda/ros-humble-rtabmap-msgs-0.22.1 -fdebug-prefix-map=$PREFIX=/usr/local/src/conda-prefix
 │ │ +GXX=x86_64-conda-linux-gnu-g++
 │ │ + /home/ubuntu/work/ros-humble/recipes/ros-humble-rtabmap-msgs/build_ament_cmake.sh
 │ │ USING PYTHON_EXECUTABLE=$PREFIX/bin/python
 │ │ USING PKG_CONFIG_EXECUTABLE=$PREFIX/bin/pkg-config
 │ │ Using Python 3.12
 │ │ Using PYTHON_INSTALL_DIR: lib/python3.12/site-packages
 │ │ Ignoring COMPILE_WARNING_AS_ERROR target property and CMAKE_COMPILE_WARNING_AS_ERROR variable.
 │ │ CMake Deprecation Warning at CMakeLists.txt:1 (cmake_minimum_required):
 │ │   Compatibility with CMake < 3.10 will be removed from a future version of
 │ │   CMake.
 │ │   Update the VERSION argument <min> value.  Or, use the <min>...<max> syntax
 │ │   to tell CMake that the project requires at least <min> but has been updated
 │ │   to work with policies introduced by <max> or earlier.
 │ │ -- The C compiler identification is GNU 14.4.0
 │ │ -- The CXX compiler identification is GNU 14.4.0
 │ │ -- Detecting C compiler ABI info
 │ │ -- Detecting C compiler ABI info - done
 │ │ -- Check for working C compiler: $BUILD_PREFIX/bin/x86_64-conda-linux-gnu-cc - skipped
 │ │ -- Detecting C compile features
 │ │ -- Detecting C compile features - done
 │ │ -- Detecting CXX compiler ABI info
 │ │ -- Detecting CXX compiler ABI info - done
 │ │ -- Check for working CXX compiler: $BUILD_PREFIX/bin/x86_64-conda-linux-gnu-c++ - skipped
 │ │ -- Detecting CXX compile features
 │ │ -- Detecting CXX compile features - done
 │ │ -- Found rosidl_default_generators: 1.2.0 ($PREFIX/share/rosidl_default_generators/cmake)
 │ │ -- Found ament_cmake_core: 1.3.13 ($PREFIX/share/ament_cmake_core/cmake)
 │ │ -- Found Python3: $PREFIX/bin/python (found version "3.12.14") found components: Interpreter
 │ │ -- Using all available rosidl_typesupport_c: rosidl_typesupport_fastrtps_c;rosidl_typesupport_introspection_c
 │ │ -- Found rosidl_adapter: 3.1.8 ($PREFIX/share/rosidl_adapter/cmake)
 │ │ -- Using all available rosidl_typesupport_cpp: rosidl_typesupport_fastrtps_cpp;rosidl_typesupport_introspection_cpp
 │ │ -- Found builtin_interfaces: 1.2.2 ($PREFIX/share/builtin_interfaces/cmake)
 │ │ -- Found geometry_msgs: 4.9.1 ($PREFIX/share/geometry_msgs/cmake)
 │ │ -- Found sensor_msgs: 4.9.1 ($PREFIX/share/sensor_msgs/cmake)
 │ │ -- Found std_srvs: 4.9.1 ($PREFIX/share/std_srvs/cmake)
 │ │ -- Found ament_cmake_ros: 0.10.0 ($PREFIX/share/ament_cmake_ros/cmake)
 │ │ -- Using all available rosidl_typesupport_c: rosidl_typesupport_fastrtps_c;rosidl_typesupport_introspection_c
 │ │ -- Using all available rosidl_typesupport_cpp: rosidl_typesupport_fastrtps_cpp;rosidl_typesupport_introspection_cpp
 │ │ -- Found python_cmake_module: 0.10.0 ($PREFIX/share/python_cmake_module/cmake)
 │ │ CMake Warning (dev) at $PREFIX/share/python_cmake_module/cmake/Modules/FindPythonExtra.cmake:52 (find_package):
 │ │   Policy CMP0148 is not set: The FindPythonInterp and FindPythonLibs modules
 │ │   are removed.  Run "cmake --help-policy CMP0148" for policy details.  Use
 │ │   the cmake_policy command to set the policy and suppress this warning.
 │ │ Call Stack (most recent call first):
 │ │   $PREFIX/share/rosidl_generator_py/cmake/rosidl_generator_py_generate_interfaces.cmake:33 (find_package)
 │ │   $PREFIX/share/ament_cmake_core/cmake/core/ament_execute_extensions.cmake:48 (include)
 │ │   $PREFIX/share/rosidl_cmake/cmake/rosidl_generate_interfaces.cmake:286 (ament_execute_extensions)
 │ │   CMakeLists.txt:85 (rosidl_generate_interfaces)
 │ │ This warning is for project developers.  Use -Wno-dev to suppress it.
 │ │ -- Found PythonInterp: $PREFIX/bin/python (found suitable version "3.12.14", minimum required is "3.6")
 │ │ CMake Warning (dev) at $PREFIX/share/python_cmake_module/cmake/Modules/FindPythonExtra.cmake:140 (find_package):
 │ │   Policy CMP0148 is not set: The FindPythonInterp and FindPythonLibs modules
 │ │   are removed.  Run "cmake --help-policy CMP0148" for policy details.  Use
 │ │   the cmake_policy command to set the policy and suppress this warning.
 │ │ Call Stack (most recent call first):
 │ │   $PREFIX/share/rosidl_generator_py/cmake/rosidl_generator_py_generate_interfaces.cmake:33 (find_package)
 │ │   $PREFIX/share/ament_cmake_core/cmake/core/ament_execute_extensions.cmake:48 (include)
 │ │   $PREFIX/share/rosidl_cmake/cmake/rosidl_generate_interfaces.cmake:286 (ament_execute_extensions)
 │ │   CMakeLists.txt:85 (rosidl_generate_interfaces)
 │ │ This warning is for project developers.  Use -Wno-dev to suppress it.
 │ │ -- Found PythonLibs: $PREFIX/lib/libpython3.12.so (found suitable version "3.12.14", minimum required is "3.5")
 │ │ -- Using PYTHON_EXECUTABLE: $PREFIX/bin/python
 │ │ -- Using PYTHON_INCLUDE_DIRS: $PREFIX/include/python3.12
 │ │ -- Using PYTHON_LIBRARIES: $PREFIX/lib/libpython3.12.so
 │ │ -- Found PythonExtra: .so
 │ │ -- Found Python: $PREFIX/bin/python (found version "3.12.14") found components: Interpreter Development NumPy Development.Module Development.Embed
 │ │ -- Configuring done (2.8s)
 │ │ -- Generating done (0.1s)
 │ │ CMake Warning:
 │ │ -- Build files have been written to: $SRC_DIR/build
 │ │   Manually-specified variables were not used by the project:
 │ │     AMENT_PREFIX_PATH
 │ │     CATKIN_SKIP_TESTING
 │ │     CMAKE_INSTALL_LIBDIR
 │ │     CMAKE_INSTALL_SYSTEM_RUNTIME_LIBS_SKIP
 │ │     PKG_CONFIG_EXECUTABLE
 │ │     SETUPTOOLS_DEB_LAYOUT
 │ │ [1/339] cd $SRC_DIR/build && $BUILD_PREFIX/bin/cmake -E copy_directory $SRC_DIR/build/rosidl_generator_py/rtabmap_msgs $SRC_DIR/build/ament_cmake_python/rt
 │ │ abmap_msgs/rtabmap_msgs
 │ │ [2/339] cd $SRC_DIR/build/ament_cmake_python/rtabmap_msgs && $PREFIX/bin/python setup.py egg_info
 │ │ running egg_info
 │ │ creating rtabmap_msgs.egg-info
 │ │ writing rtabmap_msgs.egg-info/PKG-INFO
 │ │ writing dependency_links to rtabmap_msgs.egg-info/dependency_links.txt
 │ │ writing top-level names to rtabmap_msgs.egg-info/top_level.txt
 │ │ writing manifest file 'rtabmap_msgs.egg-info/SOURCES.txt'
 │ │ reading manifest file 'rtabmap_msgs.egg-info/SOURCES.txt'
 │ │ writing manifest file 'rtabmap_msgs.egg-info/SOURCES.txt'
 │ │ [3/339] Generating Rust code for ROS interfaces
 │ │ [4/339] Generating C code for ROS interfaces
 │ │ [5/339] Generating C++ code for ROS interfaces
 │ │ [6/339] Building C object CMakeFiles/rtabmap_msgs__rosidl_generator_c.dir/rosidl_generator_c/rtabmap_msgs/msg/detail/scan_descriptor__functions.c.o
 │ │ [7/339] Building C object CMakeFiles/rtabmap_msgs__rosidl_generator_c.dir/rosidl_generator_c/rtabmap_msgs/msg/detail/key_point__functions.c.o
 │ │ [8/339] Building C object CMakeFiles/rtabmap_msgs__rosidl_generator_c.dir/rosidl_generator_c/rtabmap_msgs/msg/detail/map_data__functions.c.o
 │ │ [9/339] Building C object CMakeFiles/rtabmap_msgs__rosidl_generator_c.dir/rosidl_generator_c/rtabmap_msgs/msg/detail/link__functions.c.o
 │ │ [10/339] Building C object CMakeFiles/rtabmap_msgs__rosidl_generator_c.dir/rosidl_generator_c/rtabmap_msgs/msg/detail/map_graph__functions.c.o
 │ │ [11/339] Building C object CMakeFiles/rtabmap_msgs__rosidl_generator_c.dir/rosidl_generator_c/rtabmap_msgs/msg/detail/node__functions.c.o
 │ │ [12/339] Building C object CMakeFiles/rtabmap_msgs__rosidl_generator_c.dir/rosidl_generator_c/rtabmap_msgs/msg/detail/landmark_detection__functions.c.o
 │ │ [13/339] Building C object CMakeFiles/rtabmap_msgs__rosidl_generator_c.dir/rosidl_generator_c/rtabmap_msgs/msg/detail/global_descriptor__functions.c.o
 │ │ [14/339] Building C object CMakeFiles/rtabmap_msgs__rosidl_generator_c.dir/rosidl_generator_c/rtabmap_msgs/msg/detail/info__functions.c.o
 │ │ [15/339] Building C object CMakeFiles/rtabmap_msgs__rosidl_generator_c.dir/rosidl_generator_c/rtabmap_msgs/msg/detail/sensor_data__functions.c.o
 │ │ [16/339] Building C object CMakeFiles/rtabmap_msgs__rosidl_generator_c.dir/rosidl_generator_c/rtabmap_msgs/msg/detail/point2f__functions.c.o
 │ │ [17/339] Building C object CMakeFiles/rtabmap_msgs__rosidl_generator_c.dir/rosidl_generator_c/rtabmap_msgs/msg/detail/point3f__functions.c.o
 │ │ [18/339] Building C object CMakeFiles/rtabmap_msgs__rosidl_generator_c.dir/rosidl_generator_c/rtabmap_msgs/msg/detail/goal__functions.c.o
 │ │ [19/339] Building C object CMakeFiles/rtabmap_msgs__rosidl_generator_c.dir/rosidl_generator_c/rtabmap_msgs/msg/detail/landmark_detections__functions.c.o
 │ │ [20/339] Building C object CMakeFiles/rtabmap_msgs__rosidl_generator_c.dir/rosidl_generator_c/rtabmap_msgs/msg/detail/odom_info__functions.c.o
 │ │ [21/339] Building C object CMakeFiles/rtabmap_msgs__rosidl_generator_c.dir/rosidl_generator_c/rtabmap_msgs/msg/detail/user_data__functions.c.o
 │ │ [22/339] Building C object CMakeFiles/rtabmap_msgs__rosidl_generator_c.dir/rosidl_generator_c/rtabmap_msgs/msg/detail/env_sensor__functions.c.o
 │ │ [23/339] Building C object CMakeFiles/rtabmap_msgs__rosidl_generator_c.dir/rosidl_generator_c/rtabmap_msgs/msg/detail/rgbd_images__functions.c.o
 │ │ [24/339] Building C object CMakeFiles/rtabmap_msgs__rosidl_generator_c.dir/rosidl_generator_c/rtabmap_msgs/msg/detail/rgbd_image__functions.c.o
 │ │ [25/339] Building C object CMakeFiles/rtabmap_msgs__rosidl_generator_c.dir/rosidl_generator_c/rtabmap_msgs/msg/detail/camera_model__functions.c.o
 │ │ [26/339] Building C object CMakeFiles/rtabmap_msgs__rosidl_generator_c.dir/rosidl_generator_c/rtabmap_msgs/msg/detail/camera_models__functions.c.o
 │ │ [27/339] Building C object CMakeFiles/rtabmap_msgs__rosidl_generator_c.dir/rosidl_generator_c/rtabmap_msgs/msg/detail/path__functions.c.o
 │ │ [28/339] Building C object CMakeFiles/rtabmap_msgs__rosidl_generator_c.dir/rosidl_generator_c/rtabmap_msgs/msg/detail/gps__functions.c.o
 │ │ [29/339] Building C object CMakeFiles/rtabmap_msgs__rosidl_generator_c.dir/rosidl_generator_c/rtabmap_msgs/srv/detail/get_map__functions.c.o
 │ │ [30/339] Building C object CMakeFiles/rtabmap_msgs__rosidl_generator_c.dir/rosidl_generator_c/rtabmap_msgs/srv/detail/publish_map__functions.c.o
 │ │ [31/339] Building C object CMakeFiles/rtabmap_msgs__rosidl_generator_c.dir/rosidl_generator_c/rtabmap_msgs/srv/detail/list_labels__functions.c.o
 │ │ [32/339] Building C object CMakeFiles/rtabmap_msgs__rosidl_generator_c.dir/rosidl_generator_c/rtabmap_msgs/srv/detail/reset_pose__functions.c.o
 │ │ [33/339] Building C object CMakeFiles/rtabmap_msgs__rosidl_generator_c.dir/rosidl_generator_c/rtabmap_msgs/srv/detail/set_goal__functions.c.o
 │ │ [34/339] Building C object CMakeFiles/rtabmap_msgs__rosidl_generator_c.dir/rosidl_generator_c/rtabmap_msgs/srv/detail/remove_label__functions.c.o
 │ │ [35/339] Building C object CMakeFiles/rtabmap_msgs__rosidl_generator_c.dir/rosidl_generator_c/rtabmap_msgs/srv/detail/set_label__functions.c.o
 │ │ [36/339] Building C object CMakeFiles/rtabmap_msgs__rosidl_generator_c.dir/rosidl_generator_c/rtabmap_msgs/srv/detail/get_plan__functions.c.o
 │ │ [37/339] Building C object CMakeFiles/rtabmap_msgs__rosidl_generator_c.dir/rosidl_generator_c/rtabmap_msgs/srv/detail/get_map2__functions.c.o
 │ │ [38/339] Building C object CMakeFiles/rtabmap_msgs__rosidl_generator_c.dir/rosidl_generator_c/rtabmap_msgs/srv/detail/add_link__functions.c.o
 │ │ [39/339] Building C object CMakeFiles/rtabmap_msgs__rosidl_generator_c.dir/rosidl_generator_c/rtabmap_msgs/srv/detail/get_node_data__functions.c.o
 │ │ [40/339] Building C object CMakeFiles/rtabmap_msgs__rosidl_generator_c.dir/rosidl_generator_c/rtabmap_msgs/srv/detail/detect_more_loop_closures__functions.
 │ │ c.o
 │ │ [41/339] Building C object CMakeFiles/rtabmap_msgs__rosidl_generator_c.dir/rosidl_generator_c/rtabmap_msgs/srv/detail/get_nodes_in_radius__functions.c.o
 │ │ [42/339] Building C object CMakeFiles/rtabmap_msgs__rosidl_generator_c.dir/rosidl_generator_c/rtabmap_msgs/srv/detail/cleanup_local_grids__functions.c.o
 │ │ [43/339] Building C object CMakeFiles/rtabmap_msgs__rosidl_generator_c.dir/rosidl_generator_c/rtabmap_msgs/srv/detail/global_bundle_adjustment__functions.c
 │ │ .o
 │ │ [44/339] Building C object CMakeFiles/rtabmap_msgs__rosidl_generator_c.dir/rosidl_generator_c/rtabmap_msgs/srv/detail/load_database__functions.c.o
 │ │ [45/339] Linking C shared library librtabmap_msgs__rosidl_generator_c.so
 │ │ [46/339] Generating C++ type support dispatch for ROS interfaces
 │ │ [47/339] Generating C type support dispatch for ROS interfaces
 │ │ [48/339] Building CXX object CMakeFiles/rtabmap_msgs__rosidl_typesupport_c.dir/rosidl_typesupport_c/rtabmap_msgs/msg/info__type_support.cpp.o
 │ │ [49/339] Building CXX object CMakeFiles/rtabmap_msgs__rosidl_typesupport_c.dir/rosidl_typesupport_c/rtabmap_msgs/msg/key_point__type_support.cpp.o
 │ │ [50/339] Building CXX object CMakeFiles/rtabmap_msgs__rosidl_typesupport_c.dir/rosidl_typesupport_c/rtabmap_msgs/msg/global_descriptor__type_support.cpp.o
 │ │ [51/339] Generating C++ introspection for ROS interfaces
 │ │ [52/339] Building CXX object CMakeFiles/rtabmap_msgs__rosidl_typesupport_c.dir/rosidl_typesupport_c/rtabmap_msgs/msg/map_data__type_support.cpp.o
 │ │ [53/339] Building CXX object CMakeFiles/rtabmap_msgs__rosidl_typesupport_c.dir/rosidl_typesupport_c/rtabmap_msgs/msg/scan_descriptor__type_support.cpp.o
 │ │ [54/339] Building CXX object CMakeFiles/rtabmap_msgs__rosidl_typesupport_cpp.dir/rosidl_typesupport_cpp/rtabmap_msgs/msg/key_point__type_support.cpp.o
 │ │ [55/339] Building CXX object CMakeFiles/rtabmap_msgs__rosidl_typesupport_c.dir/rosidl_typesupport_c/rtabmap_msgs/msg/map_graph__type_support.cpp.o
 │ │ [56/339] Building CXX object CMakeFiles/rtabmap_msgs__rosidl_typesupport_c.dir/rosidl_typesupport_c/rtabmap_msgs/msg/node__type_support.cpp.o
 │ │ [57/339] Building CXX object CMakeFiles/rtabmap_msgs__rosidl_typesupport_c.dir/rosidl_typesupport_c/rtabmap_msgs/msg/link__type_support.cpp.o
 │ │ [58/339] Building CXX object CMakeFiles/rtabmap_msgs__rosidl_typesupport_c.dir/rosidl_typesupport_c/rtabmap_msgs/msg/landmark_detection__type_support.cpp.o
 │ │ [59/339] Building CXX object CMakeFiles/rtabmap_msgs__rosidl_typesupport_c.dir/rosidl_typesupport_c/rtabmap_msgs/msg/sensor_data__type_support.cpp.o
 │ │ [60/339] Building CXX object CMakeFiles/rtabmap_msgs__rosidl_typesupport_cpp.dir/rosidl_typesupport_cpp/rtabmap_msgs/msg/scan_descriptor__type_support.cpp.
 │ │ o
 │ │ [61/339] Building CXX object CMakeFiles/rtabmap_msgs__rosidl_typesupport_c.dir/rosidl_typesupport_c/rtabmap_msgs/msg/point2f__type_support.cpp.o
 │ │ [62/339] Building CXX object CMakeFiles/rtabmap_msgs__rosidl_typesupport_c.dir/rosidl_typesupport_c/rtabmap_msgs/msg/landmark_detections__type_support.cpp.
 │ │ o
 │ │ [63/339] Building CXX object CMakeFiles/rtabmap_msgs__rosidl_typesupport_cpp.dir/rosidl_typesupport_cpp/rtabmap_msgs/msg/info__type_support.cpp.o
 │ │ [64/339] Building CXX object CMakeFiles/rtabmap_msgs__rosidl_typesupport_c.dir/rosidl_typesupport_c/rtabmap_msgs/msg/odom_info__type_support.cpp.o
 │ │ [65/339] Building CXX object CMakeFiles/rtabmap_msgs__rosidl_typesupport_c.dir/rosidl_typesupport_c/rtabmap_msgs/msg/rgbd_image__type_support.cpp.o
 │ │ [66/339] Building CXX object CMakeFiles/rtabmap_msgs__rosidl_typesupport_c.dir/rosidl_typesupport_c/rtabmap_msgs/msg/point3f__type_support.cpp.o
 │ │ [67/339] Building CXX object CMakeFiles/rtabmap_msgs__rosidl_typesupport_c.dir/rosidl_typesupport_c/rtabmap_msgs/msg/rgbd_images__type_support.cpp.o
 │ │ [68/339] Building CXX object CMakeFiles/rtabmap_msgs__rosidl_typesupport_cpp.dir/rosidl_typesupport_cpp/rtabmap_msgs/msg/map_data__type_support.cpp.o
 │ │ [69/339] Building CXX object CMakeFiles/rtabmap_msgs__rosidl_typesupport_c.dir/rosidl_typesupport_c/rtabmap_msgs/msg/goal__type_support.cpp.o
 │ │ [70/339] Building CXX object CMakeFiles/rtabmap_msgs__rosidl_typesupport_cpp.dir/rosidl_typesupport_cpp/rtabmap_msgs/msg/global_descriptor__type_support.cp
 │ │ p.o
 │ │ [71/339] Building CXX object CMakeFiles/rtabmap_msgs__rosidl_typesupport_c.dir/rosidl_typesupport_c/rtabmap_msgs/msg/path__type_support.cpp.o
 │ │ [72/339] Building CXX object CMakeFiles/rtabmap_msgs__rosidl_typesupport_c.dir/rosidl_typesupport_c/rtabmap_msgs/msg/env_sensor__type_support.cpp.o
 │ │ [73/339] Building CXX object CMakeFiles/rtabmap_msgs__rosidl_typesupport_c.dir/rosidl_typesupport_c/rtabmap_msgs/msg/gps__type_support.cpp.o
 │ │ [74/339] Building CXX object CMakeFiles/rtabmap_msgs__rosidl_typesupport_c.dir/rosidl_typesupport_c/rtabmap_msgs/msg/user_data__type_support.cpp.o
 │ │ [75/339] Building CXX object CMakeFiles/rtabmap_msgs__rosidl_typesupport_c.dir/rosidl_typesupport_c/rtabmap_msgs/srv/get_map__type_support.cpp.o
 │ │ [76/339] Building CXX object CMakeFiles/rtabmap_msgs__rosidl_typesupport_c.dir/rosidl_typesupport_c/rtabmap_msgs/msg/camera_model__type_support.cpp.o
 │ │ [77/339] Building CXX object CMakeFiles/rtabmap_msgs__rosidl_typesupport_c.dir/rosidl_typesupport_c/rtabmap_msgs/msg/camera_models__type_support.cpp.o
 │ │ [78/339] Building CXX object CMakeFiles/rtabmap_msgs__rosidl_typesupport_c.dir/rosidl_typesupport_c/rtabmap_msgs/srv/list_labels__type_support.cpp.o
 │ │ [79/339] Generating C++ type support for eProsima Fast-RTPS
 │ │ [80/339] Building CXX object CMakeFiles/rtabmap_msgs__rosidl_typesupport_c.dir/rosidl_typesupport_c/rtabmap_msgs/srv/get_map2__type_support.cpp.o
 │ │ [81/339] Building CXX object CMakeFiles/rtabmap_msgs__rosidl_typesupport_c.dir/rosidl_typesupport_c/rtabmap_msgs/srv/reset_pose__type_support.cpp.o
 │ │ [82/339] Building CXX object CMakeFiles/rtabmap_msgs__rosidl_typesupport_c.dir/rosidl_typesupport_c/rtabmap_msgs/srv/publish_map__type_support.cpp.o
 │ │ [83/339] Building CXX object CMakeFiles/rtabmap_msgs__rosidl_typesupport_c.dir/rosidl_typesupport_c/rtabmap_msgs/srv/set_label__type_support.cpp.o
 │ │ [84/339] Building CXX object CMakeFiles/rtabmap_msgs__rosidl_typesupport_c.dir/rosidl_typesupport_c/rtabmap_msgs/srv/remove_label__type_support.cpp.o
 │ │ [85/339] Building CXX object CMakeFiles/rtabmap_msgs__rosidl_typesupport_c.dir/rosidl_typesupport_c/rtabmap_msgs/srv/set_goal__type_support.cpp.o
 │ │ [86/339] Building CXX object CMakeFiles/rtabmap_msgs__rosidl_typesupport_c.dir/rosidl_typesupport_c/rtabmap_msgs/srv/get_plan__type_support.cpp.o
 │ │ [87/339] Building CXX object CMakeFiles/rtabmap_msgs__rosidl_typesupport_c.dir/rosidl_typesupport_c/rtabmap_msgs/srv/get_node_data__type_support.cpp.o
 │ │ [88/339] Building CXX object CMakeFiles/rtabmap_msgs__rosidl_typesupport_c.dir/rosidl_typesupport_c/rtabmap_msgs/srv/add_link__type_support.cpp.o
 │ │ [89/339] Building CXX object CMakeFiles/rtabmap_msgs__rosidl_typesupport_c.dir/rosidl_typesupport_c/rtabmap_msgs/srv/global_bundle_adjustment__type_support
 │ │ .cpp.o
 │ │ [90/339] Building CXX object CMakeFiles/rtabmap_msgs__rosidl_typesupport_c.dir/rosidl_typesupport_c/rtabmap_msgs/srv/get_nodes_in_radius__type_support.cpp.
 │ │ o
 │ │ [91/339] Building CXX object CMakeFiles/rtabmap_msgs__rosidl_typesupport_c.dir/rosidl_typesupport_c/rtabmap_msgs/srv/detect_more_loop_closures__type_suppor
 │ │ t.cpp.o
 │ │ [92/339] Building CXX object CMakeFiles/rtabmap_msgs__rosidl_typesupport_c.dir/rosidl_typesupport_c/rtabmap_msgs/srv/cleanup_local_grids__type_support.cpp.
 │ │ o
 │ │ [93/339] Building CXX object CMakeFiles/rtabmap_msgs__rosidl_typesupport_c.dir/rosidl_typesupport_c/rtabmap_msgs/srv/load_database__type_support.cpp.o
 │ │ [94/339] Generating C type support for eProsima Fast-RTPS
 │ │ [95/339] Generating C introspection for ROS interfaces
 │ │ [96/339] Building CXX object CMakeFiles/rtabmap_msgs__rosidl_typesupport_fastrtps_cpp.dir/rosidl_typesupport_fastrtps_cpp/rtabmap_msgs/msg/detail/dds_fastr
 │ │ tps/key_point__type_support.cpp.o
 │ │ [97/339] Building CXX object CMakeFiles/rtabmap_msgs__rosidl_typesupport_fastrtps_c.dir/rosidl_typesupport_fastrtps_c/rtabmap_msgs/msg/detail/info__type_su
 │ │ pport_c.cpp.o
 │ │ [98/339] Building CXX object CMakeFiles/rtabmap_msgs__rosidl_typesupport_fastrtps_cpp.dir/rosidl_typesupport_fastrtps_cpp/rtabmap_msgs/msg/detail/dds_fastr
 │ │ tps/map_graph__type_support.cpp.o
 │ │ [99/339] Building CXX object CMakeFiles/rtabmap_msgs__rosidl_typesupport_fastrtps_c.dir/rosidl_typesupport_fastrtps_c/rtabmap_msgs/msg/detail/key_point__ty
 │ │ pe_support_c.cpp.o
 │ │ [100/339] Building CXX object CMakeFiles/rtabmap_msgs__rosidl_typesupport_fastrtps_cpp.dir/rosidl_typesupport_fastrtps_cpp/rtabmap_msgs/msg/detail/dds_fast
 │ │ rtps/node__type_support.cpp.o
 │ │ [101/339] Building CXX object CMakeFiles/rtabmap_msgs__rosidl_typesupport_fastrtps_cpp.dir/rosidl_typesupport_fastrtps_cpp/rtabmap_msgs/msg/detail/dds_fast
 │ │ rtps/global_descriptor__type_support.cpp.o
 │ │ [102/339] Building CXX object CMakeFiles/rtabmap_msgs__rosidl_typesupport_fastrtps_cpp.dir/rosidl_typesupport_fastrtps_cpp/rtabmap_msgs/msg/detail/dds_fast
 │ │ rtps/scan_descriptor__type_support.cpp.o
 │ │ [103/339] Building CXX object CMakeFiles/rtabmap_msgs__rosidl_typesupport_fastrtps_cpp.dir/rosidl_typesupport_fastrtps_cpp/rtabmap_msgs/msg/detail/dds_fast
 │ │ rtps/info__type_support.cpp.o
 │ │ [104/339] Building CXX object CMakeFiles/rtabmap_msgs__rosidl_typesupport_fastrtps_cpp.dir/rosidl_typesupport_fastrtps_cpp/rtabmap_msgs/msg/detail/dds_fast
 │ │ rtps/map_data__type_support.cpp.o
 │ │ [105/339] Building CXX object CMakeFiles/rtabmap_msgs__rosidl_typesupport_fastrtps_c.dir/rosidl_typesupport_fastrtps_c/rtabmap_msgs/msg/detail/global_descr
 │ │ iptor__type_support_c.cpp.o
 │ │ [106/339] Building CXX object CMakeFiles/rtabmap_msgs__rosidl_typesupport_fastrtps_c.dir/rosidl_typesupport_fastrtps_c/rtabmap_msgs/msg/detail/map_data__ty
 │ │ pe_support_c.cpp.o
 │ │ [107/339] Building CXX object CMakeFiles/rtabmap_msgs__rosidl_typesupport_fastrtps_c.dir/rosidl_typesupport_fastrtps_c/rtabmap_msgs/msg/detail/scan_descrip
 │ │ tor__type_support_c.cpp.o
 │ │ [108/339] Building CXX object CMakeFiles/rtabmap_msgs__rosidl_typesupport_fastrtps_c.dir/rosidl_typesupport_fastrtps_c/rtabmap_msgs/msg/detail/map_graph__t
 │ │ ype_support_c.cpp.o
 │ │ [109/339] Building CXX object CMakeFiles/rtabmap_msgs__rosidl_typesupport_fastrtps_c.dir/rosidl_typesupport_fastrtps_c/rtabmap_msgs/msg/detail/link__type_s
 │ │ upport_c.cpp.o
 │ │ [110/339] Building CXX object CMakeFiles/rtabmap_msgs__rosidl_typesupport_fastrtps_c.dir/rosidl_typesupport_fastrtps_c/rtabmap_msgs/msg/detail/node__type_s
 │ │ upport_c.cpp.o
 │ │ [111/339] Building CXX object CMakeFiles/rtabmap_msgs__rosidl_typesupport_fastrtps_c.dir/rosidl_typesupport_fastrtps_c/rtabmap_msgs/msg/detail/sensor_data_
 │ │ _type_support_c.cpp.o
 │ │ [112/339] Building CXX object CMakeFiles/rtabmap_msgs__rosidl_typesupport_fastrtps_c.dir/rosidl_typesupport_fastrtps_c/rtabmap_msgs/msg/detail/landmark_det
 │ │ ection__type_support_c.cpp.o
 │ │ [113/339] Building CXX object CMakeFiles/rtabmap_msgs__rosidl_typesupport_fastrtps_c.dir/rosidl_typesupport_fastrtps_c/rtabmap_msgs/msg/detail/landmark_det
 │ │ ections__type_support_c.cpp.o
 │ │ [114/339] Building CXX object CMakeFiles/rtabmap_msgs__rosidl_typesupport_fastrtps_c.dir/rosidl_typesupport_fastrtps_c/rtabmap_msgs/msg/detail/point2f__typ
 │ │ e_support_c.cpp.o
 │ │ [115/339] Building CXX object CMakeFiles/rtabmap_msgs__rosidl_typesupport_fastrtps_c.dir/rosidl_typesupport_fastrtps_c/rtabmap_msgs/msg/detail/goal__type_s
 │ │ upport_c.cpp.o
 │ │ [116/339] Building CXX object CMakeFiles/rtabmap_msgs__rosidl_typesupport_fastrtps_cpp.dir/rosidl_typesupport_fastrtps_cpp/rtabmap_msgs/msg/detail/dds_fast
 │ │ rtps/sensor_data__type_support.cpp.o
 │ │ [117/339] Building CXX object CMakeFiles/rtabmap_msgs__rosidl_typesupport_fastrtps_c.dir/rosidl_typesupport_fastrtps_c/rtabmap_msgs/msg/detail/point3f__typ
 │ │ e_support_c.cpp.o
 │ │ [118/339] Building CXX object CMakeFiles/rtabmap_msgs__rosidl_typesupport_fastrtps_c.dir/rosidl_typesupport_fastrtps_c/rtabmap_msgs/msg/detail/odom_info__t
 │ │ ype_support_c.cpp.o
 │ │ [119/339] Building CXX object CMakeFiles/rtabmap_msgs__rosidl_typesupport_fastrtps_c.dir/rosidl_typesupport_fastrtps_c/rtabmap_msgs/msg/detail/rgbd_images_
 │ │ _type_support_c.cpp.o
 │ │ [120/339] Building CXX object CMakeFiles/rtabmap_msgs__rosidl_typesupport_fastrtps_c.dir/rosidl_typesupport_fastrtps_c/rtabmap_msgs/msg/detail/user_data__t
 │ │ ype_support_c.cpp.o
 │ │ [121/339] Building CXX object CMakeFiles/rtabmap_msgs__rosidl_typesupport_fastrtps_c.dir/rosidl_typesupport_fastrtps_c/rtabmap_msgs/msg/detail/gps__type_su
 │ │ pport_c.cpp.o
 │ │ [122/339] Building CXX object CMakeFiles/rtabmap_msgs__rosidl_typesupport_fastrtps_c.dir/rosidl_typesupport_fastrtps_c/rtabmap_msgs/msg/detail/rgbd_image__
 │ │ type_support_c.cpp.o
 │ │ [123/339] Building CXX object CMakeFiles/rtabmap_msgs__rosidl_typesupport_fastrtps_c.dir/rosidl_typesupport_fastrtps_c/rtabmap_msgs/msg/detail/camera_model
 │ │ __type_support_c.cpp.o
 │ │ [124/339] Building CXX object CMakeFiles/rtabmap_msgs__rosidl_typesupport_fastrtps_c.dir/rosidl_typesupport_fastrtps_c/rtabmap_msgs/msg/detail/path__type_s
 │ │ upport_c.cpp.o
 │ │ [125/339] Building CXX object CMakeFiles/rtabmap_msgs__rosidl_typesupport_fastrtps_c.dir/rosidl_typesupport_fastrtps_c/rtabmap_msgs/srv/detail/get_map__typ
 │ │ e_support_c.cpp.o
 │ │ [126/339] Building CXX object CMakeFiles/rtabmap_msgs__rosidl_typesupport_fastrtps_c.dir/rosidl_typesupport_fastrtps_c/rtabmap_msgs/srv/detail/get_map2__ty
 │ │ pe_support_c.cpp.o
 │ │ [127/339] Building CXX object CMakeFiles/rtabmap_msgs__rosidl_typesupport_fastrtps_c.dir/rosidl_typesupport_fastrtps_c/rtabmap_msgs/msg/detail/env_sensor__
 │ │ type_support_c.cpp.o
 │ │ [128/339] Building CXX object CMakeFiles/rtabmap_msgs__rosidl_typesupport_fastrtps_c.dir/rosidl_typesupport_fastrtps_c/rtabmap_msgs/msg/detail/camera_model
 │ │ s__type_support_c.cpp.o
 │ │ [129/339] Building CXX object CMakeFiles/rtabmap_msgs__rosidl_typesupport_fastrtps_c.dir/rosidl_typesupport_fastrtps_c/rtabmap_msgs/srv/detail/publish_map_
 │ │ _type_support_c.cpp.o
 │ │ [130/339] Building CXX object CMakeFiles/rtabmap_msgs__rosidl_typesupport_fastrtps_c.dir/rosidl_typesupport_fastrtps_c/rtabmap_msgs/srv/detail/reset_pose__
 │ │ type_support_c.cpp.o
 │ │ [131/339] Building CXX object CMakeFiles/rtabmap_msgs__rosidl_typesupport_fastrtps_c.dir/rosidl_typesupport_fastrtps_c/rtabmap_msgs/srv/detail/list_labels_
 │ │ _type_support_c.cpp.o
 │ │ [132/339] Building CXX object CMakeFiles/rtabmap_msgs__rosidl_typesupport_fastrtps_c.dir/rosidl_typesupport_fastrtps_c/rtabmap_msgs/srv/detail/set_goal__ty
 │ │ pe_support_c.cpp.o
 │ │ [133/339] Building CXX object CMakeFiles/rtabmap_msgs__rosidl_typesupport_fastrtps_c.dir/rosidl_typesupport_fastrtps_c/rtabmap_msgs/srv/detail/set_label__t
 │ │ ype_support_c.cpp.o
 │ │ [134/339] Building CXX object CMakeFiles/rtabmap_msgs__rosidl_typesupport_fastrtps_c.dir/rosidl_typesupport_fastrtps_c/rtabmap_msgs/srv/detail/add_link__ty
 │ │ pe_support_c.cpp.o
 │ │ [135/339] Building C object CMakeFiles/rtabmap_msgs__rosidl_typesupport_introspection_c.dir/rosidl_typesupport_introspection_c/rtabmap_msgs/msg/detail/key_
 │ │ point__type_support.c.o
 │ │ [136/339] Building CXX object CMakeFiles/rtabmap_msgs__rosidl_typesupport_fastrtps_c.dir/rosidl_typesupport_fastrtps_c/rtabmap_msgs/srv/detail/remove_label
 │ │ __type_support_c.cpp.o
 │ │ [137/339] Building C object CMakeFiles/rtabmap_msgs__rosidl_typesupport_introspection_c.dir/rosidl_typesupport_introspection_c/rtabmap_msgs/msg/detail/info
 │ │ __type_support.c.o
 │ │ [138/339] Building C object CMakeFiles/rtabmap_msgs__rosidl_typesupport_introspection_c.dir/rosidl_typesupport_introspection_c/rtabmap_msgs/msg/detail/glob
 │ │ al_descriptor__type_support.c.o
 │ │ [139/339] Building C object CMakeFiles/rtabmap_msgs__rosidl_typesupport_introspection_c.dir/rosidl_typesupport_introspection_c/rtabmap_msgs/msg/detail/scan
 │ │ _descriptor__type_support.c.o
 │ │ [140/339] Building CXX object CMakeFiles/rtabmap_msgs__rosidl_typesupport_fastrtps_c.dir/rosidl_typesupport_fastrtps_c/rtabmap_msgs/srv/detail/get_node_dat
 │ │ a__type_support_c.cpp.o
 │ │ [141/339] Building CXX object CMakeFiles/rtabmap_msgs__rosidl_typesupport_fastrtps_c.dir/rosidl_typesupport_fastrtps_c/rtabmap_msgs/srv/detail/load_databas
 │ │ e__type_support_c.cpp.o
 │ │ [142/339] Building CXX object CMakeFiles/rtabmap_msgs__rosidl_typesupport_fastrtps_c.dir/rosidl_typesupport_fastrtps_c/rtabmap_msgs/srv/detail/get_plan__ty
 │ │ pe_support_c.cpp.o
 │ │ [143/339] Building CXX object CMakeFiles/rtabmap_msgs__rosidl_typesupport_fastrtps_c.dir/rosidl_typesupport_fastrtps_c/rtabmap_msgs/srv/detail/detect_more_
 │ │ loop_closures__type_support_c.cpp.o
 │ │ [144/339] Building C object CMakeFiles/rtabmap_msgs__rosidl_typesupport_introspection_c.dir/rosidl_typesupport_introspection_c/rtabmap_msgs/msg/detail/land
 │ │ mark_detection__type_support.c.o
 │ │ [145/339] Building C object CMakeFiles/rtabmap_msgs__rosidl_typesupport_introspection_c.dir/rosidl_typesupport_introspection_c/rtabmap_msgs/msg/detail/link
 │ │ __type_support.c.o
 │ │ [146/339] Building C object CMakeFiles/rtabmap_msgs__rosidl_typesupport_introspection_c.dir/rosidl_typesupport_introspection_c/rtabmap_msgs/msg/detail/map_
 │ │ data__type_support.c.o
 │ │ [147/339] Building C object CMakeFiles/rtabmap_msgs__rosidl_typesupport_introspection_c.dir/rosidl_typesupport_introspection_c/rtabmap_msgs/msg/detail/map_
 │ │ graph__type_support.c.o
 │ │ [148/339] Building C object CMakeFiles/rtabmap_msgs__rosidl_typesupport_introspection_c.dir/rosidl_typesupport_introspection_c/rtabmap_msgs/msg/detail/land
 │ │ mark_detections__type_support.c.o
 │ │ [149/339] Building CXX object CMakeFiles/rtabmap_msgs__rosidl_typesupport_fastrtps_c.dir/rosidl_typesupport_fastrtps_c/rtabmap_msgs/srv/detail/get_nodes_in
 │ │ _radius__type_support_c.cpp.o
 │ │ [150/339] Building C object CMakeFiles/rtabmap_msgs__rosidl_typesupport_introspection_c.dir/rosidl_typesupport_introspection_c/rtabmap_msgs/msg/detail/poin
 │ │ t3f__type_support.c.o
 │ │ [151/339] Building C object CMakeFiles/rtabmap_msgs__rosidl_typesupport_introspection_c.dir/rosidl_typesupport_introspection_c/rtabmap_msgs/msg/detail/poin
 │ │ t2f__type_support.c.o
 │ │ [152/339] Building C object CMakeFiles/rtabmap_msgs__rosidl_typesupport_introspection_c.dir/rosidl_typesupport_introspection_c/rtabmap_msgs/msg/detail/node
 │ │ __type_support.c.o
 │ │ [153/339] Building C object CMakeFiles/rtabmap_msgs__rosidl_typesupport_introspection_c.dir/rosidl_typesupport_introspection_c/rtabmap_msgs/msg/detail/goal
 │ │ __type_support.c.o
 │ │ [154/339] Building C object CMakeFiles/rtabmap_msgs__rosidl_typesupport_introspection_c.dir/rosidl_typesupport_introspection_c/rtabmap_msgs/msg/detail/gps_
 │ │ _type_support.c.o
 │ │ [155/339] Building C object CMakeFiles/rtabmap_msgs__rosidl_typesupport_introspection_c.dir/rosidl_typesupport_introspection_c/rtabmap_msgs/msg/detail/rgbd
 │ │ _image__type_support.c.o
 │ │ [156/339] Building C object CMakeFiles/rtabmap_msgs__rosidl_typesupport_introspection_c.dir/rosidl_typesupport_introspection_c/rtabmap_msgs/msg/detail/sens
 │ │ or_data__type_support.c.o
 │ │ [157/339] Building C object CMakeFiles/rtabmap_msgs__rosidl_typesupport_introspection_c.dir/rosidl_typesupport_introspection_c/rtabmap_msgs/msg/detail/env_
 │ │ sensor__type_support.c.o
 │ │ [158/339] Building C object CMakeFiles/rtabmap_msgs__rosidl_typesupport_introspection_c.dir/rosidl_typesupport_introspection_c/rtabmap_msgs/msg/detail/rgbd
 │ │ _images__type_support.c.o
 │ │ [159/339] Building C object CMakeFiles/rtabmap_msgs__rosidl_typesupport_introspection_c.dir/rosidl_typesupport_introspection_c/rtabmap_msgs/msg/detail/user
 │ │ _data__type_support.c.o
 │ │ [160/339] Building C object CMakeFiles/rtabmap_msgs__rosidl_typesupport_introspection_c.dir/rosidl_typesupport_introspection_c/rtabmap_msgs/msg/detail/came
 │ │ ra_model__type_support.c.o
 │ │ [161/339] Building C object CMakeFiles/rtabmap_msgs__rosidl_typesupport_introspection_c.dir/rosidl_typesupport_introspection_c/rtabmap_msgs/msg/detail/odom
 │ │ _info__type_support.c.o
 │ │ [162/339] Building C object CMakeFiles/rtabmap_msgs__rosidl_typesupport_introspection_c.dir/rosidl_typesupport_introspection_c/rtabmap_msgs/msg/detail/came
 │ │ ra_models__type_support.c.o
 │ │ [163/339] Building C object CMakeFiles/rtabmap_msgs__rosidl_typesupport_introspection_c.dir/rosidl_typesupport_introspection_c/rtabmap_msgs/msg/detail/path
 │ │ __type_support.c.o
 │ │ [164/339] Building C object CMakeFiles/rtabmap_msgs__rosidl_typesupport_introspection_c.dir/rosidl_typesupport_introspection_c/rtabmap_msgs/srv/detail/publ
 │ │ ish_map__type_support.c.o
 │ │ [165/339] Building C object CMakeFiles/rtabmap_msgs__rosidl_typesupport_introspection_c.dir/rosidl_typesupport_introspection_c/rtabmap_msgs/srv/detail/get_
 │ │ map__type_support.c.o
 │ │ [166/339] Building C object CMakeFiles/rtabmap_msgs__rosidl_typesupport_introspection_c.dir/rosidl_typesupport_introspection_c/rtabmap_msgs/srv/detail/set_
 │ │ label__type_support.c.o
 │ │ [167/339] Building CXX object CMakeFiles/rtabmap_msgs__rosidl_typesupport_fastrtps_c.dir/rosidl_typesupport_fastrtps_c/rtabmap_msgs/srv/detail/cleanup_loca
 │ │ l_grids__type_support_c.cpp.o
 │ │ [168/339] Building CXX object CMakeFiles/rtabmap_msgs__rosidl_typesupport_fastrtps_c.dir/rosidl_typesupport_fastrtps_c/rtabmap_msgs/srv/detail/global_bundl
 │ │ e_adjustment__type_support_c.cpp.o
 │ │ [169/339] Building C object CMakeFiles/rtabmap_msgs__rosidl_typesupport_introspection_c.dir/rosidl_typesupport_introspection_c/rtabmap_msgs/srv/detail/rese
 │ │ t_pose__type_support.c.o
 │ │ [170/339] Building C object CMakeFiles/rtabmap_msgs__rosidl_typesupport_introspection_c.dir/rosidl_typesupport_introspection_c/rtabmap_msgs/srv/detail/remo
 │ │ ve_label__type_support.c.o
 │ │ [171/339] Building C object CMakeFiles/rtabmap_msgs__rosidl_typesupport_introspection_c.dir/rosidl_typesupport_introspection_c/rtabmap_msgs/srv/detail/set_
 │ │ goal__type_support.c.o
 │ │ [172/339] Building C object CMakeFiles/rtabmap_msgs__rosidl_typesupport_introspection_c.dir/rosidl_typesupport_introspection_c/rtabmap_msgs/srv/detail/list
 │ │ _labels__type_support.c.o
 │ │ [173/339] Building C object CMakeFiles/rtabmap_msgs__rosidl_typesupport_introspection_c.dir/rosidl_typesupport_introspection_c/rtabmap_msgs/srv/detail/get_
 │ │ map2__type_support.c.o
 │ │ [174/339] Building C object CMakeFiles/rtabmap_msgs__rosidl_typesupport_introspection_c.dir/rosidl_typesupport_introspection_c/rtabmap_msgs/srv/detail/add_
 │ │ link__type_support.c.o
 │ │ [175/339] Building C object CMakeFiles/rtabmap_msgs__rosidl_typesupport_introspection_c.dir/rosidl_typesupport_introspection_c/rtabmap_msgs/srv/detail/get_
 │ │ plan__type_support.c.o
 │ │ [176/339] Building C object CMakeFiles/rtabmap_msgs__rosidl_typesupport_introspection_c.dir/rosidl_typesupport_introspection_c/rtabmap_msgs/srv/detail/clea
 │ │ nup_local_grids__type_support.c.o
 │ │ [177/339] Building C object CMakeFiles/rtabmap_msgs__rosidl_typesupport_introspection_c.dir/rosidl_typesupport_introspection_c/rtabmap_msgs/srv/detail/get_
 │ │ node_data__type_support.c.o
 │ │ [178/339] Building C object CMakeFiles/rtabmap_msgs__rosidl_typesupport_introspection_c.dir/rosidl_typesupport_introspection_c/rtabmap_msgs/srv/detail/load
 │ │ _database__type_support.c.o
 │ │ [179/339] Building C object CMakeFiles/rtabmap_msgs__rosidl_typesupport_introspection_c.dir/rosidl_typesupport_introspection_c/rtabmap_msgs/srv/detail/glob
 │ │ al_bundle_adjustment__type_support.c.o
 │ │ [180/339] Building C object CMakeFiles/rtabmap_msgs__rosidl_typesupport_introspection_c.dir/rosidl_typesupport_introspection_c/rtabmap_msgs/srv/detail/get_
 │ │ nodes_in_radius__type_support.c.o
 │ │ [181/339] Building C object CMakeFiles/rtabmap_msgs__rosidl_typesupport_introspection_c.dir/rosidl_typesupport_introspection_c/rtabmap_msgs/srv/detail/dete
 │ │ ct_more_loop_closures__type_support.c.o
 │ │ [182/339] Building CXX object CMakeFiles/rtabmap_msgs__rosidl_typesupport_fastrtps_cpp.dir/rosidl_typesupport_fastrtps_cpp/rtabmap_msgs/msg/detail/dds_fast
 │ │ rtps/point3f__type_support.cpp.o
 │ │ [183/339] Building CXX object CMakeFiles/rtabmap_msgs__rosidl_typesupport_fastrtps_cpp.dir/rosidl_typesupport_fastrtps_cpp/rtabmap_msgs/msg/detail/dds_fast
 │ │ rtps/link__type_support.cpp.o
 │ │ [184/339] Building CXX object CMakeFiles/rtabmap_msgs__rosidl_typesupport_fastrtps_cpp.dir/rosidl_typesupport_fastrtps_cpp/rtabmap_msgs/msg/detail/dds_fast
 │ │ rtps/landmark_detections__type_support.cpp.o
 │ │ [185/339] Building CXX object CMakeFiles/rtabmap_msgs__rosidl_typesupport_fastrtps_cpp.dir/rosidl_typesupport_fastrtps_cpp/rtabmap_msgs/msg/detail/dds_fast
 │ │ rtps/point2f__type_support.cpp.o
 │ │ [186/339] Building CXX object CMakeFiles/rtabmap_msgs__rosidl_typesupport_fastrtps_cpp.dir/rosidl_typesupport_fastrtps_cpp/rtabmap_msgs/msg/detail/dds_fast
 │ │ rtps/goal__type_support.cpp.o
 │ │ [187/339] Building CXX object CMakeFiles/rtabmap_msgs__rosidl_typesupport_fastrtps_cpp.dir/rosidl_typesupport_fastrtps_cpp/rtabmap_msgs/msg/detail/dds_fast
 │ │ rtps/rgbd_image__type_support.cpp.o
 │ │ [188/339] Building CXX object CMakeFiles/rtabmap_msgs__rosidl_typesupport_fastrtps_cpp.dir/rosidl_typesupport_fastrtps_cpp/rtabmap_msgs/msg/detail/dds_fast
 │ │ rtps/landmark_detection__type_support.cpp.o
 │ │ [189/339] Building CXX object CMakeFiles/rtabmap_msgs__rosidl_typesupport_fastrtps_cpp.dir/rosidl_typesupport_fastrtps_cpp/rtabmap_msgs/msg/detail/dds_fast
 │ │ rtps/user_data__type_support.cpp.o
 │ │ [190/339] Building CXX object CMakeFiles/rtabmap_msgs__rosidl_typesupport_fastrtps_cpp.dir/rosidl_typesupport_fastrtps_cpp/rtabmap_msgs/msg/detail/dds_fast
 │ │ rtps/gps__type_support.cpp.o
 │ │ [191/339] Building CXX object CMakeFiles/rtabmap_msgs__rosidl_typesupport_fastrtps_cpp.dir/rosidl_typesupport_fastrtps_cpp/rtabmap_msgs/msg/detail/dds_fast
 │ │ rtps/camera_model__type_support.cpp.o
 │ │ [192/339] Building CXX object CMakeFiles/rtabmap_msgs__rosidl_typesupport_fastrtps_cpp.dir/rosidl_typesupport_fastrtps_cpp/rtabmap_msgs/msg/detail/dds_fast
 │ │ rtps/rgbd_images__type_support.cpp.o
 │ │ [193/339] Building CXX object CMakeFiles/rtabmap_msgs__rosidl_typesupport_fastrtps_cpp.dir/rosidl_typesupport_fastrtps_cpp/rtabmap_msgs/msg/detail/dds_fast
 │ │ rtps/path__type_support.cpp.o
 │ │ [194/339] Building CXX object CMakeFiles/rtabmap_msgs__rosidl_typesupport_fastrtps_cpp.dir/rosidl_typesupport_fastrtps_cpp/rtabmap_msgs/msg/detail/dds_fast
 │ │ rtps/env_sensor__type_support.cpp.o
 │ │ [195/339] Building CXX object CMakeFiles/rtabmap_msgs__rosidl_typesupport_fastrtps_cpp.dir/rosidl_typesupport_fastrtps_cpp/rtabmap_msgs/srv/detail/dds_fast
 │ │ rtps/get_map__type_support.cpp.o
 │ │ [196/339] Building CXX object CMakeFiles/rtabmap_msgs__rosidl_typesupport_fastrtps_cpp.dir/rosidl_typesupport_fastrtps_cpp/rtabmap_msgs/msg/detail/dds_fast
 │ │ rtps/odom_info__type_support.cpp.o
 │ │ [197/339] Building CXX object CMakeFiles/rtabmap_msgs__rosidl_typesupport_fastrtps_cpp.dir/rosidl_typesupport_fastrtps_cpp/rtabmap_msgs/msg/detail/dds_fast
 │ │ rtps/camera_models__type_support.cpp.o
 │ │ [198/339] Building CXX object CMakeFiles/rtabmap_msgs__rosidl_typesupport_fastrtps_cpp.dir/rosidl_typesupport_fastrtps_cpp/rtabmap_msgs/srv/detail/dds_fast
 │ │ rtps/get_map2__type_support.cpp.o
 │ │ [199/339] Building CXX object CMakeFiles/rtabmap_msgs__rosidl_typesupport_fastrtps_cpp.dir/rosidl_typesupport_fastrtps_cpp/rtabmap_msgs/srv/detail/dds_fast
 │ │ rtps/list_labels__type_support.cpp.o
 │ │ [200/339] Building CXX object CMakeFiles/rtabmap_msgs__rosidl_typesupport_fastrtps_cpp.dir/rosidl_typesupport_fastrtps_cpp/rtabmap_msgs/srv/detail/dds_fast
 │ │ rtps/publish_map__type_support.cpp.o
 │ │ [201/339] Building CXX object CMakeFiles/rtabmap_msgs__rosidl_typesupport_fastrtps_cpp.dir/rosidl_typesupport_fastrtps_cpp/rtabmap_msgs/srv/detail/dds_fast
 │ │ rtps/remove_label__type_support.cpp.o
 │ │ [202/339] Building CXX object CMakeFiles/rtabmap_msgs__rosidl_typesupport_fastrtps_cpp.dir/rosidl_typesupport_fastrtps_cpp/rtabmap_msgs/srv/detail/dds_fast
 │ │ rtps/set_goal__type_support.cpp.o
 │ │ [203/339] Building CXX object CMakeFiles/rtabmap_msgs__rosidl_typesupport_fastrtps_cpp.dir/rosidl_typesupport_fastrtps_cpp/rtabmap_msgs/srv/detail/dds_fast
 │ │ rtps/set_label__type_support.cpp.o
 │ │ [204/339] Building CXX object CMakeFiles/rtabmap_msgs__rosidl_typesupport_fastrtps_cpp.dir/rosidl_typesupport_fastrtps_cpp/rtabmap_msgs/srv/detail/dds_fast
 │ │ rtps/reset_pose__type_support.cpp.o
 │ │ [205/339] Building CXX object CMakeFiles/rtabmap_msgs__rosidl_typesupport_fastrtps_cpp.dir/rosidl_typesupport_fastrtps_cpp/rtabmap_msgs/srv/detail/dds_fast
 │ │ rtps/add_link__type_support.cpp.o
 │ │ [206/339] Building CXX object CMakeFiles/rtabmap_msgs__rosidl_typesupport_fastrtps_cpp.dir/rosidl_typesupport_fastrtps_cpp/rtabmap_msgs/srv/detail/dds_fast
 │ │ rtps/get_plan__type_support.cpp.o
 │ │ [207/339] Building CXX object CMakeFiles/rtabmap_msgs__rosidl_typesupport_fastrtps_cpp.dir/rosidl_typesupport_fastrtps_cpp/rtabmap_msgs/srv/detail/dds_fast
 │ │ rtps/load_database__type_support.cpp.o
 │ │ [208/339] Building CXX object CMakeFiles/rtabmap_msgs__rosidl_typesupport_fastrtps_cpp.dir/rosidl_typesupport_fastrtps_cpp/rtabmap_msgs/srv/detail/dds_fast
 │ │ rtps/detect_more_loop_closures__type_support.cpp.o
 │ │ [209/339] Building CXX object CMakeFiles/rtabmap_msgs__rosidl_typesupport_fastrtps_cpp.dir/rosidl_typesupport_fastrtps_cpp/rtabmap_msgs/srv/detail/dds_fast
 │ │ rtps/global_bundle_adjustment__type_support.cpp.o
 │ │ [210/339] Building CXX object CMakeFiles/rtabmap_msgs__rosidl_typesupport_introspection_cpp.dir/rosidl_typesupport_introspection_cpp/rtabmap_msgs/msg/detai
 │ │ l/key_point__type_support.cpp.o
 │ │ [211/339] Building CXX object CMakeFiles/rtabmap_msgs__rosidl_typesupport_fastrtps_cpp.dir/rosidl_typesupport_fastrtps_cpp/rtabmap_msgs/srv/detail/dds_fast
 │ │ rtps/cleanup_local_grids__type_support.cpp.o
 │ │ [212/339] Building CXX object CMakeFiles/rtabmap_msgs__rosidl_typesupport_fastrtps_cpp.dir/rosidl_typesupport_fastrtps_cpp/rtabmap_msgs/srv/detail/dds_fast
 │ │ rtps/get_nodes_in_radius__type_support.cpp.o
 │ │ [213/339] Building CXX object CMakeFiles/rtabmap_msgs__rosidl_typesupport_introspection_cpp.dir/rosidl_typesupport_introspection_cpp/rtabmap_msgs/msg/detai
 │ │ l/scan_descriptor__type_support.cpp.o
 │ │ [214/339] Building CXX object CMakeFiles/rtabmap_msgs__rosidl_typesupport_introspection_cpp.dir/rosidl_typesupport_introspection_cpp/rtabmap_msgs/msg/detai
 │ │ l/global_descriptor__type_support.cpp.o
 │ │ [215/339] Building CXX object CMakeFiles/rtabmap_msgs__rosidl_typesupport_fastrtps_cpp.dir/rosidl_typesupport_fastrtps_cpp/rtabmap_msgs/srv/detail/dds_fast
 │ │ rtps/get_node_data__type_support.cpp.o
 │ │ [216/339] Building CXX object CMakeFiles/rtabmap_msgs__rosidl_typesupport_introspection_cpp.dir/rosidl_typesupport_introspection_cpp/rtabmap_msgs/msg/detai
 │ │ l/landmark_detection__type_support.cpp.o
 │ │ [217/339] Building CXX object CMakeFiles/rtabmap_msgs__rosidl_typesupport_introspection_cpp.dir/rosidl_typesupport_introspection_cpp/rtabmap_msgs/msg/detai
 │ │ l/link__type_support.cpp.o
 │ │ [218/339] Building CXX object CMakeFiles/rtabmap_msgs__rosidl_typesupport_introspection_cpp.dir/rosidl_typesupport_introspection_cpp/rtabmap_msgs/msg/detai
 │ │ l/info__type_support.cpp.o
 │ │ [219/339] Building CXX object CMakeFiles/rtabmap_msgs__rosidl_typesupport_introspection_cpp.dir/rosidl_typesupport_introspection_cpp/rtabmap_msgs/msg/detai
 │ │ l/map_graph__type_support.cpp.o
 │ │ [220/339] Building CXX object CMakeFiles/rtabmap_msgs__rosidl_typesupport_introspection_cpp.dir/rosidl_typesupport_introspection_cpp/rtabmap_msgs/msg/detai
 │ │ l/point2f__type_support.cpp.o
 │ │ [221/339] Building CXX object CMakeFiles/rtabmap_msgs__rosidl_typesupport_introspection_cpp.dir/rosidl_typesupport_introspection_cpp/rtabmap_msgs/msg/detai
 │ │ l/landmark_detections__type_support.cpp.o
 │ │ [222/339] Building CXX object CMakeFiles/rtabmap_msgs__rosidl_typesupport_introspection_cpp.dir/rosidl_typesupport_introspection_cpp/rtabmap_msgs/msg/detai
 │ │ l/node__type_support.cpp.o
 │ │ [223/339] Building CXX object CMakeFiles/rtabmap_msgs__rosidl_typesupport_introspection_cpp.dir/rosidl_typesupport_introspection_cpp/rtabmap_msgs/msg/detai
 │ │ l/point3f__type_support.cpp.o
 │ │ [224/339] Building CXX object CMakeFiles/rtabmap_msgs__rosidl_typesupport_introspection_cpp.dir/rosidl_typesupport_introspection_cpp/rtabmap_msgs/msg/detai
 │ │ l/goal__type_support.cpp.o
 │ │ [225/339] Building CXX object CMakeFiles/rtabmap_msgs__rosidl_typesupport_introspection_cpp.dir/rosidl_typesupport_introspection_cpp/rtabmap_msgs/msg/detai
 │ │ l/user_data__type_support.cpp.o
 │ │ [226/339] Building CXX object CMakeFiles/rtabmap_msgs__rosidl_typesupport_introspection_cpp.dir/rosidl_typesupport_introspection_cpp/rtabmap_msgs/msg/detai
 │ │ l/gps__type_support.cpp.o
 │ │ [227/339] Building CXX object CMakeFiles/rtabmap_msgs__rosidl_typesupport_introspection_cpp.dir/rosidl_typesupport_introspection_cpp/rtabmap_msgs/msg/detai
 │ │ l/env_sensor__type_support.cpp.o
 │ │ [228/339] Building CXX object CMakeFiles/rtabmap_msgs__rosidl_typesupport_introspection_cpp.dir/rosidl_typesupport_introspection_cpp/rtabmap_msgs/msg/detai
 │ │ l/path__type_support.cpp.o
 │ │ [229/339] Building CXX object CMakeFiles/rtabmap_msgs__rosidl_typesupport_introspection_cpp.dir/rosidl_typesupport_introspection_cpp/rtabmap_msgs/msg/detai
 │ │ l/odom_info__type_support.cpp.o
 │ │ [230/339] Building CXX object CMakeFiles/rtabmap_msgs__rosidl_typesupport_introspection_cpp.dir/rosidl_typesupport_introspection_cpp/rtabmap_msgs/msg/detai
 │ │ l/camera_model__type_support.cpp.o
 │ │ [231/339] Building CXX object CMakeFiles/rtabmap_msgs__rosidl_typesupport_introspection_cpp.dir/rosidl_typesupport_introspection_cpp/rtabmap_msgs/msg/detai
 │ │ l/rgbd_image__type_support.cpp.o
 │ │ [232/339] Building CXX object CMakeFiles/rtabmap_msgs__rosidl_typesupport_introspection_cpp.dir/rosidl_typesupport_introspection_cpp/rtabmap_msgs/msg/detai
 │ │ l/map_data__type_support.cpp.o
 │ │ [233/339] Building CXX object CMakeFiles/rtabmap_msgs__rosidl_typesupport_introspection_cpp.dir/rosidl_typesupport_introspection_cpp/rtabmap_msgs/srv/detai
 │ │ l/publish_map__type_support.cpp.o
 │ │ [234/339] Building CXX object CMakeFiles/rtabmap_msgs__rosidl_typesupport_introspection_cpp.dir/rosidl_typesupport_introspection_cpp/rtabmap_msgs/msg/detai
 │ │ l/rgbd_images__type_support.cpp.o
 │ │ [235/339] Building CXX object CMakeFiles/rtabmap_msgs__rosidl_typesupport_introspection_cpp.dir/rosidl_typesupport_introspection_cpp/rtabmap_msgs/srv/detai
 │ │ l/list_labels__type_support.cpp.o
 │ │ [236/339] Building CXX object CMakeFiles/rtabmap_msgs__rosidl_typesupport_introspection_cpp.dir/rosidl_typesupport_introspection_cpp/rtabmap_msgs/msg/detai
 │ │ l/camera_models__type_support.cpp.o
 │ │ [237/339] Building CXX object CMakeFiles/rtabmap_msgs__rosidl_typesupport_introspection_cpp.dir/rosidl_typesupport_introspection_cpp/rtabmap_msgs/srv/detai
 │ │ l/get_map2__type_support.cpp.o
 │ │ [238/339] Building CXX object CMakeFiles/rtabmap_msgs__rosidl_typesupport_introspection_cpp.dir/rosidl_typesupport_introspection_cpp/rtabmap_msgs/srv/detai
 │ │ l/get_map__type_support.cpp.o
 │ │ [239/339] Building CXX object CMakeFiles/rtabmap_msgs__rosidl_typesupport_introspection_cpp.dir/rosidl_typesupport_introspection_cpp/rtabmap_msgs/msg/detai
 │ │ l/sensor_data__type_support.cpp.o
 │ │ [240/339] Building CXX object CMakeFiles/rtabmap_msgs__rosidl_typesupport_introspection_cpp.dir/rosidl_typesupport_introspection_cpp/rtabmap_msgs/srv/detai
 │ │ l/reset_pose__type_support.cpp.o
 │ │ [241/339] Building CXX object CMakeFiles/rtabmap_msgs__rosidl_typesupport_introspection_cpp.dir/rosidl_typesupport_introspection_cpp/rtabmap_msgs/srv/detai
 │ │ l/set_label__type_support.cpp.o
 │ │ [242/339] Building CXX object CMakeFiles/rtabmap_msgs__rosidl_typesupport_introspection_cpp.dir/rosidl_typesupport_introspection_cpp/rtabmap_msgs/srv/detai
 │ │ l/remove_label__type_support.cpp.o
 │ │ [243/339] Building CXX object CMakeFiles/rtabmap_msgs__rosidl_typesupport_introspection_cpp.dir/rosidl_typesupport_introspection_cpp/rtabmap_msgs/srv/detai
 │ │ l/get_plan__type_support.cpp.o
 │ │ [244/339] Building CXX object CMakeFiles/rtabmap_msgs__rosidl_typesupport_introspection_cpp.dir/rosidl_typesupport_introspection_cpp/rtabmap_msgs/srv/detai
 │ │ l/set_goal__type_support.cpp.o
 │ │ [245/339] Building CXX object CMakeFiles/rtabmap_msgs__rosidl_typesupport_introspection_cpp.dir/rosidl_typesupport_introspection_cpp/rtabmap_msgs/srv/detai
 │ │ l/load_database__type_support.cpp.o
 │ │ [246/339] Building CXX object CMakeFiles/rtabmap_msgs__rosidl_typesupport_introspection_cpp.dir/rosidl_typesupport_introspection_cpp/rtabmap_msgs/srv/detai
 │ │ l/add_link__type_support.cpp.o
 │ │ [247/339] Building CXX object CMakeFiles/rtabmap_msgs__rosidl_typesupport_introspection_cpp.dir/rosidl_typesupport_introspection_cpp/rtabmap_msgs/srv/detai
 │ │ l/global_bundle_adjustment__type_support.cpp.o
 │ │ [248/339] Building CXX object CMakeFiles/rtabmap_msgs__rosidl_typesupport_introspection_cpp.dir/rosidl_typesupport_introspection_cpp/rtabmap_msgs/srv/detai
 │ │ l/get_nodes_in_radius__type_support.cpp.o
 │ │ [249/339] Building CXX object CMakeFiles/rtabmap_msgs__rosidl_typesupport_introspection_cpp.dir/rosidl_typesupport_introspection_cpp/rtabmap_msgs/srv/detai
 │ │ l/detect_more_loop_closures__type_support.cpp.o
 │ │ [250/339] Building CXX object CMakeFiles/rtabmap_msgs__rosidl_typesupport_cpp.dir/rosidl_typesupport_cpp/rtabmap_msgs/msg/map_graph__type_support.cpp.o
 │ │ [251/339] Building CXX object CMakeFiles/rtabmap_msgs__rosidl_typesupport_cpp.dir/rosidl_typesupport_cpp/rtabmap_msgs/msg/node__type_support.cpp.o
 │ │ [252/339] Building CXX object CMakeFiles/rtabmap_msgs__rosidl_typesupport_cpp.dir/rosidl_typesupport_cpp/rtabmap_msgs/msg/sensor_data__type_support.cpp.o
 │ │ [253/339] Building CXX object CMakeFiles/rtabmap_msgs__rosidl_typesupport_introspection_cpp.dir/rosidl_typesupport_introspection_cpp/rtabmap_msgs/srv/detai
 │ │ l/cleanup_local_grids__type_support.cpp.o
 │ │ [254/339] Building CXX object CMakeFiles/rtabmap_msgs__rosidl_typesupport_cpp.dir/rosidl_typesupport_cpp/rtabmap_msgs/msg/landmark_detection__type_support.
 │ │ cpp.o
 │ │ [255/339] Building CXX object CMakeFiles/rtabmap_msgs__rosidl_typesupport_cpp.dir/rosidl_typesupport_cpp/rtabmap_msgs/msg/link__type_support.cpp.o
 │ │ [256/339] Building CXX object CMakeFiles/rtabmap_msgs__rosidl_typesupport_cpp.dir/rosidl_typesupport_cpp/rtabmap_msgs/msg/point2f__type_support.cpp.o
 │ │ [257/339] Building CXX object CMakeFiles/rtabmap_msgs__rosidl_typesupport_cpp.dir/rosidl_typesupport_cpp/rtabmap_msgs/msg/landmark_detections__type_support
 │ │ .cpp.o
 │ │ [258/339] Building CXX object CMakeFiles/rtabmap_msgs__rosidl_typesupport_cpp.dir/rosidl_typesupport_cpp/rtabmap_msgs/msg/odom_info__type_support.cpp.o
 │ │ [259/339] Building CXX object CMakeFiles/rtabmap_msgs__rosidl_typesupport_cpp.dir/rosidl_typesupport_cpp/rtabmap_msgs/msg/rgbd_images__type_support.cpp.o
 │ │ [260/339] Building CXX object CMakeFiles/rtabmap_msgs__rosidl_typesupport_cpp.dir/rosidl_typesupport_cpp/rtabmap_msgs/msg/rgbd_image__type_support.cpp.o
 │ │ [261/339] Building CXX object CMakeFiles/rtabmap_msgs__rosidl_typesupport_cpp.dir/rosidl_typesupport_cpp/rtabmap_msgs/msg/point3f__type_support.cpp.o
 │ │ [262/339] Building CXX object CMakeFiles/rtabmap_msgs__rosidl_typesupport_cpp.dir/rosidl_typesupport_cpp/rtabmap_msgs/msg/goal__type_support.cpp.o
 │ │ [263/339] Building CXX object CMakeFiles/rtabmap_msgs__rosidl_typesupport_cpp.dir/rosidl_typesupport_cpp/rtabmap_msgs/msg/user_data__type_support.cpp.o
 │ │ [264/339] Building CXX object CMakeFiles/rtabmap_msgs__rosidl_typesupport_cpp.dir/rosidl_typesupport_cpp/rtabmap_msgs/msg/env_sensor__type_support.cpp.o
 │ │ [265/339] Building CXX object CMakeFiles/rtabmap_msgs__rosidl_typesupport_cpp.dir/rosidl_typesupport_cpp/rtabmap_msgs/msg/gps__type_support.cpp.o
 │ │ [266/339] Building CXX object CMakeFiles/rtabmap_msgs__rosidl_typesupport_cpp.dir/rosidl_typesupport_cpp/rtabmap_msgs/msg/camera_model__type_support.cpp.o
 │ │ [267/339] Building CXX object CMakeFiles/rtabmap_msgs__rosidl_typesupport_cpp.dir/rosidl_typesupport_cpp/rtabmap_msgs/msg/camera_models__type_support.cpp.o
 │ │ [268/339] Building CXX object CMakeFiles/rtabmap_msgs__rosidl_typesupport_cpp.dir/rosidl_typesupport_cpp/rtabmap_msgs/srv/get_map2__type_support.cpp.o
 │ │ [269/339] Building CXX object CMakeFiles/rtabmap_msgs__rosidl_typesupport_cpp.dir/rosidl_typesupport_cpp/rtabmap_msgs/msg/path__type_support.cpp.o
 │ │ [270/339] Building CXX object CMakeFiles/rtabmap_msgs__rosidl_typesupport_cpp.dir/rosidl_typesupport_cpp/rtabmap_msgs/srv/get_map__type_support.cpp.o
 │ │ [271/339] Building CXX object CMakeFiles/rtabmap_msgs__rosidl_typesupport_cpp.dir/rosidl_typesupport_cpp/rtabmap_msgs/srv/list_labels__type_support.cpp.o
 │ │ [272/339] Building CXX object CMakeFiles/rtabmap_msgs__rosidl_typesupport_cpp.dir/rosidl_typesupport_cpp/rtabmap_msgs/srv/set_goal__type_support.cpp.o
 │ │ [273/339] Building CXX object CMakeFiles/rtabmap_msgs__rosidl_typesupport_cpp.dir/rosidl_typesupport_cpp/rtabmap_msgs/srv/publish_map__type_support.cpp.o
 │ │ [274/339] Building CXX object CMakeFiles/rtabmap_msgs__rosidl_typesupport_introspection_cpp.dir/rosidl_typesupport_introspection_cpp/rtabmap_msgs/srv/detai
 │ │ l/get_node_data__type_support.cpp.o
 │ │ [275/339] Building CXX object CMakeFiles/rtabmap_msgs__rosidl_typesupport_cpp.dir/rosidl_typesupport_cpp/rtabmap_msgs/srv/reset_pose__type_support.cpp.o
 │ │ [276/339] Building CXX object CMakeFiles/rtabmap_msgs__rosidl_typesupport_cpp.dir/rosidl_typesupport_cpp/rtabmap_msgs/srv/add_link__type_support.cpp.o
 │ │ [277/339] Linking CXX shared library librtabmap_msgs__rosidl_typesupport_fastrtps_c.so
 │ │ [278/339] Building CXX object CMakeFiles/rtabmap_msgs__rosidl_typesupport_cpp.dir/rosidl_typesupport_cpp/rtabmap_msgs/srv/get_nodes_in_radius__type_support
 │ │ .cpp.o
 │ │ [279/339] Building CXX object CMakeFiles/rtabmap_msgs__rosidl_typesupport_cpp.dir/rosidl_typesupport_cpp/rtabmap_msgs/srv/get_node_data__type_support.cpp.o
 │ │ [280/339] Linking C shared library librtabmap_msgs__rosidl_typesupport_introspection_c.so
 │ │ [281/339] Building CXX object CMakeFiles/rtabmap_msgs__rosidl_typesupport_cpp.dir/rosidl_typesupport_cpp/rtabmap_msgs/srv/get_plan__type_support.cpp.o
 │ │ [282/339] Linking CXX shared library librtabmap_msgs__rosidl_typesupport_c.so
 │ │ [283/339] Building CXX object CMakeFiles/rtabmap_msgs__rosidl_typesupport_cpp.dir/rosidl_typesupport_cpp/rtabmap_msgs/srv/remove_label__type_support.cpp.o
 │ │ [284/339] Building CXX object CMakeFiles/rtabmap_msgs__rosidl_typesupport_cpp.dir/rosidl_typesupport_cpp/rtabmap_msgs/srv/set_label__type_support.cpp.o
 │ │ [285/339] Building CXX object CMakeFiles/rtabmap_msgs__rosidl_typesupport_cpp.dir/rosidl_typesupport_cpp/rtabmap_msgs/srv/global_bundle_adjustment__type_su
 │ │ pport.cpp.o
 │ │ [286/339] Building CXX object CMakeFiles/rtabmap_msgs__rosidl_typesupport_cpp.dir/rosidl_typesupport_cpp/rtabmap_msgs/srv/cleanup_local_grids__type_support
 │ │ .cpp.o
 │ │ [287/339] Linking CXX shared library librtabmap_msgs__rosidl_typesupport_fastrtps_cpp.so
 │ │ [288/339] Linking CXX shared library librtabmap_msgs__rosidl_typesupport_introspection_cpp.so
 │ │ [289/339] Building CXX object CMakeFiles/rtabmap_msgs__rosidl_typesupport_cpp.dir/rosidl_typesupport_cpp/rtabmap_msgs/srv/detect_more_loop_closures__type_s
 │ │ upport.cpp.o
 │ │ [290/339] Building CXX object CMakeFiles/rtabmap_msgs__rosidl_typesupport_cpp.dir/rosidl_typesupport_cpp/rtabmap_msgs/srv/load_database__type_support.cpp.o
 │ │ [291/339] Linking CXX shared library librtabmap_msgs__rosidl_typesupport_cpp.so
 │ │ [292/339] Generating Python code for ROS interfaces
 │ │ [293/339] Building C object CMakeFiles/rtabmap_msgs__rosidl_generator_py.dir/rosidl_generator_py/rtabmap_msgs/msg/_scan_descriptor_s.c.o
 │ │ [294/339] Building C object CMakeFiles/rtabmap_msgs__rosidl_generator_py.dir/rosidl_generator_py/rtabmap_msgs/msg/_map_data_s.c.o
 │ │ [295/339] Building C object CMakeFiles/rtabmap_msgs__rosidl_generator_py.dir/rosidl_generator_py/rtabmap_msgs/msg/_landmark_detection_s.c.o
 │ │ [296/339] Building C object CMakeFiles/rtabmap_msgs__rosidl_generator_py.dir/rosidl_generator_py/rtabmap_msgs/msg/_link_s.c.o
 │ │ [297/339] Building C object CMakeFiles/rtabmap_msgs__rosidl_generator_py.dir/rosidl_generator_py/rtabmap_msgs/msg/_global_descriptor_s.c.o
 │ │ [298/339] Building C object CMakeFiles/rtabmap_msgs__rosidl_generator_py.dir/rosidl_generator_py/rtabmap_msgs/msg/_key_point_s.c.o
 │ │ [299/339] Building C object CMakeFiles/rtabmap_msgs__rosidl_generator_py.dir/rosidl_generator_py/rtabmap_msgs/msg/_map_graph_s.c.o
 │ │ [300/339] Building C object CMakeFiles/rtabmap_msgs__rosidl_generator_py.dir/rosidl_generator_py/rtabmap_msgs/msg/_node_s.c.o
 │ │ [301/339] Building C object CMakeFiles/rtabmap_msgs__rosidl_generator_py.dir/rosidl_generator_py/rtabmap_msgs/msg/_point2f_s.c.o
 │ │ [302/339] Building C object CMakeFiles/rtabmap_msgs__rosidl_generator_py.dir/rosidl_generator_py/rtabmap_msgs/msg/_point3f_s.c.o
 │ │ [303/339] Building C object CMakeFiles/rtabmap_msgs__rosidl_generator_py.dir/rosidl_generator_py/rtabmap_msgs/msg/_landmark_detections_s.c.o
 │ │ [304/339] Building C object CMakeFiles/rtabmap_msgs__rosidl_generator_py.dir/rosidl_generator_py/rtabmap_msgs/msg/_goal_s.c.o
 │ │ [305/339] Building C object CMakeFiles/rtabmap_msgs__rosidl_generator_py.dir/rosidl_generator_py/rtabmap_msgs/msg/_rgbd_images_s.c.o
 │ │ [306/339] Building C object CMakeFiles/rtabmap_msgs__rosidl_generator_py.dir/rosidl_generator_py/rtabmap_msgs/msg/_user_data_s.c.o
 │ │ [307/339] Building C object CMakeFiles/rtabmap_msgs__rosidl_generator_py.dir/rosidl_generator_py/rtabmap_msgs/msg/_rgbd_image_s.c.o
 │ │ [308/339] Building C object CMakeFiles/rtabmap_msgs__rosidl_generator_py.dir/rosidl_generator_py/rtabmap_msgs/msg/_gps_s.c.o
 │ │ [309/339] Building C object CMakeFiles/rtabmap_msgs__rosidl_generator_py.dir/rosidl_generator_py/rtabmap_msgs/msg/_path_s.c.o
 │ │ [310/339] Building C object CMakeFiles/rtabmap_msgs__rosidl_generator_py.dir/rosidl_generator_py/rtabmap_msgs/msg/_env_sensor_s.c.o
 │ │ [311/339] Building C object CMakeFiles/rtabmap_msgs__rosidl_generator_py.dir/rosidl_generator_py/rtabmap_msgs/msg/_camera_models_s.c.o
 │ │ [312/339] Building C object CMakeFiles/rtabmap_msgs__rosidl_generator_py.dir/rosidl_generator_py/rtabmap_msgs/srv/_get_map_s.c.o
 │ │ [313/339] Building C object CMakeFiles/rtabmap_msgs__rosidl_generator_py.dir/rosidl_generator_py/rtabmap_msgs/msg/_camera_model_s.c.o
 │ │ [314/339] Building C object CMakeFiles/rtabmap_msgs__rosidl_generator_py.dir/rosidl_generator_py/rtabmap_msgs/srv/_reset_pose_s.c.o
 │ │ [315/339] Building C object CMakeFiles/rtabmap_msgs__rosidl_generator_py.dir/rosidl_generator_py/rtabmap_msgs/srv/_list_labels_s.c.o
 │ │ [316/339] Building C object CMakeFiles/rtabmap_msgs__rosidl_generator_py.dir/rosidl_generator_py/rtabmap_msgs/srv/_publish_map_s.c.o
 │ │ [317/339] Building C object CMakeFiles/rtabmap_msgs__rosidl_generator_py.dir/rosidl_generator_py/rtabmap_msgs/srv/_get_map2_s.c.o
 │ │ [318/339] Building C object CMakeFiles/rtabmap_msgs__rosidl_generator_py.dir/rosidl_generator_py/rtabmap_msgs/msg/_info_s.c.o
 │ │ [319/339] Building C object CMakeFiles/rtabmap_msgs__rosidl_generator_py.dir/rosidl_generator_py/rtabmap_msgs/srv/_set_label_s.c.o
 │ │ [320/339] Building C object CMakeFiles/rtabmap_msgs__rosidl_generator_py.dir/rosidl_generator_py/rtabmap_msgs/msg/_sensor_data_s.c.o
 │ │ [321/339] Building C object CMakeFiles/rtabmap_msgs__rosidl_generator_py.dir/rosidl_generator_py/rtabmap_msgs/srv/_remove_label_s.c.o
 │ │ [322/339] Building C object CMakeFiles/rtabmap_msgs__rosidl_generator_py.dir/rosidl_generator_py/rtabmap_msgs/srv/_add_link_s.c.o
 │ │ [323/339] Building C object CMakeFiles/rtabmap_msgs__rosidl_generator_py.dir/rosidl_generator_py/rtabmap_msgs/srv/_get_plan_s.c.o
 │ │ [324/339] Building C object CMakeFiles/rtabmap_msgs__rosidl_generator_py.dir/rosidl_generator_py/rtabmap_msgs/srv/_set_goal_s.c.o
 │ │ [325/339] Building C object CMakeFiles/rtabmap_msgs__rosidl_generator_py.dir/rosidl_generator_py/rtabmap_msgs/srv/_global_bundle_adjustment_s.c.o
 │ │ [326/339] Building C object CMakeFiles/rtabmap_msgs__rosidl_generator_py.dir/rosidl_generator_py/rtabmap_msgs/msg/_odom_info_s.c.o
 │ │ [327/339] Building C object CMakeFiles/rtabmap_msgs__rosidl_generator_py.dir/rosidl_generator_py/rtabmap_msgs/srv/_cleanup_local_grids_s.c.o
 │ │ [328/339] Building C object CMakeFiles/rtabmap_msgs__rosidl_generator_py.dir/rosidl_generator_py/rtabmap_msgs/srv/_load_database_s.c.o
 │ │ [329/339] Building C object CMakeFiles/rtabmap_msgs__rosidl_generator_py.dir/rosidl_generator_py/rtabmap_msgs/srv/_detect_more_loop_closures_s.c.o
 │ │ [330/339] Building C object CMakeFiles/rtabmap_msgs__rosidl_generator_py.dir/rosidl_generator_py/rtabmap_msgs/srv/_get_nodes_in_radius_s.c.o
 │ │ [331/339] Building C object CMakeFiles/rtabmap_msgs__rosidl_generator_py.dir/rosidl_generator_py/rtabmap_msgs/srv/_get_node_data_s.c.o
 │ │ [332/339] Linking C shared library rosidl_generator_py/rtabmap_msgs/librtabmap_msgs__rosidl_generator_py.so
 │ │ [333/339] Building C object CMakeFiles/rtabmap_msgs__rosidl_typesupport_fastrtps_c__pyext.dir/rosidl_generator_py/rtabmap_msgs/_rtabmap_msgs_s.ep.rosidl_ty
 │ │ pesupport_fastrtps_c.c.o
 │ │ [334/339] Linking C shared module rosidl_generator_py/rtabmap_msgs/rtabmap_msgs_s__rosidl_typesupport_fastrtps_c.cpython-312-x86_64-linux-gnu.so
 │ │ [335/339] Building C object CMakeFiles/rtabmap_msgs__rosidl_typesupport_c__pyext.dir/rosidl_generator_py/rtabmap_msgs/_rtabmap_msgs_s.ep.rosidl_typesupport
 │ │ _c.c.o
 │ │ [336/339] Building C object CMakeFiles/rtabmap_msgs__rosidl_typesupport_introspection_c__pyext.dir/rosidl_generator_py/rtabmap_msgs/_rtabmap_msgs_s.ep.rosi
 │ │ dl_typesupport_introspection_c.c.o
 │ │ [337/339] Linking C shared module rosidl_generator_py/rtabmap_msgs/rtabmap_msgs_s__rosidl_typesupport_c.cpython-312-x86_64-linux-gnu.so
 │ │ [338/339] Linking C shared module rosidl_generator_py/rtabmap_msgs/rtabmap_msgs_s__rosidl_typesupport_introspection_c.cpython-312-x86_64-linux-gnu.so
 │ │ [338/339] Install the project...
 │ │ -- Install configuration: "Release"
 │ │ -- Installing: $PREFIX/share/ament_index/resource_index/rosidl_interfaces/rtabmap_msgs
 │ │ -- Installing: $PREFIX/include/rtabmap_msgs/rtabmap_msgs
 │ │ -- Installing: $PREFIX/include/rtabmap_msgs/rtabmap_msgs/msg
 │ │ -- Installing: $PREFIX/include/rtabmap_msgs/rtabmap_msgs/msg/rosidl_generator_c__visibility_control.h
 │ │ -- Installing: $PREFIX/include/rtabmap_msgs/rtabmap_msgs/msg/goal.h
 │ │ -- Installing: $PREFIX/include/rtabmap_msgs/rtabmap_msgs/msg/info.h
 │ │ -- Installing: $PREFIX/include/rtabmap_msgs/rtabmap_msgs/msg/rgbd_image.h
 │ │ -- Installing: $PREFIX/include/rtabmap_msgs/rtabmap_msgs/msg/rgbd_images.h
 │ │ -- Installing: $PREFIX/include/rtabmap_msgs/rtabmap_msgs/msg/camera_models.h
 │ │ -- Installing: $PREFIX/include/rtabmap_msgs/rtabmap_msgs/msg/gps.h
 │ │ -- Installing: $PREFIX/include/rtabmap_msgs/rtabmap_msgs/msg/path.h
 │ │ -- Installing: $PREFIX/include/rtabmap_msgs/rtabmap_msgs/msg/camera_model.h
 │ │ -- Installing: $PREFIX/include/rtabmap_msgs/rtabmap_msgs/msg/env_sensor.h
 │ │ -- Installing: $PREFIX/include/rtabmap_msgs/rtabmap_msgs/msg/key_point.h
 │ │ -- Installing: $PREFIX/include/rtabmap_msgs/rtabmap_msgs/msg/odom_info.h
 │ │ -- Installing: $PREFIX/include/rtabmap_msgs/rtabmap_msgs/msg/global_descriptor.h
 │ │ -- Installing: $PREFIX/include/rtabmap_msgs/rtabmap_msgs/msg/node.h
 │ │ -- Installing: $PREFIX/include/rtabmap_msgs/rtabmap_msgs/msg/detail
 │ │ -- Installing: $PREFIX/include/rtabmap_msgs/rtabmap_msgs/msg/detail/sensor_data__functions.h
 │ │ -- Installing: $PREFIX/include/rtabmap_msgs/rtabmap_msgs/msg/detail/node__functions.c
 │ │ -- Installing: $PREFIX/include/rtabmap_msgs/rtabmap_msgs/msg/detail/landmark_detections__functions.c
 │ │ -- Installing: $PREFIX/include/rtabmap_msgs/rtabmap_msgs/msg/detail/path__type_support.h
 │ │ -- Installing: $PREFIX/include/rtabmap_msgs/rtabmap_msgs/msg/detail/rgbd_image__functions.h
 │ │ -- Installing: $PREFIX/include/rtabmap_msgs/rtabmap_msgs/msg/detail/landmark_detections__struct.h
 │ │ -- Installing: $PREFIX/include/rtabmap_msgs/rtabmap_msgs/msg/detail/sensor_data__type_support.h
 │ │ -- Installing: $PREFIX/include/rtabmap_msgs/rtabmap_msgs/msg/detail/scan_descriptor__type_support.h
 │ │ -- Installing: $PREFIX/include/rtabmap_msgs/rtabmap_msgs/msg/detail/map_graph__functions.h
 │ │ -- Installing: $PREFIX/include/rtabmap_msgs/rtabmap_msgs/msg/detail/point2f__type_support.h
 │ │ -- Installing: $PREFIX/include/rtabmap_msgs/rtabmap_msgs/msg/detail/camera_models__functions.h
 │ │ -- Installing: $PREFIX/include/rtabmap_msgs/rtabmap_msgs/msg/detail/landmark_detection__struct.h
 │ │ -- Installing: $PREFIX/include/rtabmap_msgs/rtabmap_msgs/msg/detail/point3f__type_support.h
 │ │ -- Installing: $PREFIX/include/rtabmap_msgs/rtabmap_msgs/msg/detail/point3f__functions.c
 │ │ -- Installing: $PREFIX/include/rtabmap_msgs/rtabmap_msgs/msg/detail/gps__functions.h
 │ │ -- Installing: $PREFIX/include/rtabmap_msgs/rtabmap_msgs/msg/detail/point3f__functions.h
 │ │ -- Installing: $PREFIX/include/rtabmap_msgs/rtabmap_msgs/msg/detail/rgbd_images__struct.h
 │ │ -- Installing: $PREFIX/include/rtabmap_msgs/rtabmap_msgs/msg/detail/node__functions.h
 │ │ -- Installing: $PREFIX/include/rtabmap_msgs/rtabmap_msgs/msg/detail/odom_info__type_support.h
 │ │ -- Installing: $PREFIX/include/rtabmap_msgs/rtabmap_msgs/msg/detail/info__functions.h
 │ │ -- Installing: $PREFIX/include/rtabmap_msgs/rtabmap_msgs/msg/detail/point2f__functions.c
 │ │ -- Installing: $PREFIX/include/rtabmap_msgs/rtabmap_msgs/msg/detail/global_descriptor__functions.h
 │ │ -- Installing: $PREFIX/include/rtabmap_msgs/rtabmap_msgs/msg/detail/point2f__struct.h
 │ │ -- Installing: $PREFIX/include/rtabmap_msgs/rtabmap_msgs/msg/detail/map_data__functions.h
 │ │ -- Installing: $PREFIX/include/rtabmap_msgs/rtabmap_msgs/msg/detail/map_graph__struct.h
 │ │ -- Installing: $PREFIX/include/rtabmap_msgs/rtabmap_msgs/msg/detail/landmark_detection__functions.c
 │ │ -- Installing: $PREFIX/include/rtabmap_msgs/rtabmap_msgs/msg/detail/scan_descriptor__struct.h
 │ │ -- Installing: $PREFIX/include/rtabmap_msgs/rtabmap_msgs/msg/detail/key_point__type_support.h
 │ │ -- Installing: $PREFIX/include/rtabmap_msgs/rtabmap_msgs/msg/detail/node__struct.h
 │ │ -- Installing: $PREFIX/include/rtabmap_msgs/rtabmap_msgs/msg/detail/user_data__functions.c
 │ │ -- Installing: $PREFIX/include/rtabmap_msgs/rtabmap_msgs/msg/detail/path__struct.h
 │ │ -- Installing: $PREFIX/include/rtabmap_msgs/rtabmap_msgs/msg/detail/gps__type_support.h
 │ │ -- Installing: $PREFIX/include/rtabmap_msgs/rtabmap_msgs/msg/detail/odom_info__struct.h
 │ │ -- Installing: $PREFIX/include/rtabmap_msgs/rtabmap_msgs/msg/detail/camera_models__type_support.h
 │ │ -- Installing: $PREFIX/include/rtabmap_msgs/rtabmap_msgs/msg/detail/scan_descriptor__functions.h
 │ │ -- Installing: $PREFIX/include/rtabmap_msgs/rtabmap_msgs/msg/detail/landmark_detections__type_support.h
 │ │ -- Installing: $PREFIX/include/rtabmap_msgs/rtabmap_msgs/msg/detail/scan_descriptor__functions.c
 │ │ -- Installing: $PREFIX/include/rtabmap_msgs/rtabmap_msgs/msg/detail/camera_model__functions.h
 │ │ -- Installing: $PREFIX/include/rtabmap_msgs/rtabmap_msgs/msg/detail/node__type_support.h
 │ │ -- Installing: $PREFIX/include/rtabmap_msgs/rtabmap_msgs/msg/detail/camera_model__functions.c
 │ │ -- Installing: $PREFIX/include/rtabmap_msgs/rtabmap_msgs/msg/detail/odom_info__functions.h
 │ │ -- Installing: $PREFIX/include/rtabmap_msgs/rtabmap_msgs/msg/detail/sensor_data__struct.h
 │ │ -- Installing: $PREFIX/include/rtabmap_msgs/rtabmap_msgs/msg/detail/info__type_support.h
 │ │ -- Installing: $PREFIX/include/rtabmap_msgs/rtabmap_msgs/msg/detail/info__functions.c
 │ │ -- Installing: $PREFIX/include/rtabmap_msgs/rtabmap_msgs/msg/detail/odom_info__functions.c
 │ │ -- Installing: $PREFIX/include/rtabmap_msgs/rtabmap_msgs/msg/detail/goal__struct.h
 │ │ -- Installing: $PREFIX/include/rtabmap_msgs/rtabmap_msgs/msg/detail/goal__functions.h
 │ │ -- Installing: $PREFIX/include/rtabmap_msgs/rtabmap_msgs/msg/detail/point3f__struct.h
 │ │ -- Installing: $PREFIX/include/rtabmap_msgs/rtabmap_msgs/msg/detail/rgbd_image__functions.c
 │ │ -- Installing: $PREFIX/include/rtabmap_msgs/rtabmap_msgs/msg/detail/link__struct.h
 │ │ -- Installing: $PREFIX/include/rtabmap_msgs/rtabmap_msgs/msg/detail/path__functions.c
 │ │ -- Installing: $PREFIX/include/rtabmap_msgs/rtabmap_msgs/msg/detail/map_graph__functions.c
 │ │ -- Installing: $PREFIX/include/rtabmap_msgs/rtabmap_msgs/msg/detail/landmark_detection__functions.h
 │ │ -- Installing: $PREFIX/include/rtabmap_msgs/rtabmap_msgs/msg/detail/user_data__functions.h
 │ │ -- Installing: $PREFIX/include/rtabmap_msgs/rtabmap_msgs/msg/detail/path__functions.h
 │ │ -- Installing: $PREFIX/include/rtabmap_msgs/rtabmap_msgs/msg/detail/camera_model__type_support.h
 │ │ -- Installing: $PREFIX/include/rtabmap_msgs/rtabmap_msgs/msg/detail/landmark_detections__functions.h
 │ │ -- Installing: $PREFIX/include/rtabmap_msgs/rtabmap_msgs/msg/detail/env_sensor__type_support.h
 │ │ -- Installing: $PREFIX/include/rtabmap_msgs/rtabmap_msgs/msg/detail/link__functions.c
 │ │ -- Installing: $PREFIX/include/rtabmap_msgs/rtabmap_msgs/msg/detail/key_point__functions.c
 │ │ -- Installing: $PREFIX/include/rtabmap_msgs/rtabmap_msgs/msg/detail/camera_models__functions.c
 │ │ -- Installing: $PREFIX/include/rtabmap_msgs/rtabmap_msgs/msg/detail/env_sensor__struct.h
 │ │ -- Installing: $PREFIX/include/rtabmap_msgs/rtabmap_msgs/msg/detail/rgbd_images__functions.h
 │ │ -- Installing: $PREFIX/include/rtabmap_msgs/rtabmap_msgs/msg/detail/point2f__functions.h
 │ │ -- Installing: $PREFIX/include/rtabmap_msgs/rtabmap_msgs/msg/detail/goal__type_support.h
 │ │ -- Installing: $PREFIX/include/rtabmap_msgs/rtabmap_msgs/msg/detail/info__struct.h
 │ │ -- Installing: $PREFIX/include/rtabmap_msgs/rtabmap_msgs/msg/detail/camera_models__struct.h
 │ │ -- Installing: $PREFIX/include/rtabmap_msgs/rtabmap_msgs/msg/detail/camera_model__struct.h
 │ │ -- Installing: $PREFIX/include/rtabmap_msgs/rtabmap_msgs/msg/detail/gps__struct.h
 │ │ -- Installing: $PREFIX/include/rtabmap_msgs/rtabmap_msgs/msg/detail/user_data__type_support.h
 │ │ -- Installing: $PREFIX/include/rtabmap_msgs/rtabmap_msgs/msg/detail/map_data__type_support.h
 │ │ -- Installing: $PREFIX/include/rtabmap_msgs/rtabmap_msgs/msg/detail/rgbd_image__type_support.h
 │ │ -- Installing: $PREFIX/include/rtabmap_msgs/rtabmap_msgs/msg/detail/landmark_detection__type_support.h
 │ │ -- Installing: $PREFIX/include/rtabmap_msgs/rtabmap_msgs/msg/detail/rgbd_images__type_support.h
 │ │ -- Installing: $PREFIX/include/rtabmap_msgs/rtabmap_msgs/msg/detail/link__type_support.h
 │ │ -- Installing: $PREFIX/include/rtabmap_msgs/rtabmap_msgs/msg/detail/global_descriptor__functions.c
 │ │ -- Installing: $PREFIX/include/rtabmap_msgs/rtabmap_msgs/msg/detail/gps__functions.c
 │ │ -- Installing: $PREFIX/include/rtabmap_msgs/rtabmap_msgs/msg/detail/global_descriptor__struct.h
 │ │ -- Installing: $PREFIX/include/rtabmap_msgs/rtabmap_msgs/msg/detail/map_data__functions.c
 │ │ -- Installing: $PREFIX/include/rtabmap_msgs/rtabmap_msgs/msg/detail/env_sensor__functions.c
 │ │ -- Installing: $PREFIX/include/rtabmap_msgs/rtabmap_msgs/msg/detail/rgbd_images__functions.c
 │ │ -- Installing: $PREFIX/include/rtabmap_msgs/rtabmap_msgs/msg/detail/link__functions.h
 │ │ -- Installing: $PREFIX/include/rtabmap_msgs/rtabmap_msgs/msg/detail/map_data__struct.h
 │ │ -- Installing: $PREFIX/include/rtabmap_msgs/rtabmap_msgs/msg/detail/sensor_data__functions.c
 │ │ -- Installing: $PREFIX/include/rtabmap_msgs/rtabmap_msgs/msg/detail/env_sensor__functions.h
 │ │ -- Installing: $PREFIX/include/rtabmap_msgs/rtabmap_msgs/msg/detail/key_point__struct.h
 │ │ -- Installing: $PREFIX/include/rtabmap_msgs/rtabmap_msgs/msg/detail/key_point__functions.h
 │ │ -- Installing: $PREFIX/include/rtabmap_msgs/rtabmap_msgs/msg/detail/global_descriptor__type_support.h
 │ │ -- Installing: $PREFIX/include/rtabmap_msgs/rtabmap_msgs/msg/detail/goal__functions.c
 │ │ -- Installing: $PREFIX/include/rtabmap_msgs/rtabmap_msgs/msg/detail/map_graph__type_support.h
 │ │ -- Installing: $PREFIX/include/rtabmap_msgs/rtabmap_msgs/msg/detail/user_data__struct.h
 │ │ -- Installing: $PREFIX/include/rtabmap_msgs/rtabmap_msgs/msg/detail/rgbd_image__struct.h
 │ │ -- Installing: $PREFIX/include/rtabmap_msgs/rtabmap_msgs/msg/link.h
 │ │ -- Installing: $PREFIX/include/rtabmap_msgs/rtabmap_msgs/msg/point2f.h
 │ │ -- Installing: $PREFIX/include/rtabmap_msgs/rtabmap_msgs/msg/sensor_data.h
 │ │ -- Installing: $PREFIX/include/rtabmap_msgs/rtabmap_msgs/msg/scan_descriptor.h
 │ │ -- Installing: $PREFIX/include/rtabmap_msgs/rtabmap_msgs/msg/user_data.h
 │ │ -- Installing: $PREFIX/include/rtabmap_msgs/rtabmap_msgs/msg/map_graph.h
 │ │ -- Installing: $PREFIX/include/rtabmap_msgs/rtabmap_msgs/msg/landmark_detections.h
 │ │ -- Installing: $PREFIX/include/rtabmap_msgs/rtabmap_msgs/msg/point3f.h
 │ │ -- Installing: $PREFIX/include/rtabmap_msgs/rtabmap_msgs/msg/landmark_detection.h
 │ │ -- Installing: $PREFIX/include/rtabmap_msgs/rtabmap_msgs/msg/map_data.h
 │ │ -- Installing: $PREFIX/include/rtabmap_msgs/rtabmap_msgs/srv
 │ │ -- Installing: $PREFIX/include/rtabmap_msgs/rtabmap_msgs/srv/get_map.h
 │ │ -- Installing: $PREFIX/include/rtabmap_msgs/rtabmap_msgs/srv/publish_map.h
 │ │ -- Installing: $PREFIX/include/rtabmap_msgs/rtabmap_msgs/srv/list_labels.h
 │ │ -- Installing: $PREFIX/include/rtabmap_msgs/rtabmap_msgs/srv/get_nodes_in_radius.h
 │ │ -- Installing: $PREFIX/include/rtabmap_msgs/rtabmap_msgs/srv/set_goal.h
 │ │ -- Installing: $PREFIX/include/rtabmap_msgs/rtabmap_msgs/srv/global_bundle_adjustment.h
 │ │ -- Installing: $PREFIX/include/rtabmap_msgs/rtabmap_msgs/srv/detect_more_loop_closures.h
 │ │ -- Installing: $PREFIX/include/rtabmap_msgs/rtabmap_msgs/srv/remove_label.h
 │ │ -- Installing: $PREFIX/include/rtabmap_msgs/rtabmap_msgs/srv/load_database.h
 │ │ -- Installing: $PREFIX/include/rtabmap_msgs/rtabmap_msgs/srv/reset_pose.h
 │ │ -- Installing: $PREFIX/include/rtabmap_msgs/rtabmap_msgs/srv/set_label.h
 │ │ -- Installing: $PREFIX/include/rtabmap_msgs/rtabmap_msgs/srv/add_link.h
 │ │ -- Installing: $PREFIX/include/rtabmap_msgs/rtabmap_msgs/srv/get_plan.h
 │ │ -- Installing: $PREFIX/include/rtabmap_msgs/rtabmap_msgs/srv/detail
 │ │ -- Installing: $PREFIX/include/rtabmap_msgs/rtabmap_msgs/srv/detail/get_nodes_in_radius__functions.h
 │ │ -- Installing: $PREFIX/include/rtabmap_msgs/rtabmap_msgs/srv/detail/get_map2__functions.c
 │ │ -- Installing: $PREFIX/include/rtabmap_msgs/rtabmap_msgs/srv/detail/global_bundle_adjustment__functions.c
 │ │ -- Installing: $PREFIX/include/rtabmap_msgs/rtabmap_msgs/srv/detail/set_label__functions.c
 │ │ -- Installing: $PREFIX/include/rtabmap_msgs/rtabmap_msgs/srv/detail/remove_label__functions.c
 │ │ -- Installing: $PREFIX/include/rtabmap_msgs/rtabmap_msgs/srv/detail/load_database__struct.h
 │ │ -- Installing: $PREFIX/include/rtabmap_msgs/rtabmap_msgs/srv/detail/set_label__struct.h
 │ │ -- Installing: $PREFIX/include/rtabmap_msgs/rtabmap_msgs/srv/detail/set_goal__functions.c
 │ │ -- Installing: $PREFIX/include/rtabmap_msgs/rtabmap_msgs/srv/detail/get_map__type_support.h
 │ │ -- Installing: $PREFIX/include/rtabmap_msgs/rtabmap_msgs/srv/detail/cleanup_local_grids__functions.h
 │ │ -- Installing: $PREFIX/include/rtabmap_msgs/rtabmap_msgs/srv/detail/remove_label__struct.h
 │ │ -- Installing: $PREFIX/include/rtabmap_msgs/rtabmap_msgs/srv/detail/get_plan__functions.h
 │ │ -- Installing: $PREFIX/include/rtabmap_msgs/rtabmap_msgs/srv/detail/get_map__functions.h
 │ │ -- Installing: $PREFIX/include/rtabmap_msgs/rtabmap_msgs/srv/detail/reset_pose__type_support.h
 │ │ -- Installing: $PREFIX/include/rtabmap_msgs/rtabmap_msgs/srv/detail/detect_more_loop_closures__struct.h
 │ │ -- Installing: $PREFIX/include/rtabmap_msgs/rtabmap_msgs/srv/detail/set_label__type_support.h
 │ │ -- Installing: $PREFIX/include/rtabmap_msgs/rtabmap_msgs/srv/detail/detect_more_loop_closures__functions.h
 │ │ -- Installing: $PREFIX/include/rtabmap_msgs/rtabmap_msgs/srv/detail/publish_map__struct.h
 │ │ -- Installing: $PREFIX/include/rtabmap_msgs/rtabmap_msgs/srv/detail/list_labels__struct.h
 │ │ -- Installing: $PREFIX/include/rtabmap_msgs/rtabmap_msgs/srv/detail/get_map__functions.c
 │ │ -- Installing: $PREFIX/include/rtabmap_msgs/rtabmap_msgs/srv/detail/get_map2__type_support.h
 │ │ -- Installing: $PREFIX/include/rtabmap_msgs/rtabmap_msgs/srv/detail/publish_map__functions.h
 │ │ -- Installing: $PREFIX/include/rtabmap_msgs/rtabmap_msgs/srv/detail/list_labels__type_support.h
 │ │ -- Installing: $PREFIX/include/rtabmap_msgs/rtabmap_msgs/srv/detail/set_label__functions.h
 │ │ -- Installing: $PREFIX/include/rtabmap_msgs/rtabmap_msgs/srv/detail/detect_more_loop_closures__functions.c
 │ │ -- Installing: $PREFIX/include/rtabmap_msgs/rtabmap_msgs/srv/detail/list_labels__functions.c
 │ │ -- Installing: $PREFIX/include/rtabmap_msgs/rtabmap_msgs/srv/detail/get_nodes_in_radius__struct.h
 │ │ -- Installing: $PREFIX/include/rtabmap_msgs/rtabmap_msgs/srv/detail/remove_label__functions.h
 │ │ -- Installing: $PREFIX/include/rtabmap_msgs/rtabmap_msgs/srv/detail/reset_pose__functions.h
 │ │ -- Installing: $PREFIX/include/rtabmap_msgs/rtabmap_msgs/srv/detail/get_plan__struct.h
 │ │ -- Installing: $PREFIX/include/rtabmap_msgs/rtabmap_msgs/srv/detail/set_goal__struct.h
 │ │ -- Installing: $PREFIX/include/rtabmap_msgs/rtabmap_msgs/srv/detail/get_node_data__functions.c
 │ │ -- Installing: $PREFIX/include/rtabmap_msgs/rtabmap_msgs/srv/detail/global_bundle_adjustment__functions.h
 │ │ -- Installing: $PREFIX/include/rtabmap_msgs/rtabmap_msgs/srv/detail/load_database__functions.h
 │ │ -- Installing: $PREFIX/include/rtabmap_msgs/rtabmap_msgs/srv/detail/get_nodes_in_radius__functions.c
 │ │ -- Installing: $PREFIX/include/rtabmap_msgs/rtabmap_msgs/srv/detail/get_nodes_in_radius__type_support.h
 │ │ -- Installing: $PREFIX/include/rtabmap_msgs/rtabmap_msgs/srv/detail/publish_map__functions.c
 │ │ -- Installing: $PREFIX/include/rtabmap_msgs/rtabmap_msgs/srv/detail/get_plan__type_support.h
 │ │ -- Installing: $PREFIX/include/rtabmap_msgs/rtabmap_msgs/srv/detail/detect_more_loop_closures__type_support.h
 │ │ -- Installing: $PREFIX/include/rtabmap_msgs/rtabmap_msgs/srv/detail/add_link__struct.h
 │ │ -- Installing: $PREFIX/include/rtabmap_msgs/rtabmap_msgs/srv/detail/cleanup_local_grids__type_support.h
 │ │ -- Installing: $PREFIX/include/rtabmap_msgs/rtabmap_msgs/srv/detail/get_node_data__type_support.h
 │ │ -- Installing: $PREFIX/include/rtabmap_msgs/rtabmap_msgs/srv/detail/get_map2__struct.h
 │ │ -- Installing: $PREFIX/include/rtabmap_msgs/rtabmap_msgs/srv/detail/global_bundle_adjustment__struct.h
 │ │ -- Installing: $PREFIX/include/rtabmap_msgs/rtabmap_msgs/srv/detail/reset_pose__struct.h
 │ │ -- Installing: $PREFIX/include/rtabmap_msgs/rtabmap_msgs/srv/detail/remove_label__type_support.h
 │ │ -- Installing: $PREFIX/include/rtabmap_msgs/rtabmap_msgs/srv/detail/load_database__functions.c
 │ │ -- Installing: $PREFIX/include/rtabmap_msgs/rtabmap_msgs/srv/detail/reset_pose__functions.c
 │ │ -- Installing: $PREFIX/include/rtabmap_msgs/rtabmap_msgs/srv/detail/cleanup_local_grids__struct.h
 │ │ -- Installing: $PREFIX/include/rtabmap_msgs/rtabmap_msgs/srv/detail/get_map__struct.h
 │ │ -- Installing: $PREFIX/include/rtabmap_msgs/rtabmap_msgs/srv/detail/get_node_data__struct.h
 │ │ -- Installing: $PREFIX/include/rtabmap_msgs/rtabmap_msgs/srv/detail/cleanup_local_grids__functions.c
 │ │ -- Installing: $PREFIX/include/rtabmap_msgs/rtabmap_msgs/srv/detail/set_goal__type_support.h
 │ │ -- Installing: $PREFIX/include/rtabmap_msgs/rtabmap_msgs/srv/detail/load_database__type_support.h
 │ │ -- Installing: $PREFIX/include/rtabmap_msgs/rtabmap_msgs/srv/detail/get_node_data__functions.h
 │ │ -- Installing: $PREFIX/include/rtabmap_msgs/rtabmap_msgs/srv/detail/add_link__functions.h
 │ │ -- Installing: $PREFIX/include/rtabmap_msgs/rtabmap_msgs/srv/detail/set_goal__functions.h
 │ │ -- Installing: $PREFIX/include/rtabmap_msgs/rtabmap_msgs/srv/detail/add_link__functions.c
 │ │ -- Installing: $PREFIX/include/rtabmap_msgs/rtabmap_msgs/srv/detail/get_map2__functions.h
 │ │ -- Installing: $PREFIX/include/rtabmap_msgs/rtabmap_msgs/srv/detail/add_link__type_support.h
 │ │ -- Installing: $PREFIX/include/rtabmap_msgs/rtabmap_msgs/srv/detail/get_plan__functions.c
 │ │ -- Installing: $PREFIX/include/rtabmap_msgs/rtabmap_msgs/srv/detail/list_labels__functions.h
 │ │ -- Installing: $PREFIX/include/rtabmap_msgs/rtabmap_msgs/srv/detail/publish_map__type_support.h
 │ │ -- Installing: $PREFIX/include/rtabmap_msgs/rtabmap_msgs/srv/detail/global_bundle_adjustment__type_support.h
 │ │ -- Installing: $PREFIX/include/rtabmap_msgs/rtabmap_msgs/srv/get_map2.h
 │ │ -- Installing: $PREFIX/include/rtabmap_msgs/rtabmap_msgs/srv/get_node_data.h
 │ │ -- Installing: $PREFIX/include/rtabmap_msgs/rtabmap_msgs/srv/cleanup_local_grids.h
 │ │ -- Installing: $PREFIX/lib/librtabmap_msgs__rosidl_generator_c.so
 │ │ -- Up-to-date: $PREFIX/include/rtabmap_msgs/rtabmap_msgs
 │ │ -- Up-to-date: $PREFIX/include/rtabmap_msgs/rtabmap_msgs/msg
 │ │ -- Installing: $PREFIX/include/rtabmap_msgs/rtabmap_msgs/msg/rosidl_typesupport_fastrtps_c__visibility_control.h
 │ │ -- Up-to-date: $PREFIX/include/rtabmap_msgs/rtabmap_msgs/msg/detail
 │ │ -- Installing: $PREFIX/include/rtabmap_msgs/rtabmap_msgs/msg/detail/odom_info__rosidl_typesupport_fastrtps_c.h
 │ │ -- Installing: $PREFIX/include/rtabmap_msgs/rtabmap_msgs/msg/detail/camera_model__rosidl_typesupport_fastrtps_c.h
 │ │ -- Installing: $PREFIX/include/rtabmap_msgs/rtabmap_msgs/msg/detail/global_descriptor__rosidl_typesupport_fastrtps_c.h
 │ │ -- Installing: $PREFIX/include/rtabmap_msgs/rtabmap_msgs/msg/detail/map_graph__rosidl_typesupport_fastrtps_c.h
 │ │ -- Installing: $PREFIX/include/rtabmap_msgs/rtabmap_msgs/msg/detail/rgbd_image__rosidl_typesupport_fastrtps_c.h
 │ │ -- Installing: $PREFIX/include/rtabmap_msgs/rtabmap_msgs/msg/detail/env_sensor__rosidl_typesupport_fastrtps_c.h
 │ │ -- Installing: $PREFIX/include/rtabmap_msgs/rtabmap_msgs/msg/detail/landmark_detections__rosidl_typesupport_fastrtps_c.h
 │ │ -- Installing: $PREFIX/include/rtabmap_msgs/rtabmap_msgs/msg/detail/node__rosidl_typesupport_fastrtps_c.h
 │ │ -- Installing: $PREFIX/include/rtabmap_msgs/rtabmap_msgs/msg/detail/scan_descriptor__rosidl_typesupport_fastrtps_c.h
 │ │ -- Installing: $PREFIX/include/rtabmap_msgs/rtabmap_msgs/msg/detail/link__rosidl_typesupport_fastrtps_c.h
 │ │ -- Installing: $PREFIX/include/rtabmap_msgs/rtabmap_msgs/msg/detail/point2f__rosidl_typesupport_fastrtps_c.h
 │ │ -- Installing: $PREFIX/include/rtabmap_msgs/rtabmap_msgs/msg/detail/gps__rosidl_typesupport_fastrtps_c.h
 │ │ -- Installing: $PREFIX/include/rtabmap_msgs/rtabmap_msgs/msg/detail/rgbd_images__rosidl_typesupport_fastrtps_c.h
 │ │ -- Installing: $PREFIX/include/rtabmap_msgs/rtabmap_msgs/msg/detail/path__rosidl_typesupport_fastrtps_c.h
 │ │ -- Installing: $PREFIX/include/rtabmap_msgs/rtabmap_msgs/msg/detail/map_data__rosidl_typesupport_fastrtps_c.h
 │ │ -- Installing: $PREFIX/include/rtabmap_msgs/rtabmap_msgs/msg/detail/info__rosidl_typesupport_fastrtps_c.h
 │ │ -- Installing: $PREFIX/include/rtabmap_msgs/rtabmap_msgs/msg/detail/landmark_detection__rosidl_typesupport_fastrtps_c.h
 │ │ -- Installing: $PREFIX/include/rtabmap_msgs/rtabmap_msgs/msg/detail/user_data__rosidl_typesupport_fastrtps_c.h
 │ │ -- Installing: $PREFIX/include/rtabmap_msgs/rtabmap_msgs/msg/detail/camera_models__rosidl_typesupport_fastrtps_c.h
 │ │ -- Installing: $PREFIX/include/rtabmap_msgs/rtabmap_msgs/msg/detail/key_point__rosidl_typesupport_fastrtps_c.h
 │ │ -- Installing: $PREFIX/include/rtabmap_msgs/rtabmap_msgs/msg/detail/goal__rosidl_typesupport_fastrtps_c.h
 │ │ -- Installing: $PREFIX/include/rtabmap_msgs/rtabmap_msgs/msg/detail/point3f__rosidl_typesupport_fastrtps_c.h
 │ │ -- Installing: $PREFIX/include/rtabmap_msgs/rtabmap_msgs/msg/detail/sensor_data__rosidl_typesupport_fastrtps_c.h
 │ │ -- Up-to-date: $PREFIX/include/rtabmap_msgs/rtabmap_msgs/srv
 │ │ -- Up-to-date: $PREFIX/include/rtabmap_msgs/rtabmap_msgs/srv/detail
 │ │ -- Installing: $PREFIX/include/rtabmap_msgs/rtabmap_msgs/srv/detail/global_bundle_adjustment__rosidl_typesupport_fastrtps_c.h
 │ │ -- Installing: $PREFIX/include/rtabmap_msgs/rtabmap_msgs/srv/detail/set_label__rosidl_typesupport_fastrtps_c.h
 │ │ -- Installing: $PREFIX/include/rtabmap_msgs/rtabmap_msgs/srv/detail/set_goal__rosidl_typesupport_fastrtps_c.h
 │ │ -- Installing: $PREFIX/include/rtabmap_msgs/rtabmap_msgs/srv/detail/cleanup_local_grids__rosidl_typesupport_fastrtps_c.h
 │ │ -- Installing: $PREFIX/include/rtabmap_msgs/rtabmap_msgs/srv/detail/reset_pose__rosidl_typesupport_fastrtps_c.h
 │ │ -- Installing: $PREFIX/include/rtabmap_msgs/rtabmap_msgs/srv/detail/publish_map__rosidl_typesupport_fastrtps_c.h
 │ │ -- Installing: $PREFIX/include/rtabmap_msgs/rtabmap_msgs/srv/detail/list_labels__rosidl_typesupport_fastrtps_c.h
 │ │ -- Installing: $PREFIX/include/rtabmap_msgs/rtabmap_msgs/srv/detail/get_map__rosidl_typesupport_fastrtps_c.h
 │ │ -- Installing: $PREFIX/include/rtabmap_msgs/rtabmap_msgs/srv/detail/get_plan__rosidl_typesupport_fastrtps_c.h
 │ │ -- Installing: $PREFIX/include/rtabmap_msgs/rtabmap_msgs/srv/detail/get_map2__rosidl_typesupport_fastrtps_c.h
 │ │ -- Installing: $PREFIX/include/rtabmap_msgs/rtabmap_msgs/srv/detail/get_node_data__rosidl_typesupport_fastrtps_c.h
 │ │ -- Installing: $PREFIX/include/rtabmap_msgs/rtabmap_msgs/srv/detail/remove_label__rosidl_typesupport_fastrtps_c.h
 │ │ -- Installing: $PREFIX/include/rtabmap_msgs/rtabmap_msgs/srv/detail/get_nodes_in_radius__rosidl_typesupport_fastrtps_c.h
 │ │ -- Installing: $PREFIX/include/rtabmap_msgs/rtabmap_msgs/srv/detail/load_database__rosidl_typesupport_fastrtps_c.h
 │ │ -- Installing: $PREFIX/include/rtabmap_msgs/rtabmap_msgs/srv/detail/detect_more_loop_closures__rosidl_typesupport_fastrtps_c.h
 │ │ -- Installing: $PREFIX/include/rtabmap_msgs/rtabmap_msgs/srv/detail/add_link__rosidl_typesupport_fastrtps_c.h
 │ │ -- Installing: $PREFIX/lib/librtabmap_msgs__rosidl_typesupport_fastrtps_c.so
 │ │ -- Set non-toolchain portion of runtime path of "$PREFIX/lib/librtabmap_msgs__rosidl_typesupport_fastrtps_c.so" to ""
 │ │ -- Up-to-date: $PREFIX/include/rtabmap_msgs/rtabmap_msgs
 │ │ -- Up-to-date: $PREFIX/include/rtabmap_msgs/rtabmap_msgs/msg
 │ │ -- Installing: $PREFIX/include/rtabmap_msgs/rtabmap_msgs/msg/rosidl_typesupport_introspection_c__visibility_control.h
 │ │ -- Up-to-date: $PREFIX/include/rtabmap_msgs/rtabmap_msgs/msg/detail
 │ │ -- Installing: $PREFIX/include/rtabmap_msgs/rtabmap_msgs/msg/detail/map_graph__rosidl_typesupport_introspection_c.h
 │ │ -- Installing: $PREFIX/include/rtabmap_msgs/rtabmap_msgs/msg/detail/map_graph__type_support.c
 │ │ -- Installing: $PREFIX/include/rtabmap_msgs/rtabmap_msgs/msg/detail/camera_model__rosidl_typesupport_introspection_c.h
 │ │ -- Installing: $PREFIX/include/rtabmap_msgs/rtabmap_msgs/msg/detail/camera_models__type_support.c
 │ │ -- Installing: $PREFIX/include/rtabmap_msgs/rtabmap_msgs/msg/detail/sensor_data__type_support.c
 │ │ -- Installing: $PREFIX/include/rtabmap_msgs/rtabmap_msgs/msg/detail/info__rosidl_typesupport_introspection_c.h
 │ │ -- Installing: $PREFIX/include/rtabmap_msgs/rtabmap_msgs/msg/detail/point2f__rosidl_typesupport_introspection_c.h
 │ │ -- Installing: $PREFIX/include/rtabmap_msgs/rtabmap_msgs/msg/detail/env_sensor__type_support.c
 │ │ -- Installing: $PREFIX/include/rtabmap_msgs/rtabmap_msgs/msg/detail/odom_info__rosidl_typesupport_introspection_c.h
 │ │ -- Installing: $PREFIX/include/rtabmap_msgs/rtabmap_msgs/msg/detail/rgbd_images__rosidl_typesupport_introspection_c.h
 │ │ -- Installing: $PREFIX/include/rtabmap_msgs/rtabmap_msgs/msg/detail/goal__rosidl_typesupport_introspection_c.h
 │ │ -- Installing: $PREFIX/include/rtabmap_msgs/rtabmap_msgs/msg/detail/landmark_detections__type_support.c
 │ │ -- Installing: $PREFIX/include/rtabmap_msgs/rtabmap_msgs/msg/detail/odom_info__type_support.c
 │ │ -- Installing: $PREFIX/include/rtabmap_msgs/rtabmap_msgs/msg/detail/path__type_support.c
 │ │ -- Installing: $PREFIX/include/rtabmap_msgs/rtabmap_msgs/msg/detail/camera_models__rosidl_typesupport_introspection_c.h
 │ │ -- Installing: $PREFIX/include/rtabmap_msgs/rtabmap_msgs/msg/detail/rgbd_image__rosidl_typesupport_introspection_c.h
 │ │ -- Installing: $PREFIX/include/rtabmap_msgs/rtabmap_msgs/msg/detail/rgbd_image__type_support.c
 │ │ -- Installing: $PREFIX/include/rtabmap_msgs/rtabmap_msgs/msg/detail/user_data__type_support.c
 │ │ -- Installing: $PREFIX/include/rtabmap_msgs/rtabmap_msgs/msg/detail/landmark_detections__rosidl_typesupport_introspection_c.h
 │ │ -- Installing: $PREFIX/include/rtabmap_msgs/rtabmap_msgs/msg/detail/scan_descriptor__type_support.c
 │ │ -- Installing: $PREFIX/include/rtabmap_msgs/rtabmap_msgs/msg/detail/global_descriptor__rosidl_typesupport_introspection_c.h
 │ │ -- Installing: $PREFIX/include/rtabmap_msgs/rtabmap_msgs/msg/detail/info__type_support.c
 │ │ -- Installing: $PREFIX/include/rtabmap_msgs/rtabmap_msgs/msg/detail/point3f__rosidl_typesupport_introspection_c.h
 │ │ -- Installing: $PREFIX/include/rtabmap_msgs/rtabmap_msgs/msg/detail/landmark_detection__type_support.c
 │ │ -- Installing: $PREFIX/include/rtabmap_msgs/rtabmap_msgs/msg/detail/link__rosidl_typesupport_introspection_c.h
 │ │ -- Installing: $PREFIX/include/rtabmap_msgs/rtabmap_msgs/msg/detail/map_data__rosidl_typesupport_introspection_c.h
 │ │ -- Installing: $PREFIX/include/rtabmap_msgs/rtabmap_msgs/msg/detail/key_point__type_support.c
 │ │ -- Installing: $PREFIX/include/rtabmap_msgs/rtabmap_msgs/msg/detail/goal__type_support.c
 │ │ -- Installing: $PREFIX/include/rtabmap_msgs/rtabmap_msgs/msg/detail/key_point__rosidl_typesupport_introspection_c.h
 │ │ -- Installing: $PREFIX/include/rtabmap_msgs/rtabmap_msgs/msg/detail/landmark_detection__rosidl_typesupport_introspection_c.h
 │ │ -- Installing: $PREFIX/include/rtabmap_msgs/rtabmap_msgs/msg/detail/link__type_support.c
 │ │ -- Installing: $PREFIX/include/rtabmap_msgs/rtabmap_msgs/msg/detail/camera_model__type_support.c
 │ │ -- Installing: $PREFIX/include/rtabmap_msgs/rtabmap_msgs/msg/detail/map_data__type_support.c
 │ │ -- Installing: $PREFIX/include/rtabmap_msgs/rtabmap_msgs/msg/detail/node__rosidl_typesupport_introspection_c.h
 │ │ -- Installing: $PREFIX/include/rtabmap_msgs/rtabmap_msgs/msg/detail/global_descriptor__type_support.c
 │ │ -- Installing: $PREFIX/include/rtabmap_msgs/rtabmap_msgs/msg/detail/rgbd_images__type_support.c
 │ │ -- Installing: $PREFIX/include/rtabmap_msgs/rtabmap_msgs/msg/detail/sensor_data__rosidl_typesupport_introspection_c.h
 │ │ -- Installing: $PREFIX/include/rtabmap_msgs/rtabmap_msgs/msg/detail/point2f__type_support.c
 │ │ -- Installing: $PREFIX/include/rtabmap_msgs/rtabmap_msgs/msg/detail/gps__type_support.c
 │ │ -- Installing: $PREFIX/include/rtabmap_msgs/rtabmap_msgs/msg/detail/user_data__rosidl_typesupport_introspection_c.h
 │ │ -- Installing: $PREFIX/include/rtabmap_msgs/rtabmap_msgs/msg/detail/node__type_support.c
 │ │ -- Installing: $PREFIX/include/rtabmap_msgs/rtabmap_msgs/msg/detail/path__rosidl_typesupport_introspection_c.h
 │ │ -- Installing: $PREFIX/include/rtabmap_msgs/rtabmap_msgs/msg/detail/point3f__type_support.c
 │ │ -- Installing: $PREFIX/include/rtabmap_msgs/rtabmap_msgs/msg/detail/gps__rosidl_typesupport_introspection_c.h
 │ │ -- Installing: $PREFIX/include/rtabmap_msgs/rtabmap_msgs/msg/detail/env_sensor__rosidl_typesupport_introspection_c.h
 │ │ -- Installing: $PREFIX/include/rtabmap_msgs/rtabmap_msgs/msg/detail/scan_descriptor__rosidl_typesupport_introspection_c.h
 │ │ -- Up-to-date: $PREFIX/include/rtabmap_msgs/rtabmap_msgs/srv
 │ │ -- Up-to-date: $PREFIX/include/rtabmap_msgs/rtabmap_msgs/srv/detail
 │ │ -- Installing: $PREFIX/include/rtabmap_msgs/rtabmap_msgs/srv/detail/get_node_data__type_support.c
 │ │ -- Installing: $PREFIX/include/rtabmap_msgs/rtabmap_msgs/srv/detail/global_bundle_adjustment__rosidl_typesupport_introspection_c.h
 │ │ -- Installing: $PREFIX/include/rtabmap_msgs/rtabmap_msgs/srv/detail/get_node_data__rosidl_typesupport_introspection_c.h
 │ │ -- Installing: $PREFIX/include/rtabmap_msgs/rtabmap_msgs/srv/detail/get_nodes_in_radius__type_support.c
 │ │ -- Installing: $PREFIX/include/rtabmap_msgs/rtabmap_msgs/srv/detail/load_database__rosidl_typesupport_introspection_c.h
 │ │ -- Installing: $PREFIX/include/rtabmap_msgs/rtabmap_msgs/srv/detail/global_bundle_adjustment__type_support.c
 │ │ -- Installing: $PREFIX/include/rtabmap_msgs/rtabmap_msgs/srv/detail/remove_label__rosidl_typesupport_introspection_c.h
 │ │ -- Installing: $PREFIX/include/rtabmap_msgs/rtabmap_msgs/srv/detail/get_map2__rosidl_typesupport_introspection_c.h
 │ │ -- Installing: $PREFIX/include/rtabmap_msgs/rtabmap_msgs/srv/detail/get_plan__type_support.c
 │ │ -- Installing: $PREFIX/include/rtabmap_msgs/rtabmap_msgs/srv/detail/get_nodes_in_radius__rosidl_typesupport_introspection_c.h
 │ │ -- Installing: $PREFIX/include/rtabmap_msgs/rtabmap_msgs/srv/detail/list_labels__rosidl_typesupport_introspection_c.h
 │ │ -- Installing: $PREFIX/include/rtabmap_msgs/rtabmap_msgs/srv/detail/set_goal__rosidl_typesupport_introspection_c.h
 │ │ -- Installing: $PREFIX/include/rtabmap_msgs/rtabmap_msgs/srv/detail/cleanup_local_grids__rosidl_typesupport_introspection_c.h
 │ │ -- Installing: $PREFIX/include/rtabmap_msgs/rtabmap_msgs/srv/detail/add_link__type_support.c
 │ │ -- Installing: $PREFIX/include/rtabmap_msgs/rtabmap_msgs/srv/detail/set_label__rosidl_typesupport_introspection_c.h
 │ │ -- Installing: $PREFIX/include/rtabmap_msgs/rtabmap_msgs/srv/detail/get_map__rosidl_typesupport_introspection_c.h
 │ │ -- Installing: $PREFIX/include/rtabmap_msgs/rtabmap_msgs/srv/detail/detect_more_loop_closures__type_support.c
 │ │ -- Installing: $PREFIX/include/rtabmap_msgs/rtabmap_msgs/srv/detail/publish_map__rosidl_typesupport_introspection_c.h
 │ │ -- Installing: $PREFIX/include/rtabmap_msgs/rtabmap_msgs/srv/detail/load_database__type_support.c
 │ │ -- Installing: $PREFIX/include/rtabmap_msgs/rtabmap_msgs/srv/detail/reset_pose__rosidl_typesupport_introspection_c.h
 │ │ -- Installing: $PREFIX/include/rtabmap_msgs/rtabmap_msgs/srv/detail/set_goal__type_support.c
 │ │ -- Installing: $PREFIX/include/rtabmap_msgs/rtabmap_msgs/srv/detail/cleanup_local_grids__type_support.c
 │ │ -- Installing: $PREFIX/include/rtabmap_msgs/rtabmap_msgs/srv/detail/set_label__type_support.c
 │ │ -- Installing: $PREFIX/include/rtabmap_msgs/rtabmap_msgs/srv/detail/get_map2__type_support.c
 │ │ -- Installing: $PREFIX/include/rtabmap_msgs/rtabmap_msgs/srv/detail/list_labels__type_support.c
 │ │ -- Installing: $PREFIX/include/rtabmap_msgs/rtabmap_msgs/srv/detail/get_map__type_support.c
 │ │ -- Installing: $PREFIX/include/rtabmap_msgs/rtabmap_msgs/srv/detail/publish_map__type_support.c
 │ │ -- Installing: $PREFIX/include/rtabmap_msgs/rtabmap_msgs/srv/detail/reset_pose__type_support.c
 │ │ -- Installing: $PREFIX/include/rtabmap_msgs/rtabmap_msgs/srv/detail/get_plan__rosidl_typesupport_introspection_c.h
 │ │ -- Installing: $PREFIX/include/rtabmap_msgs/rtabmap_msgs/srv/detail/add_link__rosidl_typesupport_introspection_c.h
 │ │ -- Installing: $PREFIX/include/rtabmap_msgs/rtabmap_msgs/srv/detail/detect_more_loop_closures__rosidl_typesupport_introspection_c.h
 │ │ -- Installing: $PREFIX/include/rtabmap_msgs/rtabmap_msgs/srv/detail/remove_label__type_support.c
 │ │ -- Installing: $PREFIX/lib/librtabmap_msgs__rosidl_typesupport_introspection_c.so
 │ │ -- Set non-toolchain portion of runtime path of "$PREFIX/lib/librtabmap_msgs__rosidl_typesupport_introspection_c.so" to ""
 │ │ -- Installing: $PREFIX/lib/librtabmap_msgs__rosidl_typesupport_c.so
 │ │ -- Set non-toolchain portion of runtime path of "$PREFIX/lib/librtabmap_msgs__rosidl_typesupport_c.so" to ""
 │ │ -- Up-to-date: $PREFIX/include/rtabmap_msgs/rtabmap_msgs
 │ │ -- Up-to-date: $PREFIX/include/rtabmap_msgs/rtabmap_msgs/msg
 │ │ -- Installing: $PREFIX/include/rtabmap_msgs/rtabmap_msgs/msg/landmark_detection.hpp
 │ │ -- Installing: $PREFIX/include/rtabmap_msgs/rtabmap_msgs/msg/odom_info.hpp
 │ │ -- Installing: $PREFIX/include/rtabmap_msgs/rtabmap_msgs/msg/sensor_data.hpp
 │ │ -- Installing: $PREFIX/include/rtabmap_msgs/rtabmap_msgs/msg/user_data.hpp
 │ │ -- Installing: $PREFIX/include/rtabmap_msgs/rtabmap_msgs/msg/map_data.hpp
 │ │ -- Installing: $PREFIX/include/rtabmap_msgs/rtabmap_msgs/msg/env_sensor.hpp
 │ │ -- Installing: $PREFIX/include/rtabmap_msgs/rtabmap_msgs/msg/key_point.hpp
 │ │ -- Installing: $PREFIX/include/rtabmap_msgs/rtabmap_msgs/msg/point3f.hpp
 │ │ -- Installing: $PREFIX/include/rtabmap_msgs/rtabmap_msgs/msg/link.hpp
 │ │ -- Installing: $PREFIX/include/rtabmap_msgs/rtabmap_msgs/msg/camera_models.hpp
 │ │ -- Installing: $PREFIX/include/rtabmap_msgs/rtabmap_msgs/msg/rgbd_images.hpp
 │ │ -- Installing: $PREFIX/include/rtabmap_msgs/rtabmap_msgs/msg/point2f.hpp
 │ │ -- Installing: $PREFIX/include/rtabmap_msgs/rtabmap_msgs/msg/rosidl_generator_cpp__visibility_control.hpp
 │ │ -- Installing: $PREFIX/include/rtabmap_msgs/rtabmap_msgs/msg/path.hpp
 │ │ -- Installing: $PREFIX/include/rtabmap_msgs/rtabmap_msgs/msg/node.hpp
 │ │ -- Installing: $PREFIX/include/rtabmap_msgs/rtabmap_msgs/msg/scan_descriptor.hpp
 │ │ -- Installing: $PREFIX/include/rtabmap_msgs/rtabmap_msgs/msg/landmark_detections.hpp
 │ │ -- Installing: $PREFIX/include/rtabmap_msgs/rtabmap_msgs/msg/gps.hpp
 │ │ -- Up-to-date: $PREFIX/include/rtabmap_msgs/rtabmap_msgs/msg/detail
 │ │ -- Installing: $PREFIX/include/rtabmap_msgs/rtabmap_msgs/msg/detail/node__traits.hpp
 │ │ -- Installing: $PREFIX/include/rtabmap_msgs/rtabmap_msgs/msg/detail/link__type_support.hpp
 │ │ -- Installing: $PREFIX/include/rtabmap_msgs/rtabmap_msgs/msg/detail/camera_models__struct.hpp
 │ │ -- Installing: $PREFIX/include/rtabmap_msgs/rtabmap_msgs/msg/detail/gps__type_support.hpp
 │ │ -- Installing: $PREFIX/include/rtabmap_msgs/rtabmap_msgs/msg/detail/info__traits.hpp
 │ │ -- Installing: $PREFIX/include/rtabmap_msgs/rtabmap_msgs/msg/detail/user_data__type_support.hpp
 │ │ -- Installing: $PREFIX/include/rtabmap_msgs/rtabmap_msgs/msg/detail/landmark_detections__traits.hpp
 │ │ -- Installing: $PREFIX/include/rtabmap_msgs/rtabmap_msgs/msg/detail/key_point__traits.hpp
 │ │ -- Installing: $PREFIX/include/rtabmap_msgs/rtabmap_msgs/msg/detail/point3f__traits.hpp
 │ │ -- Installing: $PREFIX/include/rtabmap_msgs/rtabmap_msgs/msg/detail/camera_model__type_support.hpp
 │ │ -- Installing: $PREFIX/include/rtabmap_msgs/rtabmap_msgs/msg/detail/goal__traits.hpp
 │ │ -- Installing: $PREFIX/include/rtabmap_msgs/rtabmap_msgs/msg/detail/camera_model__struct.hpp
 │ │ -- Installing: $PREFIX/include/rtabmap_msgs/rtabmap_msgs/msg/detail/rgbd_image__struct.hpp
 │ │ -- Installing: $PREFIX/include/rtabmap_msgs/rtabmap_msgs/msg/detail/scan_descriptor__builder.hpp
 │ │ -- Installing: $PREFIX/include/rtabmap_msgs/rtabmap_msgs/msg/detail/path__traits.hpp
 │ │ -- Installing: $PREFIX/include/rtabmap_msgs/rtabmap_msgs/msg/detail/node__type_support.hpp
 │ │ -- Installing: $PREFIX/include/rtabmap_msgs/rtabmap_msgs/msg/detail/odom_info__type_support.hpp
 │ │ -- Installing: $PREFIX/include/rtabmap_msgs/rtabmap_msgs/msg/detail/scan_descriptor__traits.hpp
 │ │ -- Installing: $PREFIX/include/rtabmap_msgs/rtabmap_msgs/msg/detail/scan_descriptor__struct.hpp
 │ │ -- Installing: $PREFIX/include/rtabmap_msgs/rtabmap_msgs/msg/detail/rgbd_image__builder.hpp
 │ │ -- Installing: $PREFIX/include/rtabmap_msgs/rtabmap_msgs/msg/detail/landmark_detection__builder.hpp
 │ │ -- Installing: $PREFIX/include/rtabmap_msgs/rtabmap_msgs/msg/detail/info__builder.hpp
 │ │ -- Installing: $PREFIX/include/rtabmap_msgs/rtabmap_msgs/msg/detail/map_graph__struct.hpp
 │ │ -- Installing: $PREFIX/include/rtabmap_msgs/rtabmap_msgs/msg/detail/landmark_detection__type_support.hpp
 │ │ -- Installing: $PREFIX/include/rtabmap_msgs/rtabmap_msgs/msg/detail/global_descriptor__struct.hpp
 │ │ -- Installing: $PREFIX/include/rtabmap_msgs/rtabmap_msgs/msg/detail/goal__builder.hpp
 │ │ -- Installing: $PREFIX/include/rtabmap_msgs/rtabmap_msgs/msg/detail/gps__builder.hpp
 │ │ -- Installing: $PREFIX/include/rtabmap_msgs/rtabmap_msgs/msg/detail/global_descriptor__traits.hpp
 │ │ -- Installing: $PREFIX/include/rtabmap_msgs/rtabmap_msgs/msg/detail/point2f__builder.hpp
 │ │ -- Installing: $PREFIX/include/rtabmap_msgs/rtabmap_msgs/msg/detail/point2f__type_support.hpp
 │ │ -- Installing: $PREFIX/include/rtabmap_msgs/rtabmap_msgs/msg/detail/global_descriptor__type_support.hpp
 │ │ -- Installing: $PREFIX/include/rtabmap_msgs/rtabmap_msgs/msg/detail/odom_info__builder.hpp
 │ │ -- Installing: $PREFIX/include/rtabmap_msgs/rtabmap_msgs/msg/detail/link__struct.hpp
 │ │ -- Installing: $PREFIX/include/rtabmap_msgs/rtabmap_msgs/msg/detail/goal__type_support.hpp
 │ │ -- Installing: $PREFIX/include/rtabmap_msgs/rtabmap_msgs/msg/detail/camera_models__builder.hpp
 │ │ -- Installing: $PREFIX/include/rtabmap_msgs/rtabmap_msgs/msg/detail/sensor_data__builder.hpp
 │ │ -- Installing: $PREFIX/include/rtabmap_msgs/rtabmap_msgs/msg/detail/goal__struct.hpp
 │ │ -- Installing: $PREFIX/include/rtabmap_msgs/rtabmap_msgs/msg/detail/user_data__struct.hpp
 │ │ -- Installing: $PREFIX/include/rtabmap_msgs/rtabmap_msgs/msg/detail/landmark_detections__struct.hpp
 │ │ -- Installing: $PREFIX/include/rtabmap_msgs/rtabmap_msgs/msg/detail/rgbd_image__traits.hpp
 │ │ -- Installing: $PREFIX/include/rtabmap_msgs/rtabmap_msgs/msg/detail/path__struct.hpp
 │ │ -- Installing: $PREFIX/include/rtabmap_msgs/rtabmap_msgs/msg/detail/point3f__type_support.hpp
 │ │ -- Installing: $PREFIX/include/rtabmap_msgs/rtabmap_msgs/msg/detail/map_graph__builder.hpp
 │ │ -- Installing: $PREFIX/include/rtabmap_msgs/rtabmap_msgs/msg/detail/key_point__struct.hpp
 │ │ -- Installing: $PREFIX/include/rtabmap_msgs/rtabmap_msgs/msg/detail/point3f__builder.hpp
 │ │ -- Installing: $PREFIX/include/rtabmap_msgs/rtabmap_msgs/msg/detail/gps__struct.hpp
 │ │ -- Installing: $PREFIX/include/rtabmap_msgs/rtabmap_msgs/msg/detail/user_data__builder.hpp
 │ │ -- Installing: $PREFIX/include/rtabmap_msgs/rtabmap_msgs/msg/detail/link__traits.hpp
 │ │ -- Installing: $PREFIX/include/rtabmap_msgs/rtabmap_msgs/msg/detail/key_point__builder.hpp
 │ │ -- Installing: $PREFIX/include/rtabmap_msgs/rtabmap_msgs/msg/detail/env_sensor__traits.hpp
 │ │ -- Installing: $PREFIX/include/rtabmap_msgs/rtabmap_msgs/msg/detail/gps__traits.hpp
 │ │ -- Installing: $PREFIX/include/rtabmap_msgs/rtabmap_msgs/msg/detail/scan_descriptor__type_support.hpp
 │ │ -- Installing: $PREFIX/include/rtabmap_msgs/rtabmap_msgs/msg/detail/node__builder.hpp
 │ │ -- Installing: $PREFIX/include/rtabmap_msgs/rtabmap_msgs/msg/detail/map_data__struct.hpp
 │ │ -- Installing: $PREFIX/include/rtabmap_msgs/rtabmap_msgs/msg/detail/landmark_detections__builder.hpp
 │ │ -- Installing: $PREFIX/include/rtabmap_msgs/rtabmap_msgs/msg/detail/odom_info__traits.hpp
 │ │ -- Installing: $PREFIX/include/rtabmap_msgs/rtabmap_msgs/msg/detail/rgbd_images__struct.hpp
 │ │ -- Installing: $PREFIX/include/rtabmap_msgs/rtabmap_msgs/msg/detail/landmark_detection__struct.hpp
 │ │ -- Installing: $PREFIX/include/rtabmap_msgs/rtabmap_msgs/msg/detail/map_data__traits.hpp
 │ │ -- Installing: $PREFIX/include/rtabmap_msgs/rtabmap_msgs/msg/detail/key_point__type_support.hpp
 │ │ -- Installing: $PREFIX/include/rtabmap_msgs/rtabmap_msgs/msg/detail/node__struct.hpp
 │ │ -- Installing: $PREFIX/include/rtabmap_msgs/rtabmap_msgs/msg/detail/info__type_support.hpp
 │ │ -- Installing: $PREFIX/include/rtabmap_msgs/rtabmap_msgs/msg/detail/camera_model__traits.hpp
 │ │ -- Installing: $PREFIX/include/rtabmap_msgs/rtabmap_msgs/msg/detail/odom_info__struct.hpp
 │ │ -- Installing: $PREFIX/include/rtabmap_msgs/rtabmap_msgs/msg/detail/rgbd_images__builder.hpp
 │ │ -- Installing: $PREFIX/include/rtabmap_msgs/rtabmap_msgs/msg/detail/map_graph__traits.hpp
 │ │ -- Installing: $PREFIX/include/rtabmap_msgs/rtabmap_msgs/msg/detail/rgbd_image__type_support.hpp
 │ │ -- Installing: $PREFIX/include/rtabmap_msgs/rtabmap_msgs/msg/detail/camera_models__traits.hpp
 │ │ -- Installing: $PREFIX/include/rtabmap_msgs/rtabmap_msgs/msg/detail/link__builder.hpp
 │ │ -- Installing: $PREFIX/include/rtabmap_msgs/rtabmap_msgs/msg/detail/path__type_support.hpp
 │ │ -- Installing: $PREFIX/include/rtabmap_msgs/rtabmap_msgs/msg/detail/rgbd_images__traits.hpp
 │ │ -- Installing: $PREFIX/include/rtabmap_msgs/rtabmap_msgs/msg/detail/point2f__struct.hpp
 │ │ -- Installing: $PREFIX/include/rtabmap_msgs/rtabmap_msgs/msg/detail/rgbd_images__type_support.hpp
 │ │ -- Installing: $PREFIX/include/rtabmap_msgs/rtabmap_msgs/msg/detail/map_data__builder.hpp
 │ │ -- Installing: $PREFIX/include/rtabmap_msgs/rtabmap_msgs/msg/detail/global_descriptor__builder.hpp
 │ │ -- Installing: $PREFIX/include/rtabmap_msgs/rtabmap_msgs/msg/detail/path__builder.hpp
 │ │ -- Installing: $PREFIX/include/rtabmap_msgs/rtabmap_msgs/msg/detail/user_data__traits.hpp
 │ │ -- Installing: $PREFIX/include/rtabmap_msgs/rtabmap_msgs/msg/detail/landmark_detections__type_support.hpp
 │ │ -- Installing: $PREFIX/include/rtabmap_msgs/rtabmap_msgs/msg/detail/camera_model__builder.hpp
 │ │ -- Installing: $PREFIX/include/rtabmap_msgs/rtabmap_msgs/msg/detail/point2f__traits.hpp
 │ │ -- Installing: $PREFIX/include/rtabmap_msgs/rtabmap_msgs/msg/detail/info__struct.hpp
 │ │ -- Installing: $PREFIX/include/rtabmap_msgs/rtabmap_msgs/msg/detail/sensor_data__struct.hpp
 │ │ -- Installing: $PREFIX/include/rtabmap_msgs/rtabmap_msgs/msg/detail/map_graph__type_support.hpp
 │ │ -- Installing: $PREFIX/include/rtabmap_msgs/rtabmap_msgs/msg/detail/sensor_data__type_support.hpp
 │ │ -- Installing: $PREFIX/include/rtabmap_msgs/rtabmap_msgs/msg/detail/point3f__struct.hpp
 │ │ -- Installing: $PREFIX/include/rtabmap_msgs/rtabmap_msgs/msg/detail/map_data__type_support.hpp
 │ │ -- Installing: $PREFIX/include/rtabmap_msgs/rtabmap_msgs/msg/detail/env_sensor__builder.hpp
 │ │ -- Installing: $PREFIX/include/rtabmap_msgs/rtabmap_msgs/msg/detail/camera_models__type_support.hpp
 │ │ -- Installing: $PREFIX/include/rtabmap_msgs/rtabmap_msgs/msg/detail/landmark_detection__traits.hpp
 │ │ -- Installing: $PREFIX/include/rtabmap_msgs/rtabmap_msgs/msg/detail/env_sensor__struct.hpp
 │ │ -- Installing: $PREFIX/include/rtabmap_msgs/rtabmap_msgs/msg/detail/env_sensor__type_support.hpp
 │ │ -- Installing: $PREFIX/include/rtabmap_msgs/rtabmap_msgs/msg/detail/sensor_data__traits.hpp
 │ │ -- Installing: $PREFIX/include/rtabmap_msgs/rtabmap_msgs/msg/goal.hpp
 │ │ -- Installing: $PREFIX/include/rtabmap_msgs/rtabmap_msgs/msg/global_descriptor.hpp
 │ │ -- Installing: $PREFIX/include/rtabmap_msgs/rtabmap_msgs/msg/info.hpp
 │ │ -- Installing: $PREFIX/include/rtabmap_msgs/rtabmap_msgs/msg/camera_model.hpp
 │ │ -- Installing: $PREFIX/include/rtabmap_msgs/rtabmap_msgs/msg/rgbd_image.hpp
 │ │ -- Installing: $PREFIX/include/rtabmap_msgs/rtabmap_msgs/msg/map_graph.hpp
 │ │ -- Up-to-date: $PREFIX/include/rtabmap_msgs/rtabmap_msgs/srv
 │ │ -- Installing: $PREFIX/include/rtabmap_msgs/rtabmap_msgs/srv/set_label.hpp
 │ │ -- Installing: $PREFIX/include/rtabmap_msgs/rtabmap_msgs/srv/list_labels.hpp
 │ │ -- Installing: $PREFIX/include/rtabmap_msgs/rtabmap_msgs/srv/get_map2.hpp
 │ │ -- Installing: $PREFIX/include/rtabmap_msgs/rtabmap_msgs/srv/set_goal.hpp
 │ │ -- Installing: $PREFIX/include/rtabmap_msgs/rtabmap_msgs/srv/global_bundle_adjustment.hpp
 │ │ -- Installing: $PREFIX/include/rtabmap_msgs/rtabmap_msgs/srv/detect_more_loop_closures.hpp
 │ │ -- Installing: $PREFIX/include/rtabmap_msgs/rtabmap_msgs/srv/get_map.hpp
 │ │ -- Installing: $PREFIX/include/rtabmap_msgs/rtabmap_msgs/srv/add_link.hpp
 │ │ -- Installing: $PREFIX/include/rtabmap_msgs/rtabmap_msgs/srv/get_node_data.hpp
 │ │ -- Installing: $PREFIX/include/rtabmap_msgs/rtabmap_msgs/srv/load_database.hpp
 │ │ -- Installing: $PREFIX/include/rtabmap_msgs/rtabmap_msgs/srv/reset_pose.hpp
 │ │ -- Installing: $PREFIX/include/rtabmap_msgs/rtabmap_msgs/srv/get_nodes_in_radius.hpp
 │ │ -- Installing: $PREFIX/include/rtabmap_msgs/rtabmap_msgs/srv/get_plan.hpp
 │ │ -- Up-to-date: $PREFIX/include/rtabmap_msgs/rtabmap_msgs/srv/detail
 │ │ -- Installing: $PREFIX/include/rtabmap_msgs/rtabmap_msgs/srv/detail/get_map2__type_support.hpp
 │ │ -- Installing: $PREFIX/include/rtabmap_msgs/rtabmap_msgs/srv/detail/add_link__traits.hpp
 │ │ -- Installing: $PREFIX/include/rtabmap_msgs/rtabmap_msgs/srv/detail/load_database__builder.hpp
 │ │ -- Installing: $PREFIX/include/rtabmap_msgs/rtabmap_msgs/srv/detail/load_database__struct.hpp
 │ │ -- Installing: $PREFIX/include/rtabmap_msgs/rtabmap_msgs/srv/detail/set_goal__struct.hpp
 │ │ -- Installing: $PREFIX/include/rtabmap_msgs/rtabmap_msgs/srv/detail/set_goal__type_support.hpp
 │ │ -- Installing: $PREFIX/include/rtabmap_msgs/rtabmap_msgs/srv/detail/load_database__traits.hpp
 │ │ -- Installing: $PREFIX/include/rtabmap_msgs/rtabmap_msgs/srv/detail/get_plan__struct.hpp
 │ │ -- Installing: $PREFIX/include/rtabmap_msgs/rtabmap_msgs/srv/detail/remove_label__traits.hpp
 │ │ -- Installing: $PREFIX/include/rtabmap_msgs/rtabmap_msgs/srv/detail/reset_pose__traits.hpp
 │ │ -- Installing: $PREFIX/include/rtabmap_msgs/rtabmap_msgs/srv/detail/get_nodes_in_radius__type_support.hpp
 │ │ -- Installing: $PREFIX/include/rtabmap_msgs/rtabmap_msgs/srv/detail/add_link__builder.hpp
 │ │ -- Installing: $PREFIX/include/rtabmap_msgs/rtabmap_msgs/srv/detail/remove_label__struct.hpp
 │ │ -- Installing: $PREFIX/include/rtabmap_msgs/rtabmap_msgs/srv/detail/set_label__traits.hpp
 │ │ -- Installing: $PREFIX/include/rtabmap_msgs/rtabmap_msgs/srv/detail/publish_map__traits.hpp
 │ │ -- Installing: $PREFIX/include/rtabmap_msgs/rtabmap_msgs/srv/detail/global_bundle_adjustment__type_support.hpp
 │ │ -- Installing: $PREFIX/include/rtabmap_msgs/rtabmap_msgs/srv/detail/set_goal__traits.hpp
 │ │ -- Installing: $PREFIX/include/rtabmap_msgs/rtabmap_msgs/srv/detail/add_link__type_support.hpp
 │ │ -- Installing: $PREFIX/include/rtabmap_msgs/rtabmap_msgs/srv/detail/set_label__type_support.hpp
 │ │ -- Installing: $PREFIX/include/rtabmap_msgs/rtabmap_msgs/srv/detail/list_labels__traits.hpp
 │ │ -- Installing: $PREFIX/include/rtabmap_msgs/rtabmap_msgs/srv/detail/get_node_data__struct.hpp
 │ │ -- Installing: $PREFIX/include/rtabmap_msgs/rtabmap_msgs/srv/detail/cleanup_local_grids__builder.hpp
 │ │ -- Installing: $PREFIX/include/rtabmap_msgs/rtabmap_msgs/srv/detail/global_bundle_adjustment__traits.hpp
 │ │ -- Installing: $PREFIX/include/rtabmap_msgs/rtabmap_msgs/srv/detail/get_plan__builder.hpp
 │ │ -- Installing: $PREFIX/include/rtabmap_msgs/rtabmap_msgs/srv/detail/detect_more_loop_closures__builder.hpp
 │ │ -- Installing: $PREFIX/include/rtabmap_msgs/rtabmap_msgs/srv/detail/get_map2__struct.hpp
 │ │ -- Installing: $PREFIX/include/rtabmap_msgs/rtabmap_msgs/srv/detail/set_label__struct.hpp
 │ │ -- Installing: $PREFIX/include/rtabmap_msgs/rtabmap_msgs/srv/detail/reset_pose__builder.hpp
 │ │ -- Installing: $PREFIX/include/rtabmap_msgs/rtabmap_msgs/srv/detail/publish_map__struct.hpp
 │ │ -- Installing: $PREFIX/include/rtabmap_msgs/rtabmap_msgs/srv/detail/get_plan__traits.hpp
 │ │ -- Installing: $PREFIX/include/rtabmap_msgs/rtabmap_msgs/srv/detail/list_labels__struct.hpp
 │ │ -- Installing: $PREFIX/include/rtabmap_msgs/rtabmap_msgs/srv/detail/list_labels__type_support.hpp
 │ │ -- Installing: $PREFIX/include/rtabmap_msgs/rtabmap_msgs/srv/detail/cleanup_local_grids__traits.hpp
 │ │ -- Installing: $PREFIX/include/rtabmap_msgs/rtabmap_msgs/srv/detail/get_nodes_in_radius__struct.hpp
 │ │ -- Installing: $PREFIX/include/rtabmap_msgs/rtabmap_msgs/srv/detail/get_map__type_support.hpp
 │ │ -- Installing: $PREFIX/include/rtabmap_msgs/rtabmap_msgs/srv/detail/reset_pose__struct.hpp
 │ │ -- Installing: $PREFIX/include/rtabmap_msgs/rtabmap_msgs/srv/detail/get_map2__builder.hpp
 │ │ -- Installing: $PREFIX/include/rtabmap_msgs/rtabmap_msgs/srv/detail/get_nodes_in_radius__builder.hpp
 │ │ -- Installing: $PREFIX/include/rtabmap_msgs/rtabmap_msgs/srv/detail/get_map__builder.hpp
 │ │ -- Installing: $PREFIX/include/rtabmap_msgs/rtabmap_msgs/srv/detail/set_goal__builder.hpp
 │ │ -- Installing: $PREFIX/include/rtabmap_msgs/rtabmap_msgs/srv/detail/remove_label__builder.hpp
 │ │ -- Installing: $PREFIX/include/rtabmap_msgs/rtabmap_msgs/srv/detail/get_node_data__traits.hpp
 │ │ -- Installing: $PREFIX/include/rtabmap_msgs/rtabmap_msgs/srv/detail/publish_map__builder.hpp
 │ │ -- Installing: $PREFIX/include/rtabmap_msgs/rtabmap_msgs/srv/detail/reset_pose__type_support.hpp
 │ │ -- Installing: $PREFIX/include/rtabmap_msgs/rtabmap_msgs/srv/detail/detect_more_loop_closures__traits.hpp
 │ │ -- Installing: $PREFIX/include/rtabmap_msgs/rtabmap_msgs/srv/detail/get_nodes_in_radius__traits.hpp
 │ │ -- Installing: $PREFIX/include/rtabmap_msgs/rtabmap_msgs/srv/detail/detect_more_loop_closures__type_support.hpp
 │ │ -- Installing: $PREFIX/include/rtabmap_msgs/rtabmap_msgs/srv/detail/get_map2__traits.hpp
 │ │ -- Installing: $PREFIX/include/rtabmap_msgs/rtabmap_msgs/srv/detail/cleanup_local_grids__type_support.hpp
 │ │ -- Installing: $PREFIX/include/rtabmap_msgs/rtabmap_msgs/srv/detail/publish_map__type_support.hpp
 │ │ -- Installing: $PREFIX/include/rtabmap_msgs/rtabmap_msgs/srv/detail/global_bundle_adjustment__builder.hpp
 │ │ -- Installing: $PREFIX/include/rtabmap_msgs/rtabmap_msgs/srv/detail/set_label__builder.hpp
 │ │ -- Installing: $PREFIX/include/rtabmap_msgs/rtabmap_msgs/srv/detail/load_database__type_support.hpp
 │ │ -- Installing: $PREFIX/include/rtabmap_msgs/rtabmap_msgs/srv/detail/get_node_data__type_support.hpp
 │ │ -- Installing: $PREFIX/include/rtabmap_msgs/rtabmap_msgs/srv/detail/get_map__struct.hpp
 │ │ -- Installing: $PREFIX/include/rtabmap_msgs/rtabmap_msgs/srv/detail/remove_label__type_support.hpp
 │ │ -- Installing: $PREFIX/include/rtabmap_msgs/rtabmap_msgs/srv/detail/global_bundle_adjustment__struct.hpp
 │ │ -- Installing: $PREFIX/include/rtabmap_msgs/rtabmap_msgs/srv/detail/get_map__traits.hpp
 │ │ -- Installing: $PREFIX/include/rtabmap_msgs/rtabmap_msgs/srv/detail/detect_more_loop_closures__struct.hpp
 │ │ -- Installing: $PREFIX/include/rtabmap_msgs/rtabmap_msgs/srv/detail/cleanup_local_grids__struct.hpp
 │ │ -- Installing: $PREFIX/include/rtabmap_msgs/rtabmap_msgs/srv/detail/list_labels__builder.hpp
 │ │ -- Installing: $PREFIX/include/rtabmap_msgs/rtabmap_msgs/srv/detail/get_node_data__builder.hpp
 │ │ -- Installing: $PREFIX/include/rtabmap_msgs/rtabmap_msgs/srv/detail/add_link__struct.hpp
 │ │ -- Installing: $PREFIX/include/rtabmap_msgs/rtabmap_msgs/srv/detail/get_plan__type_support.hpp
 │ │ -- Installing: $PREFIX/include/rtabmap_msgs/rtabmap_msgs/srv/cleanup_local_grids.hpp
 │ │ -- Installing: $PREFIX/include/rtabmap_msgs/rtabmap_msgs/srv/remove_label.hpp
 │ │ -- Installing: $PREFIX/include/rtabmap_msgs/rtabmap_msgs/srv/publish_map.hpp
 │ │ -- Up-to-date: $PREFIX/include/rtabmap_msgs/rtabmap_msgs
 │ │ -- Up-to-date: $PREFIX/include/rtabmap_msgs/rtabmap_msgs/msg
 │ │ -- Installing: $PREFIX/include/rtabmap_msgs/rtabmap_msgs/msg/rosidl_typesupport_fastrtps_cpp__visibility_control.h
 │ │ -- Up-to-date: $PREFIX/include/rtabmap_msgs/rtabmap_msgs/msg/detail
 │ │ -- Installing: $PREFIX/include/rtabmap_msgs/rtabmap_msgs/msg/detail/camera_model__rosidl_typesupport_fastrtps_cpp.hpp
 │ │ -- Installing: $PREFIX/include/rtabmap_msgs/rtabmap_msgs/msg/detail/path__rosidl_typesupport_fastrtps_cpp.hpp
 │ │ -- Installing: $PREFIX/include/rtabmap_msgs/rtabmap_msgs/msg/detail/user_data__rosidl_typesupport_fastrtps_cpp.hpp
 │ │ -- Installing: $PREFIX/include/rtabmap_msgs/rtabmap_msgs/msg/detail/goal__rosidl_typesupport_fastrtps_cpp.hpp
 │ │ -- Installing: $PREFIX/include/rtabmap_msgs/rtabmap_msgs/msg/detail/map_graph__rosidl_typesupport_fastrtps_cpp.hpp
 │ │ -- Installing: $PREFIX/include/rtabmap_msgs/rtabmap_msgs/msg/detail/map_data__rosidl_typesupport_fastrtps_cpp.hpp
 │ │ -- Installing: $PREFIX/include/rtabmap_msgs/rtabmap_msgs/msg/detail/scan_descriptor__rosidl_typesupport_fastrtps_cpp.hpp
 │ │ -- Installing: $PREFIX/include/rtabmap_msgs/rtabmap_msgs/msg/detail/gps__rosidl_typesupport_fastrtps_cpp.hpp
 │ │ -- Installing: $PREFIX/include/rtabmap_msgs/rtabmap_msgs/msg/detail/link__rosidl_typesupport_fastrtps_cpp.hpp
 │ │ -- Installing: $PREFIX/include/rtabmap_msgs/rtabmap_msgs/msg/detail/odom_info__rosidl_typesupport_fastrtps_cpp.hpp
 │ │ -- Installing: $PREFIX/include/rtabmap_msgs/rtabmap_msgs/msg/detail/node__rosidl_typesupport_fastrtps_cpp.hpp
 │ │ -- Installing: $PREFIX/include/rtabmap_msgs/rtabmap_msgs/msg/detail/dds_fastrtps
 │ │ -- Installing: $PREFIX/include/rtabmap_msgs/rtabmap_msgs/msg/detail/point2f__rosidl_typesupport_fastrtps_cpp.hpp
 │ │ -- Installing: $PREFIX/include/rtabmap_msgs/rtabmap_msgs/msg/detail/env_sensor__rosidl_typesupport_fastrtps_cpp.hpp
 │ │ -- Installing: $PREFIX/include/rtabmap_msgs/rtabmap_msgs/msg/detail/landmark_detections__rosidl_typesupport_fastrtps_cpp.hpp
 │ │ -- Installing: $PREFIX/include/rtabmap_msgs/rtabmap_msgs/msg/detail/key_point__rosidl_typesupport_fastrtps_cpp.hpp
 │ │ -- Installing: $PREFIX/include/rtabmap_msgs/rtabmap_msgs/msg/detail/camera_models__rosidl_typesupport_fastrtps_cpp.hpp
 │ │ -- Installing: $PREFIX/include/rtabmap_msgs/rtabmap_msgs/msg/detail/point3f__rosidl_typesupport_fastrtps_cpp.hpp
 │ │ -- Installing: $PREFIX/include/rtabmap_msgs/rtabmap_msgs/msg/detail/rgbd_images__rosidl_typesupport_fastrtps_cpp.hpp
 │ │ -- Installing: $PREFIX/include/rtabmap_msgs/rtabmap_msgs/msg/detail/info__rosidl_typesupport_fastrtps_cpp.hpp
 │ │ -- Installing: $PREFIX/include/rtabmap_msgs/rtabmap_msgs/msg/detail/rgbd_image__rosidl_typesupport_fastrtps_cpp.hpp
 │ │ -- Installing: $PREFIX/include/rtabmap_msgs/rtabmap_msgs/msg/detail/global_descriptor__rosidl_typesupport_fastrtps_cpp.hpp
 │ │ -- Installing: $PREFIX/include/rtabmap_msgs/rtabmap_msgs/msg/detail/sensor_data__rosidl_typesupport_fastrtps_cpp.hpp
 │ │ -- Installing: $PREFIX/include/rtabmap_msgs/rtabmap_msgs/msg/detail/landmark_detection__rosidl_typesupport_fastrtps_cpp.hpp
 │ │ -- Up-to-date: $PREFIX/include/rtabmap_msgs/rtabmap_msgs/srv
 │ │ -- Up-to-date: $PREFIX/include/rtabmap_msgs/rtabmap_msgs/srv/detail
 │ │ -- Installing: $PREFIX/include/rtabmap_msgs/rtabmap_msgs/srv/detail/get_node_data__rosidl_typesupport_fastrtps_cpp.hpp
 │ │ -- Installing: $PREFIX/include/rtabmap_msgs/rtabmap_msgs/srv/detail/get_plan__rosidl_typesupport_fastrtps_cpp.hpp
 │ │ -- Installing: $PREFIX/include/rtabmap_msgs/rtabmap_msgs/srv/detail/cleanup_local_grids__rosidl_typesupport_fastrtps_cpp.hpp
 │ │ -- Installing: $PREFIX/include/rtabmap_msgs/rtabmap_msgs/srv/detail/publish_map__rosidl_typesupport_fastrtps_cpp.hpp
 │ │ -- Installing: $PREFIX/include/rtabmap_msgs/rtabmap_msgs/srv/detail/get_map__rosidl_typesupport_fastrtps_cpp.hpp
 │ │ -- Installing: $PREFIX/include/rtabmap_msgs/rtabmap_msgs/srv/detail/global_bundle_adjustment__rosidl_typesupport_fastrtps_cpp.hpp
 │ │ -- Installing: $PREFIX/include/rtabmap_msgs/rtabmap_msgs/srv/detail/reset_pose__rosidl_typesupport_fastrtps_cpp.hpp
 │ │ -- Installing: $PREFIX/include/rtabmap_msgs/rtabmap_msgs/srv/detail/detect_more_loop_closures__rosidl_typesupport_fastrtps_cpp.hpp
 │ │ -- Installing: $PREFIX/include/rtabmap_msgs/rtabmap_msgs/srv/detail/dds_fastrtps
 │ │ -- Installing: $PREFIX/include/rtabmap_msgs/rtabmap_msgs/srv/detail/get_map2__rosidl_typesupport_fastrtps_cpp.hpp
 │ │ -- Installing: $PREFIX/include/rtabmap_msgs/rtabmap_msgs/srv/detail/remove_label__rosidl_typesupport_fastrtps_cpp.hpp
 │ │ -- Installing: $PREFIX/include/rtabmap_msgs/rtabmap_msgs/srv/detail/load_database__rosidl_typesupport_fastrtps_cpp.hpp
 │ │ -- Installing: $PREFIX/include/rtabmap_msgs/rtabmap_msgs/srv/detail/list_labels__rosidl_typesupport_fastrtps_cpp.hpp
 │ │ -- Installing: $PREFIX/include/rtabmap_msgs/rtabmap_msgs/srv/detail/set_goal__rosidl_typesupport_fastrtps_cpp.hpp
 │ │ -- Installing: $PREFIX/include/rtabmap_msgs/rtabmap_msgs/srv/detail/get_nodes_in_radius__rosidl_typesupport_fastrtps_cpp.hpp
 │ │ -- Installing: $PREFIX/include/rtabmap_msgs/rtabmap_msgs/srv/detail/set_label__rosidl_typesupport_fastrtps_cpp.hpp
 │ │ -- Installing: $PREFIX/include/rtabmap_msgs/rtabmap_msgs/srv/detail/add_link__rosidl_typesupport_fastrtps_cpp.hpp
 │ │ -- Installing: $PREFIX/lib/librtabmap_msgs__rosidl_typesupport_fastrtps_cpp.so
 │ │ -- Up-to-date: $PREFIX/include/rtabmap_msgs/rtabmap_msgs
 │ │ -- Up-to-date: $PREFIX/include/rtabmap_msgs/rtabmap_msgs/msg
 │ │ -- Up-to-date: $PREFIX/include/rtabmap_msgs/rtabmap_msgs/msg/detail
 │ │ -- Installing: $PREFIX/include/rtabmap_msgs/rtabmap_msgs/msg/detail/key_point__type_support.cpp
 │ │ -- Installing: $PREFIX/include/rtabmap_msgs/rtabmap_msgs/msg/detail/landmark_detections__type_support.cpp
 │ │ -- Installing: $PREFIX/include/rtabmap_msgs/rtabmap_msgs/msg/detail/user_data__rosidl_typesupport_introspection_cpp.hpp
 │ │ -- Installing: $PREFIX/include/rtabmap_msgs/rtabmap_msgs/msg/detail/camera_model__type_support.cpp
 │ │ -- Installing: $PREFIX/include/rtabmap_msgs/rtabmap_msgs/msg/detail/camera_model__rosidl_typesupport_introspection_cpp.hpp
 │ │ -- Installing: $PREFIX/include/rtabmap_msgs/rtabmap_msgs/msg/detail/scan_descriptor__rosidl_typesupport_introspection_cpp.hpp
 │ │ -- Installing: $PREFIX/include/rtabmap_msgs/rtabmap_msgs/msg/detail/camera_models__type_support.cpp
 │ │ -- Installing: $PREFIX/include/rtabmap_msgs/rtabmap_msgs/msg/detail/landmark_detection__rosidl_typesupport_introspection_cpp.hpp
 │ │ -- Installing: $PREFIX/include/rtabmap_msgs/rtabmap_msgs/msg/detail/map_data__type_support.cpp
 │ │ -- Installing: $PREFIX/include/rtabmap_msgs/rtabmap_msgs/msg/detail/env_sensor__type_support.cpp
 │ │ -- Installing: $PREFIX/include/rtabmap_msgs/rtabmap_msgs/msg/detail/point3f__rosidl_typesupport_introspection_cpp.hpp
 │ │ -- Installing: $PREFIX/include/rtabmap_msgs/rtabmap_msgs/msg/detail/sensor_data__rosidl_typesupport_introspection_cpp.hpp
 │ │ -- Installing: $PREFIX/include/rtabmap_msgs/rtabmap_msgs/msg/detail/landmark_detection__type_support.cpp
 │ │ -- Installing: $PREFIX/include/rtabmap_msgs/rtabmap_msgs/msg/detail/odom_info__type_support.cpp
 │ │ -- Installing: $PREFIX/include/rtabmap_msgs/rtabmap_msgs/msg/detail/rgbd_images__rosidl_typesupport_introspection_cpp.hpp
 │ │ -- Installing: $PREFIX/include/rtabmap_msgs/rtabmap_msgs/msg/detail/sensor_data__type_support.cpp
 │ │ -- Installing: $PREFIX/include/rtabmap_msgs/rtabmap_msgs/msg/detail/camera_models__rosidl_typesupport_introspection_cpp.hpp
 │ │ -- Installing: $PREFIX/include/rtabmap_msgs/rtabmap_msgs/msg/detail/rgbd_image__type_support.cpp
 │ │ -- Installing: $PREFIX/include/rtabmap_msgs/rtabmap_msgs/msg/detail/key_point__rosidl_typesupport_introspection_cpp.hpp
 │ │ -- Installing: $PREFIX/include/rtabmap_msgs/rtabmap_msgs/msg/detail/global_descriptor__type_support.cpp
 │ │ -- Installing: $PREFIX/include/rtabmap_msgs/rtabmap_msgs/msg/detail/map_graph__rosidl_typesupport_introspection_cpp.hpp
 │ │ -- Installing: $PREFIX/include/rtabmap_msgs/rtabmap_msgs/msg/detail/global_descriptor__rosidl_typesupport_introspection_cpp.hpp
 │ │ -- Installing: $PREFIX/include/rtabmap_msgs/rtabmap_msgs/msg/detail/user_data__type_support.cpp
 │ │ -- Installing: $PREFIX/include/rtabmap_msgs/rtabmap_msgs/msg/detail/node__type_support.cpp
 │ │ -- Installing: $PREFIX/include/rtabmap_msgs/rtabmap_msgs/msg/detail/link__type_support.cpp
 │ │ -- Installing: $PREFIX/include/rtabmap_msgs/rtabmap_msgs/msg/detail/point2f__type_support.cpp
 │ │ -- Installing: $PREFIX/include/rtabmap_msgs/rtabmap_msgs/msg/detail/info__rosidl_typesupport_introspection_cpp.hpp
 │ │ -- Installing: $PREFIX/include/rtabmap_msgs/rtabmap_msgs/msg/detail/point3f__type_support.cpp
 │ │ -- Installing: $PREFIX/include/rtabmap_msgs/rtabmap_msgs/msg/detail/goal__type_support.cpp
 │ │ -- Installing: $PREFIX/include/rtabmap_msgs/rtabmap_msgs/msg/detail/info__type_support.cpp
 │ │ -- Installing: $PREFIX/include/rtabmap_msgs/rtabmap_msgs/msg/detail/gps__rosidl_typesupport_introspection_cpp.hpp
 │ │ -- Installing: $PREFIX/include/rtabmap_msgs/rtabmap_msgs/msg/detail/odom_info__rosidl_typesupport_introspection_cpp.hpp
 │ │ -- Installing: $PREFIX/include/rtabmap_msgs/rtabmap_msgs/msg/detail/scan_descriptor__type_support.cpp
 │ │ -- Installing: $PREFIX/include/rtabmap_msgs/rtabmap_msgs/msg/detail/goal__rosidl_typesupport_introspection_cpp.hpp
 │ │ -- Installing: $PREFIX/include/rtabmap_msgs/rtabmap_msgs/msg/detail/map_data__rosidl_typesupport_introspection_cpp.hpp
 │ │ -- Installing: $PREFIX/include/rtabmap_msgs/rtabmap_msgs/msg/detail/point2f__rosidl_typesupport_introspection_cpp.hpp
 │ │ -- Installing: $PREFIX/include/rtabmap_msgs/rtabmap_msgs/msg/detail/rgbd_images__type_support.cpp
 │ │ -- Installing: $PREFIX/include/rtabmap_msgs/rtabmap_msgs/msg/detail/node__rosidl_typesupport_introspection_cpp.hpp
 │ │ -- Installing: $PREFIX/include/rtabmap_msgs/rtabmap_msgs/msg/detail/link__rosidl_typesupport_introspection_cpp.hpp
 │ │ -- Installing: $PREFIX/include/rtabmap_msgs/rtabmap_msgs/msg/detail/landmark_detections__rosidl_typesupport_introspection_cpp.hpp
 │ │ -- Installing: $PREFIX/include/rtabmap_msgs/rtabmap_msgs/msg/detail/path__rosidl_typesupport_introspection_cpp.hpp
 │ │ -- Installing: $PREFIX/include/rtabmap_msgs/rtabmap_msgs/msg/detail/gps__type_support.cpp
 │ │ -- Installing: $PREFIX/include/rtabmap_msgs/rtabmap_msgs/msg/detail/map_graph__type_support.cpp
 │ │ -- Installing: $PREFIX/include/rtabmap_msgs/rtabmap_msgs/msg/detail/env_sensor__rosidl_typesupport_introspection_cpp.hpp
 │ │ -- Installing: $PREFIX/include/rtabmap_msgs/rtabmap_msgs/msg/detail/path__type_support.cpp
 │ │ -- Installing: $PREFIX/include/rtabmap_msgs/rtabmap_msgs/msg/detail/rgbd_image__rosidl_typesupport_introspection_cpp.hpp
 │ │ -- Up-to-date: $PREFIX/include/rtabmap_msgs/rtabmap_msgs/srv
 │ │ -- Up-to-date: $PREFIX/include/rtabmap_msgs/rtabmap_msgs/srv/detail
 │ │ -- Installing: $PREFIX/include/rtabmap_msgs/rtabmap_msgs/srv/detail/set_goal__type_support.cpp
 │ │ -- Installing: $PREFIX/include/rtabmap_msgs/rtabmap_msgs/srv/detail/get_map__type_support.cpp
 │ │ -- Installing: $PREFIX/include/rtabmap_msgs/rtabmap_msgs/srv/detail/detect_more_loop_closures__rosidl_typesupport_introspection_cpp.hpp
 │ │ -- Installing: $PREFIX/include/rtabmap_msgs/rtabmap_msgs/srv/detail/detect_more_loop_closures__type_support.cpp
 │ │ -- Installing: $PREFIX/include/rtabmap_msgs/rtabmap_msgs/srv/detail/remove_label__type_support.cpp
 │ │ -- Installing: $PREFIX/include/rtabmap_msgs/rtabmap_msgs/srv/detail/cleanup_local_grids__type_support.cpp
 │ │ -- Installing: $PREFIX/include/rtabmap_msgs/rtabmap_msgs/srv/detail/load_database__rosidl_typesupport_introspection_cpp.hpp
 │ │ -- Installing: $PREFIX/include/rtabmap_msgs/rtabmap_msgs/srv/detail/get_node_data__type_support.cpp
 │ │ -- Installing: $PREFIX/include/rtabmap_msgs/rtabmap_msgs/srv/detail/reset_pose__rosidl_typesupport_introspection_cpp.hpp
 │ │ -- Installing: $PREFIX/include/rtabmap_msgs/rtabmap_msgs/srv/detail/get_node_data__rosidl_typesupport_introspection_cpp.hpp
 │ │ -- Installing: $PREFIX/include/rtabmap_msgs/rtabmap_msgs/srv/detail/load_database__type_support.cpp
 │ │ -- Installing: $PREFIX/include/rtabmap_msgs/rtabmap_msgs/srv/detail/add_link__type_support.cpp
 │ │ -- Installing: $PREFIX/include/rtabmap_msgs/rtabmap_msgs/srv/detail/list_labels__rosidl_typesupport_introspection_cpp.hpp
 │ │ -- Installing: $PREFIX/include/rtabmap_msgs/rtabmap_msgs/srv/detail/set_goal__rosidl_typesupport_introspection_cpp.hpp
 │ │ -- Installing: $PREFIX/include/rtabmap_msgs/rtabmap_msgs/srv/detail/remove_label__rosidl_typesupport_introspection_cpp.hpp
 │ │ -- Installing: $PREFIX/include/rtabmap_msgs/rtabmap_msgs/srv/detail/reset_pose__type_support.cpp
 │ │ -- Installing: $PREFIX/include/rtabmap_msgs/rtabmap_msgs/srv/detail/cleanup_local_grids__rosidl_typesupport_introspection_cpp.hpp
 │ │ -- Installing: $PREFIX/include/rtabmap_msgs/rtabmap_msgs/srv/detail/get_map__rosidl_typesupport_introspection_cpp.hpp
 │ │ -- Installing: $PREFIX/include/rtabmap_msgs/rtabmap_msgs/srv/detail/get_nodes_in_radius__rosidl_typesupport_introspection_cpp.hpp
 │ │ -- Installing: $PREFIX/include/rtabmap_msgs/rtabmap_msgs/srv/detail/set_label__rosidl_typesupport_introspection_cpp.hpp
 │ │ -- Installing: $PREFIX/include/rtabmap_msgs/rtabmap_msgs/srv/detail/publish_map__rosidl_typesupport_introspection_cpp.hpp
 │ │ -- Installing: $PREFIX/include/rtabmap_msgs/rtabmap_msgs/srv/detail/publish_map__type_support.cpp
 │ │ -- Installing: $PREFIX/include/rtabmap_msgs/rtabmap_msgs/srv/detail/get_plan__type_support.cpp
 │ │ -- Installing: $PREFIX/include/rtabmap_msgs/rtabmap_msgs/srv/detail/get_map2__type_support.cpp
 │ │ -- Installing: $PREFIX/include/rtabmap_msgs/rtabmap_msgs/srv/detail/set_label__type_support.cpp
 │ │ -- Installing: $PREFIX/include/rtabmap_msgs/rtabmap_msgs/srv/detail/global_bundle_adjustment__type_support.cpp
 │ │ -- Installing: $PREFIX/include/rtabmap_msgs/rtabmap_msgs/srv/detail/global_bundle_adjustment__rosidl_typesupport_introspection_cpp.hpp
 │ │ -- Installing: $PREFIX/include/rtabmap_msgs/rtabmap_msgs/srv/detail/get_nodes_in_radius__type_support.cpp
 │ │ -- Installing: $PREFIX/include/rtabmap_msgs/rtabmap_msgs/srv/detail/add_link__rosidl_typesupport_introspection_cpp.hpp
 │ │ -- Installing: $PREFIX/include/rtabmap_msgs/rtabmap_msgs/srv/detail/get_plan__rosidl_typesupport_introspection_cpp.hpp
 │ │ -- Installing: $PREFIX/include/rtabmap_msgs/rtabmap_msgs/srv/detail/list_labels__type_support.cpp
 │ │ -- Installing: $PREFIX/include/rtabmap_msgs/rtabmap_msgs/srv/detail/get_map2__rosidl_typesupport_introspection_cpp.hpp
 │ │ -- Installing: $PREFIX/lib/librtabmap_msgs__rosidl_typesupport_introspection_cpp.so
 │ │ -- Installing: $PREFIX/lib/librtabmap_msgs__rosidl_typesupport_cpp.so
 │ │ -- Installing: $PREFIX/share/rtabmap_msgs/environment/pythonpath.sh
 │ │ -- Installing: $PREFIX/share/rtabmap_msgs/environment/pythonpath.dsv
 │ │ -- Installing: $PREFIX/lib/python3.12/site-packages/rtabmap_msgs-0.22.1-py3.12.egg-info
 │ │ -- Installing: $PREFIX/lib/python3.12/site-packages/rtabmap_msgs-0.22.1-py3.12.egg-info/PKG-INFO
 │ │ -- Installing: $PREFIX/lib/python3.12/site-packages/rtabmap_msgs-0.22.1-py3.12.egg-info/SOURCES.txt
 │ │ -- Installing: $PREFIX/lib/python3.12/site-packages/rtabmap_msgs-0.22.1-py3.12.egg-info/top_level.txt
 │ │ -- Installing: $PREFIX/lib/python3.12/site-packages/rtabmap_msgs-0.22.1-py3.12.egg-info/dependency_links.txt
 │ │ -- Installing: $PREFIX/lib/python3.12/site-packages/rtabmap_msgs
 │ │ -- Installing: $PREFIX/lib/python3.12/site-packages/rtabmap_msgs/rtabmap_msgs_s__rosidl_typesupport_c.cpython-312-x86_64-linux-gnu.so
 │ │ -- Installing: $PREFIX/lib/python3.12/site-packages/rtabmap_msgs/rtabmap_msgs_s__rosidl_typesupport_fastrtps_c.cpython-312-x86_64-linux-gnu.so
 │ │ -- Installing: $PREFIX/lib/python3.12/site-packages/rtabmap_msgs/msg
 │ │ -- Installing: $PREFIX/lib/python3.12/site-packages/rtabmap_msgs/msg/_goal_s.c
 │ │ -- Installing: $PREFIX/lib/python3.12/site-packages/rtabmap_msgs/msg/_global_descriptor.py
 │ │ -- Installing: $PREFIX/lib/python3.12/site-packages/rtabmap_msgs/msg/_map_graph_s.c
 │ │ -- Installing: $PREFIX/lib/python3.12/site-packages/rtabmap_msgs/msg/_info.py
 │ │ -- Installing: $PREFIX/lib/python3.12/site-packages/rtabmap_msgs/msg/_user_data_s.c
 │ │ -- Installing: $PREFIX/lib/python3.12/site-packages/rtabmap_msgs/msg/_landmark_detection_s.c
 │ │ -- Installing: $PREFIX/lib/python3.12/site-packages/rtabmap_msgs/msg/_camera_models_s.c
 │ │ -- Installing: $PREFIX/lib/python3.12/site-packages/rtabmap_msgs/msg/_camera_models.py
 │ │ -- Installing: $PREFIX/lib/python3.12/site-packages/rtabmap_msgs/msg/_rgbd_images.py
 │ │ -- Installing: $PREFIX/lib/python3.12/site-packages/rtabmap_msgs/msg/_node_s.c
 │ │ -- Installing: $PREFIX/lib/python3.12/site-packages/rtabmap_msgs/msg/_link_s.c
 │ │ -- Installing: $PREFIX/lib/python3.12/site-packages/rtabmap_msgs/msg/_env_sensor_s.c
 │ │ -- Installing: $PREFIX/lib/python3.12/site-packages/rtabmap_msgs/msg/_point3f.py
 │ │ -- Installing: $PREFIX/lib/python3.12/site-packages/rtabmap_msgs/msg/__init__.py
 │ │ -- Installing: $PREFIX/lib/python3.12/site-packages/rtabmap_msgs/msg/_rgbd_image.py
 │ │ -- Installing: $PREFIX/lib/python3.12/site-packages/rtabmap_msgs/msg/_camera_model.py
 │ │ -- Installing: $PREFIX/lib/python3.12/site-packages/rtabmap_msgs/msg/_gps.py
 │ │ -- Installing: $PREFIX/lib/python3.12/site-packages/rtabmap_msgs/msg/_link.py
 │ │ -- Installing: $PREFIX/lib/python3.12/site-packages/rtabmap_msgs/msg/_map_data_s.c
 │ │ -- Installing: $PREFIX/lib/python3.12/site-packages/rtabmap_msgs/msg/_map_data.py
 │ │ -- Installing: $PREFIX/lib/python3.12/site-packages/rtabmap_msgs/msg/_goal.py
 │ │ -- Installing: $PREFIX/lib/python3.12/site-packages/rtabmap_msgs/msg/_point2f_s.c
 │ │ -- Installing: $PREFIX/lib/python3.12/site-packages/rtabmap_msgs/msg/_node.py
 │ │ -- Installing: $PREFIX/lib/python3.12/site-packages/rtabmap_msgs/msg/_global_descriptor_s.c
 │ │ -- Installing: $PREFIX/lib/python3.12/site-packages/rtabmap_msgs/msg/_sensor_data_s.c
 │ │ -- Installing: $PREFIX/lib/python3.12/site-packages/rtabmap_msgs/msg/_scan_descriptor.py
 │ │ -- Installing: $PREFIX/lib/python3.12/site-packages/rtabmap_msgs/msg/_gps_s.c
 │ │ -- Installing: $PREFIX/lib/python3.12/site-packages/rtabmap_msgs/msg/_landmark_detections.py
 │ │ -- Installing: $PREFIX/lib/python3.12/site-packages/rtabmap_msgs/msg/_sensor_data.py
 │ │ -- Installing: $PREFIX/lib/python3.12/site-packages/rtabmap_msgs/msg/_key_point_s.c
 │ │ -- Installing: $PREFIX/lib/python3.12/site-packages/rtabmap_msgs/msg/_info_s.c
 │ │ -- Installing: $PREFIX/lib/python3.12/site-packages/rtabmap_msgs/msg/_map_graph.py
 │ │ -- Installing: $PREFIX/lib/python3.12/site-packages/rtabmap_msgs/msg/_point3f_s.c
 │ │ -- Installing: $PREFIX/lib/python3.12/site-packages/rtabmap_msgs/msg/_rgbd_image_s.c
 │ │ -- Installing: $PREFIX/lib/python3.12/site-packages/rtabmap_msgs/msg/_landmark_detections_s.c
 │ │ -- Installing: $PREFIX/lib/python3.12/site-packages/rtabmap_msgs/msg/_landmark_detection.py
 │ │ -- Installing: $PREFIX/lib/python3.12/site-packages/rtabmap_msgs/msg/_odom_info.py
 │ │ -- Installing: $PREFIX/lib/python3.12/site-packages/rtabmap_msgs/msg/_key_point.py
 │ │ -- Installing: $PREFIX/lib/python3.12/site-packages/rtabmap_msgs/msg/_path_s.c
 │ │ -- Installing: $PREFIX/lib/python3.12/site-packages/rtabmap_msgs/msg/_user_data.py
 │ │ -- Installing: $PREFIX/lib/python3.12/site-packages/rtabmap_msgs/msg/_camera_model_s.c
 │ │ -- Installing: $PREFIX/lib/python3.12/site-packages/rtabmap_msgs/msg/_point2f.py
 │ │ -- Installing: $PREFIX/lib/python3.12/site-packages/rtabmap_msgs/msg/_env_sensor.py
 │ │ -- Installing: $PREFIX/lib/python3.12/site-packages/rtabmap_msgs/msg/_rgbd_images_s.c
 │ │ -- Installing: $PREFIX/lib/python3.12/site-packages/rtabmap_msgs/msg/_path.py
 │ │ -- Installing: $PREFIX/lib/python3.12/site-packages/rtabmap_msgs/msg/_scan_descriptor_s.c
 │ │ -- Installing: $PREFIX/lib/python3.12/site-packages/rtabmap_msgs/msg/_odom_info_s.c
 │ │ -- Installing: $PREFIX/lib/python3.12/site-packages/rtabmap_msgs/srv
 │ │ -- Installing: $PREFIX/lib/python3.12/site-packages/rtabmap_msgs/srv/_set_goal_s.c
 │ │ -- Installing: $PREFIX/lib/python3.12/site-packages/rtabmap_msgs/srv/_add_link.py
 │ │ -- Installing: $PREFIX/lib/python3.12/site-packages/rtabmap_msgs/srv/_cleanup_local_grids_s.c
 │ │ -- Installing: $PREFIX/lib/python3.12/site-packages/rtabmap_msgs/srv/_publish_map_s.c
 │ │ -- Installing: $PREFIX/lib/python3.12/site-packages/rtabmap_msgs/srv/_remove_label.py
 │ │ -- Installing: $PREFIX/lib/python3.12/site-packages/rtabmap_msgs/srv/_get_map2.py
 │ │ -- Installing: $PREFIX/lib/python3.12/site-packages/rtabmap_msgs/srv/__init__.py
 │ │ -- Installing: $PREFIX/lib/python3.12/site-packages/rtabmap_msgs/srv/_get_map.py
 │ │ -- Installing: $PREFIX/lib/python3.12/site-packages/rtabmap_msgs/srv/_add_link_s.c
 │ │ -- Installing: $PREFIX/lib/python3.12/site-packages/rtabmap_msgs/srv/_get_plan.py
 │ │ -- Installing: $PREFIX/lib/python3.12/site-packages/rtabmap_msgs/srv/_load_database_s.c
 │ │ -- Installing: $PREFIX/lib/python3.12/site-packages/rtabmap_msgs/srv/_set_label_s.c
 │ │ -- Installing: $PREFIX/lib/python3.12/site-packages/rtabmap_msgs/srv/_detect_more_loop_closures_s.c
 │ │ -- Installing: $PREFIX/lib/python3.12/site-packages/rtabmap_msgs/srv/_reset_pose_s.c
 │ │ -- Installing: $PREFIX/lib/python3.12/site-packages/rtabmap_msgs/srv/_reset_pose.py
 │ │ -- Installing: $PREFIX/lib/python3.12/site-packages/rtabmap_msgs/srv/_get_nodes_in_radius_s.c
 │ │ -- Installing: $PREFIX/lib/python3.12/site-packages/rtabmap_msgs/srv/_publish_map.py
 │ │ -- Installing: $PREFIX/lib/python3.12/site-packages/rtabmap_msgs/srv/_set_label.py
 │ │ -- Installing: $PREFIX/lib/python3.12/site-packages/rtabmap_msgs/srv/_get_node_data.py
 │ │ -- Installing: $PREFIX/lib/python3.12/site-packages/rtabmap_msgs/srv/_cleanup_local_grids.py
 │ │ -- Installing: $PREFIX/lib/python3.12/site-packages/rtabmap_msgs/srv/_get_node_data_s.c
 │ │ -- Installing: $PREFIX/lib/python3.12/site-packages/rtabmap_msgs/srv/_get_map2_s.c
 │ │ -- Installing: $PREFIX/lib/python3.12/site-packages/rtabmap_msgs/srv/_list_labels_s.c
 │ │ -- Installing: $PREFIX/lib/python3.12/site-packages/rtabmap_msgs/srv/_get_nodes_in_radius.py
 │ │ -- Installing: $PREFIX/lib/python3.12/site-packages/rtabmap_msgs/srv/_remove_label_s.c
 │ │ -- Installing: $PREFIX/lib/python3.12/site-packages/rtabmap_msgs/srv/_detect_more_loop_closures.py
 │ │ -- Installing: $PREFIX/lib/python3.12/site-packages/rtabmap_msgs/srv/_global_bundle_adjustment_s.c
 │ │ -- Installing: $PREFIX/lib/python3.12/site-packages/rtabmap_msgs/srv/_get_plan_s.c
 │ │ -- Installing: $PREFIX/lib/python3.12/site-packages/rtabmap_msgs/srv/_load_database.py
 │ │ -- Installing: $PREFIX/lib/python3.12/site-packages/rtabmap_msgs/srv/_global_bundle_adjustment.py
 │ │ -- Installing: $PREFIX/lib/python3.12/site-packages/rtabmap_msgs/srv/_get_map_s.c
 │ │ -- Installing: $PREFIX/lib/python3.12/site-packages/rtabmap_msgs/srv/_list_labels.py
 │ │ -- Installing: $PREFIX/lib/python3.12/site-packages/rtabmap_msgs/srv/_set_goal.py
 │ │ -- Installing: $PREFIX/lib/python3.12/site-packages/rtabmap_msgs/__init__.py
 │ │ -- Installing: $PREFIX/lib/python3.12/site-packages/rtabmap_msgs/_rtabmap_msgs_s.ep.rosidl_typesupport_introspection_c.c
 │ │ -- Installing: $PREFIX/lib/python3.12/site-packages/rtabmap_msgs/rtabmap_msgs_s__rosidl_typesupport_introspection_c.cpython-312-x86_64-linux-gnu.so
 │ │ -- Installing: $PREFIX/lib/python3.12/site-packages/rtabmap_msgs/_rtabmap_msgs_s.ep.rosidl_typesupport_fastrtps_c.c
 │ │ -- Installing: $PREFIX/lib/python3.12/site-packages/rtabmap_msgs/_rtabmap_msgs_s.ep.rosidl_typesupport_c.c
 │ │ -- Installing: $PREFIX/lib/python3.12/site-packages/rtabmap_msgs/librtabmap_msgs__rosidl_generator_py.so
 │ │ Listing 'lib/python3.12/site-packages/rtabmap_msgs'...
 │ │ Can't list 'lib/python3.12/site-packages/rtabmap_msgs'
 │ │ -- Installing: $PREFIX/lib/python3.12/site-packages/rtabmap_msgs/rtabmap_msgs_s__rosidl_typesupport_fastrtps_c.cpython-312-x86_64-linux-gnu.so
 │ │ -- Set non-toolchain portion of runtime path of "$PREFIX/lib/python3.12/site-packages/rtabmap_msgs/rtabmap_msgs_s__rosidl_typesupport_fastrtps_c.cpython-31
 │ │ 2-x86_64-linux-gnu.so" to ""
 │ │ -- Installing: $PREFIX/lib/python3.12/site-packages/rtabmap_msgs/rtabmap_msgs_s__rosidl_typesupport_introspection_c.cpython-312-x86_64-linux-gnu.so
 │ │ -- Set non-toolchain portion of runtime path of "$PREFIX/lib/python3.12/site-packages/rtabmap_msgs/rtabmap_msgs_s__rosidl_typesupport_introspection_c.cpyth
 │ │ on-312-x86_64-linux-gnu.so" to ""
 │ │ -- Installing: $PREFIX/lib/python3.12/site-packages/rtabmap_msgs/rtabmap_msgs_s__rosidl_typesupport_c.cpython-312-x86_64-linux-gnu.so
 │ │ -- Set non-toolchain portion of runtime path of "$PREFIX/lib/python3.12/site-packages/rtabmap_msgs/rtabmap_msgs_s__rosidl_typesupport_c.cpython-312-x86_64-
 │ │ linux-gnu.so" to ""
 │ │ -- Installing: $PREFIX/lib/librtabmap_msgs__rosidl_generator_py.so
 │ │ -- Set non-toolchain portion of runtime path of "$PREFIX/lib/librtabmap_msgs__rosidl_generator_py.so" to ""
 │ │ -- Installing: $PREFIX/share/ament_index/resource_index/rust_packages/rtabmap_msgs
 │ │ -- Installing: $PREFIX/share/rtabmap_msgs/rust
 │ │ -- Installing: $PREFIX/share/rtabmap_msgs/rust/src
 │ │ -- Installing: $PREFIX/share/rtabmap_msgs/rust/src/msg.rs
 │ │ -- Installing: $PREFIX/share/rtabmap_msgs/rust/src/msg
 │ │ -- Installing: $PREFIX/share/rtabmap_msgs/rust/src/msg/rmw.rs
 │ │ -- Installing: $PREFIX/share/rtabmap_msgs/rust/src/srv
 │ │ -- Installing: $PREFIX/share/rtabmap_msgs/rust/src/srv/rmw.rs
 │ │ -- Installing: $PREFIX/share/rtabmap_msgs/rust/src/srv.rs
 │ │ -- Installing: $PREFIX/share/rtabmap_msgs/rust/src/lib.rs
 │ │ -- Installing: $PREFIX/share/rtabmap_msgs/rust/Cargo.toml
 │ │ -- Installing: $PREFIX/share/rtabmap_msgs/rust/build.rs
 │ │ -- Installing: $PREFIX/share/rtabmap_msgs/msg/Info.idl
 │ │ -- Installing: $PREFIX/share/rtabmap_msgs/msg/KeyPoint.idl
 │ │ -- Installing: $PREFIX/share/rtabmap_msgs/msg/GlobalDescriptor.idl
 │ │ -- Installing: $PREFIX/share/rtabmap_msgs/msg/ScanDescriptor.idl
 │ │ -- Installing: $PREFIX/share/rtabmap_msgs/msg/MapData.idl
 │ │ -- Installing: $PREFIX/share/rtabmap_msgs/msg/MapGraph.idl
 │ │ -- Installing: $PREFIX/share/rtabmap_msgs/msg/Node.idl
 │ │ -- Installing: $PREFIX/share/rtabmap_msgs/msg/SensorData.idl
 │ │ -- Installing: $PREFIX/share/rtabmap_msgs/msg/Link.idl
 │ │ -- Installing: $PREFIX/share/rtabmap_msgs/msg/LandmarkDetection.idl
 │ │ -- Installing: $PREFIX/share/rtabmap_msgs/msg/LandmarkDetections.idl
 │ │ -- Installing: $PREFIX/share/rtabmap_msgs/msg/OdomInfo.idl
 │ │ -- Installing: $PREFIX/share/rtabmap_msgs/msg/Point2f.idl
 │ │ -- Installing: $PREFIX/share/rtabmap_msgs/msg/Point3f.idl
 │ │ -- Installing: $PREFIX/share/rtabmap_msgs/msg/Goal.idl
 │ │ -- Installing: $PREFIX/share/rtabmap_msgs/msg/RGBDImage.idl
 │ │ -- Installing: $PREFIX/share/rtabmap_msgs/msg/RGBDImages.idl
 │ │ -- Installing: $PREFIX/share/rtabmap_msgs/msg/UserData.idl
 │ │ -- Installing: $PREFIX/share/rtabmap_msgs/msg/GPS.idl
 │ │ -- Installing: $PREFIX/share/rtabmap_msgs/msg/Path.idl
 │ │ -- Installing: $PREFIX/share/rtabmap_msgs/msg/EnvSensor.idl
 │ │ -- Installing: $PREFIX/share/rtabmap_msgs/msg/CameraModel.idl
 │ │ -- Installing: $PREFIX/share/rtabmap_msgs/msg/CameraModels.idl
 │ │ -- Installing: $PREFIX/share/rtabmap_msgs/srv/GetMap.idl
 │ │ -- Installing: $PREFIX/share/rtabmap_msgs/srv/GetMap2.idl
 │ │ -- Installing: $PREFIX/share/rtabmap_msgs/srv/ListLabels.idl
 │ │ -- Installing: $PREFIX/share/rtabmap_msgs/srv/PublishMap.idl
 │ │ -- Installing: $PREFIX/share/rtabmap_msgs/srv/ResetPose.idl
 │ │ -- Installing: $PREFIX/share/rtabmap_msgs/srv/SetGoal.idl
 │ │ -- Installing: $PREFIX/share/rtabmap_msgs/srv/SetLabel.idl
 │ │ -- Installing: $PREFIX/share/rtabmap_msgs/srv/RemoveLabel.idl
 │ │ -- Installing: $PREFIX/share/rtabmap_msgs/srv/GetPlan.idl
 │ │ -- Installing: $PREFIX/share/rtabmap_msgs/srv/AddLink.idl
 │ │ -- Installing: $PREFIX/share/rtabmap_msgs/srv/GetNodeData.idl
 │ │ -- Installing: $PREFIX/share/rtabmap_msgs/srv/GetNodesInRadius.idl
 │ │ -- Installing: $PREFIX/share/rtabmap_msgs/srv/LoadDatabase.idl
 │ │ -- Installing: $PREFIX/share/rtabmap_msgs/srv/DetectMoreLoopClosures.idl
 │ │ -- Installing: $PREFIX/share/rtabmap_msgs/srv/GlobalBundleAdjustment.idl
 │ │ -- Installing: $PREFIX/share/rtabmap_msgs/srv/CleanupLocalGrids.idl
 │ │ -- Installing: $PREFIX/share/rtabmap_msgs/msg/Info.msg
 │ │ -- Installing: $PREFIX/share/rtabmap_msgs/msg/KeyPoint.msg
 │ │ -- Installing: $PREFIX/share/rtabmap_msgs/msg/GlobalDescriptor.msg
 │ │ -- Installing: $PREFIX/share/rtabmap_msgs/msg/ScanDescriptor.msg
 │ │ -- Installing: $PREFIX/share/rtabmap_msgs/msg/MapData.msg
 │ │ -- Installing: $PREFIX/share/rtabmap_msgs/msg/MapGraph.msg
 │ │ -- Installing: $PREFIX/share/rtabmap_msgs/msg/Node.msg
 │ │ -- Installing: $PREFIX/share/rtabmap_msgs/msg/SensorData.msg
 │ │ -- Installing: $PREFIX/share/rtabmap_msgs/msg/Link.msg
 │ │ -- Installing: $PREFIX/share/rtabmap_msgs/msg/LandmarkDetection.msg
 │ │ -- Installing: $PREFIX/share/rtabmap_msgs/msg/LandmarkDetections.msg
 │ │ -- Installing: $PREFIX/share/rtabmap_msgs/msg/OdomInfo.msg
 │ │ -- Installing: $PREFIX/share/rtabmap_msgs/msg/Point2f.msg
 │ │ -- Installing: $PREFIX/share/rtabmap_msgs/msg/Point3f.msg
 │ │ -- Installing: $PREFIX/share/rtabmap_msgs/msg/Goal.msg
 │ │ -- Installing: $PREFIX/share/rtabmap_msgs/msg/RGBDImage.msg
 │ │ -- Installing: $PREFIX/share/rtabmap_msgs/msg/RGBDImages.msg
 │ │ -- Installing: $PREFIX/share/rtabmap_msgs/msg/UserData.msg
 │ │ -- Installing: $PREFIX/share/rtabmap_msgs/msg/GPS.msg
 │ │ -- Installing: $PREFIX/share/rtabmap_msgs/msg/Path.msg
 │ │ -- Installing: $PREFIX/share/rtabmap_msgs/msg/EnvSensor.msg
 │ │ -- Installing: $PREFIX/share/rtabmap_msgs/msg/CameraModel.msg
 │ │ -- Installing: $PREFIX/share/rtabmap_msgs/msg/CameraModels.msg
 │ │ -- Installing: $PREFIX/share/rtabmap_msgs/srv/GetMap.srv
 │ │ -- Installing: $PREFIX/share/rtabmap_msgs/srv/GetMap_Request.msg
 │ │ -- Installing: $PREFIX/share/rtabmap_msgs/srv/GetMap_Response.msg
 │ │ -- Installing: $PREFIX/share/rtabmap_msgs/srv/GetMap2.srv
 │ │ -- Installing: $PREFIX/share/rtabmap_msgs/srv/GetMap2_Request.msg
 │ │ -- Installing: $PREFIX/share/rtabmap_msgs/srv/GetMap2_Response.msg
 │ │ -- Installing: $PREFIX/share/rtabmap_msgs/srv/ListLabels.srv
 │ │ -- Installing: $PREFIX/share/rtabmap_msgs/srv/ListLabels_Request.msg
 │ │ -- Installing: $PREFIX/share/rtabmap_msgs/srv/ListLabels_Response.msg
 │ │ -- Installing: $PREFIX/share/rtabmap_msgs/srv/PublishMap.srv
 │ │ -- Installing: $PREFIX/share/rtabmap_msgs/srv/PublishMap_Request.msg
 │ │ -- Installing: $PREFIX/share/rtabmap_msgs/srv/PublishMap_Response.msg
 │ │ -- Installing: $PREFIX/share/rtabmap_msgs/srv/ResetPose.srv
 │ │ -- Installing: $PREFIX/share/rtabmap_msgs/srv/ResetPose_Request.msg
 │ │ -- Installing: $PREFIX/share/rtabmap_msgs/srv/ResetPose_Response.msg
 │ │ -- Installing: $PREFIX/share/rtabmap_msgs/srv/SetGoal.srv
 │ │ -- Installing: $PREFIX/share/rtabmap_msgs/srv/SetGoal_Request.msg
 │ │ -- Installing: $PREFIX/share/rtabmap_msgs/srv/SetGoal_Response.msg
 │ │ -- Installing: $PREFIX/share/rtabmap_msgs/srv/SetLabel.srv
 │ │ -- Installing: $PREFIX/share/rtabmap_msgs/srv/SetLabel_Request.msg
 │ │ -- Installing: $PREFIX/share/rtabmap_msgs/srv/SetLabel_Response.msg
 │ │ -- Installing: $PREFIX/share/rtabmap_msgs/srv/RemoveLabel.srv
 │ │ -- Installing: $PREFIX/share/rtabmap_msgs/srv/RemoveLabel_Request.msg
 │ │ -- Installing: $PREFIX/share/rtabmap_msgs/srv/RemoveLabel_Response.msg
 │ │ -- Installing: $PREFIX/share/rtabmap_msgs/srv/GetPlan.srv
 │ │ -- Installing: $PREFIX/share/rtabmap_msgs/srv/GetPlan_Request.msg
 │ │ -- Installing: $PREFIX/share/rtabmap_msgs/srv/GetPlan_Response.msg
 │ │ -- Installing: $PREFIX/share/rtabmap_msgs/srv/AddLink.srv
 │ │ -- Installing: $PREFIX/share/rtabmap_msgs/srv/AddLink_Request.msg
 │ │ -- Installing: $PREFIX/share/rtabmap_msgs/srv/AddLink_Response.msg
 │ │ -- Installing: $PREFIX/share/rtabmap_msgs/srv/GetNodeData.srv
 │ │ -- Installing: $PREFIX/share/rtabmap_msgs/srv/GetNodeData_Request.msg
 │ │ -- Installing: $PREFIX/share/rtabmap_msgs/srv/GetNodeData_Response.msg
 │ │ -- Installing: $PREFIX/share/rtabmap_msgs/srv/GetNodesInRadius.srv
 │ │ -- Installing: $PREFIX/share/rtabmap_msgs/srv/GetNodesInRadius_Request.msg
 │ │ -- Installing: $PREFIX/share/rtabmap_msgs/srv/GetNodesInRadius_Response.msg
 │ │ -- Installing: $PREFIX/share/rtabmap_msgs/srv/LoadDatabase.srv
 │ │ -- Installing: $PREFIX/share/rtabmap_msgs/srv/LoadDatabase_Request.msg
 │ │ -- Installing: $PREFIX/share/rtabmap_msgs/srv/LoadDatabase_Response.msg
 │ │ -- Installing: $PREFIX/share/rtabmap_msgs/srv/DetectMoreLoopClosures.srv
 │ │ -- Installing: $PREFIX/share/rtabmap_msgs/srv/DetectMoreLoopClosures_Request.msg
 │ │ -- Installing: $PREFIX/share/rtabmap_msgs/srv/DetectMoreLoopClosures_Response.msg
 │ │ -- Installing: $PREFIX/share/rtabmap_msgs/srv/GlobalBundleAdjustment.srv
 │ │ -- Installing: $PREFIX/share/rtabmap_msgs/srv/GlobalBundleAdjustment_Request.msg
 │ │ -- Installing: $PREFIX/share/rtabmap_msgs/srv/GlobalBundleAdjustment_Response.msg
 │ │ -- Installing: $PREFIX/share/rtabmap_msgs/srv/CleanupLocalGrids.srv
 │ │ -- Installing: $PREFIX/share/rtabmap_msgs/srv/CleanupLocalGrids_Request.msg
 │ │ -- Installing: $PREFIX/share/rtabmap_msgs/srv/CleanupLocalGrids_Response.msg
 │ │ -- Installing: $PREFIX/share/ament_index/resource_index/package_run_dependencies/rtabmap_msgs
 │ │ -- Installing: $PREFIX/share/ament_index/resource_index/parent_prefix_path/rtabmap_msgs
 │ │ -- Installing: $PREFIX/share/rtabmap_msgs/environment/ament_prefix_path.sh
 │ │ -- Installing: $PREFIX/share/rtabmap_msgs/environment/ament_prefix_path.dsv
 │ │ -- Installing: $PREFIX/share/rtabmap_msgs/environment/path.sh
 │ │ -- Installing: $PREFIX/share/rtabmap_msgs/environment/path.dsv
 │ │ -- Installing: $PREFIX/share/rtabmap_msgs/local_setup.bash
 │ │ -- Installing: $PREFIX/share/rtabmap_msgs/local_setup.sh
 │ │ -- Installing: $PREFIX/share/rtabmap_msgs/local_setup.zsh
 │ │ -- Installing: $PREFIX/share/rtabmap_msgs/local_setup.dsv
 │ │ -- Installing: $PREFIX/share/rtabmap_msgs/package.dsv
 │ │ -- Installing: $PREFIX/share/ament_index/resource_index/packages/rtabmap_msgs
 │ │ -- Installing: $PREFIX/share/rtabmap_msgs/cmake/export_rtabmap_msgs__rosidl_generator_cExport.cmake
 │ │ -- Installing: $PREFIX/share/rtabmap_msgs/cmake/export_rtabmap_msgs__rosidl_generator_cExport-release.cmake
 │ │ -- Installing: $PREFIX/share/rtabmap_msgs/cmake/export_rtabmap_msgs__rosidl_typesupport_fastrtps_cExport.cmake
 │ │ -- Installing: $PREFIX/share/rtabmap_msgs/cmake/export_rtabmap_msgs__rosidl_typesupport_fastrtps_cExport-release.cmake
 │ │ -- Installing: $PREFIX/share/rtabmap_msgs/cmake/rtabmap_msgs__rosidl_typesupport_introspection_cExport.cmake
 │ │ -- Installing: $PREFIX/share/rtabmap_msgs/cmake/rtabmap_msgs__rosidl_typesupport_introspection_cExport-release.cmake
 │ │ -- Installing: $PREFIX/share/rtabmap_msgs/cmake/rtabmap_msgs__rosidl_typesupport_cExport.cmake
 │ │ -- Installing: $PREFIX/share/rtabmap_msgs/cmake/rtabmap_msgs__rosidl_typesupport_cExport-release.cmake
 │ │ -- Installing: $PREFIX/share/rtabmap_msgs/cmake/export_rtabmap_msgs__rosidl_generator_cppExport.cmake
 │ │ -- Installing: $PREFIX/share/rtabmap_msgs/cmake/export_rtabmap_msgs__rosidl_typesupport_fastrtps_cppExport.cmake
 │ │ -- Installing: $PREFIX/share/rtabmap_msgs/cmake/export_rtabmap_msgs__rosidl_typesupport_fastrtps_cppExport-release.cmake
 │ │ -- Installing: $PREFIX/share/rtabmap_msgs/cmake/rtabmap_msgs__rosidl_typesupport_introspection_cppExport.cmake
 │ │ -- Installing: $PREFIX/share/rtabmap_msgs/cmake/rtabmap_msgs__rosidl_typesupport_introspection_cppExport-release.cmake
 │ │ -- Installing: $PREFIX/share/rtabmap_msgs/cmake/rtabmap_msgs__rosidl_typesupport_cppExport.cmake
 │ │ -- Installing: $PREFIX/share/rtabmap_msgs/cmake/rtabmap_msgs__rosidl_typesupport_cppExport-release.cmake
 │ │ -- Installing: $PREFIX/share/rtabmap_msgs/cmake/export_rtabmap_msgs__rosidl_generator_pyExport.cmake
 │ │ -- Installing: $PREFIX/share/rtabmap_msgs/cmake/export_rtabmap_msgs__rosidl_generator_pyExport-release.cmake
 │ │ -- Installing: $PREFIX/share/rtabmap_msgs/cmake/rosidl_cmake-extras.cmake
 │ │ -- Installing: $PREFIX/share/rtabmap_msgs/cmake/ament_cmake_export_dependencies-extras.cmake
 │ │ -- Installing: $PREFIX/share/rtabmap_msgs/cmake/ament_cmake_export_include_directories-extras.cmake
 │ │ -- Installing: $PREFIX/share/rtabmap_msgs/cmake/ament_cmake_export_libraries-extras.cmake
 │ │ -- Installing: $PREFIX/share/rtabmap_msgs/cmake/ament_cmake_export_targets-extras.cmake
 │ │ -- Installing: $PREFIX/share/rtabmap_msgs/cmake/rosidl_cmake_export_typesupport_targets-extras.cmake
 │ │ -- Installing: $PREFIX/share/rtabmap_msgs/cmake/rosidl_cmake_export_typesupport_libraries-extras.cmake
 │ │ -- Installing: $PREFIX/share/rtabmap_msgs/cmake/rtabmap_msgsConfig.cmake
 │ │ -- Installing: $PREFIX/share/rtabmap_msgs/cmake/rtabmap_msgsConfig-version.cmake
 │ │ -- Installing: $PREFIX/share/rtabmap_msgs/package.xml
 │ │
 │ ╰─────────────────── (took 18 seconds)
 │
 │ ╭─ Packaging new files
 │ │ Copying done!
 │ │ rpath ("/home/ubuntu/work/output/bld/rattler-build_ros-humble-rtabmap-msgs_1789349451/build_env/lib") is outside of prefix ("/home/ubuntu/work/output/bld/r
 │ │ attler-build_ros-humble-rtabmap-msgs_1789349451/host_env_placehold_placehold_placehold_placehold_placehold_placehold_placehold_placehold_placehold_placehol
 │ │ d_placehold_placehold_placehold_placehold_placehold_placehold_placehol") for "/tmp/ros-humble-rtabmap-msgsIEVubI/lib/python3.12/site-packages/rtabmap_msgs/
 │ │ rtabmap_msgs_s__rosidl_typesupport_fastrtps_c.cpython-312-x86_64-linux-gnu.so" - removing it
 │ │ rpath ("/home/ubuntu/work/output/bld/rattler-build_ros-humble-rtabmap-msgs_1789349451/build_env/lib") is outside of prefix ("/home/ubuntu/work/output/bld/r
 │ │ attler-build_ros-humble-rtabmap-msgs_1789349451/host_env_placehold_placehold_placehold_placehold_placehold_placehold_placehold_placehold_placehold_placehol
 │ │ d_placehold_placehold_placehold_placehold_placehold_placehold_placehol") for "/tmp/ros-humble-rtabmap-msgsIEVubI/lib/librtabmap_msgs__rosidl_typesupport_fa
 │ │ strtps_c.so" - removing it
 │ │ Relinking "rtabmap_msgs_s__rosidl_typesupport_fastrtps_c.cpython-312-x86_64-linux-gnu.so"
 │ │ rpath ("/home/ubuntu/work/output/bld/rattler-build_ros-humble-rtabmap-msgs_1789349451/build_env/lib") is outside of prefix ("/home/ubuntu/work/output/bld/r
 │ │ attler-build_ros-humble-rtabmap-msgs_1789349451/host_env_placehold_placehold_placehold_placehold_placehold_placehold_placehold_placehold_placehold_placehol
 │ │ d_placehold_placehold_placehold_placehold_placehold_placehold_placehol") for "/tmp/ros-humble-rtabmap-msgsIEVubI/lib/python3.12/site-packages/rtabmap_msgs/
 │ │ rtabmap_msgs_s__rosidl_typesupport_introspection_c.cpython-312-x86_64-linux-gnu.so" - removing it
 │ │ rpath ("/home/ubuntu/work/output/bld/rattler-build_ros-humble-rtabmap-msgs_1789349451/build_env/lib") is outside of prefix ("/home/ubuntu/work/output/bld/r
 │ │ attler-build_ros-humble-rtabmap-msgs_1789349451/host_env_placehold_placehold_placehold_placehold_placehold_placehold_placehold_placehold_placehold_placehol
 │ │ d_placehold_placehold_placehold_placehold_placehold_placehold_placehol") for "/tmp/ros-humble-rtabmap-msgsIEVubI/lib/librtabmap_msgs__rosidl_typesupport_in
 │ │ trospection_cpp.so" - removing it
 │ │ Relinking "librtabmap_msgs__rosidl_typesupport_fastrtps_c.so"
 │ │ rpath ("/home/ubuntu/work/output/bld/rattler-build_ros-humble-rtabmap-msgs_1789349451/build_env/lib") is outside of prefix ("/home/ubuntu/work/output/bld/r
 │ │ attler-build_ros-humble-rtabmap-msgs_1789349451/host_env_placehold_placehold_placehold_placehold_placehold_placehold_placehold_placehold_placehold_placehol
 │ │ d_placehold_placehold_placehold_placehold_placehold_placehold_placehol") for "/tmp/ros-humble-rtabmap-msgsIEVubI/lib/librtabmap_msgs__rosidl_typesupport_cp
 │ │ p.so" - removing it
 │ │ rpath ("/home/ubuntu/work/output/bld/rattler-build_ros-humble-rtabmap-msgs_1789349451/work/build") is outside of prefix ("/home/ubuntu/work/output/bld/ratt
 │ │ ler-build_ros-humble-rtabmap-msgs_1789349451/host_env_placehold_placehold_placehold_placehold_placehold_placehold_placehold_placehold_placehold_placehold_p
 │ │ lacehold_placehold_placehold_placehold_placehold_placehold_placehol") for "/tmp/ros-humble-rtabmap-msgsIEVubI/lib/python3.12/site-packages/rtabmap_msgs/lib
 │ │ rtabmap_msgs__rosidl_generator_py.so" - removing it
 │ │ rpath ("/home/ubuntu/work/output/bld/rattler-build_ros-humble-rtabmap-msgs_1789349451/build_env/lib") is outside of prefix ("/home/ubuntu/work/output/bld/r
 │ │ attler-build_ros-humble-rtabmap-msgs_1789349451/host_env_placehold_placehold_placehold_placehold_placehold_placehold_placehold_placehold_placehold_placehol
 │ │ d_placehold_placehold_placehold_placehold_placehold_placehold_placehol") for "/tmp/ros-humble-rtabmap-msgsIEVubI/lib/python3.12/site-packages/rtabmap_msgs/
 │ │ librtabmap_msgs__rosidl_generator_py.so" - removing it
 │ │ rpath ("/home/ubuntu/work/output/bld/rattler-build_ros-humble-rtabmap-msgs_1789349451/build_env/lib") is outside of prefix ("/home/ubuntu/work/output/bld/r
 │ │ attler-build_ros-humble-rtabmap-msgs_1789349451/host_env_placehold_placehold_placehold_placehold_placehold_placehold_placehold_placehold_placehold_placehol
 │ │ d_placehold_placehold_placehold_placehold_placehold_placehold_placehol") for "/tmp/ros-humble-rtabmap-msgsIEVubI/lib/librtabmap_msgs__rosidl_typesupport_in
 │ │ trospection_c.so" - removing it
 │ │ Relinking "rtabmap_msgs_s__rosidl_typesupport_introspection_c.cpython-312-x86_64-linux-gnu.so"
 │ │ Relinking "librtabmap_msgs__rosidl_typesupport_cpp.so"
 │ │ rpath ("/home/ubuntu/work/output/bld/rattler-build_ros-humble-rtabmap-msgs_1789349451/build_env/lib") is outside of prefix ("/home/ubuntu/work/output/bld/r
 │ │ attler-build_ros-humble-rtabmap-msgs_1789349451/host_env_placehold_placehold_placehold_placehold_placehold_placehold_placehold_placehold_placehold_placehol
 │ │ d_placehold_placehold_placehold_placehold_placehold_placehold_placehol") for "/tmp/ros-humble-rtabmap-msgsIEVubI/lib/librtabmap_msgs__rosidl_typesupport_fa
 │ │ strtps_cpp.so" - removing it
 │ │ Relinking "librtabmap_msgs__rosidl_typesupport_introspection_cpp.so"
 │ │ Relinking "librtabmap_msgs__rosidl_generator_py.so"
 │ │ Relinking "librtabmap_msgs__rosidl_typesupport_introspection_c.so"
 │ │ Relinking "librtabmap_msgs__rosidl_typesupport_fastrtps_cpp.so"
 │ │ rpath ("/home/ubuntu/work/output/bld/rattler-build_ros-humble-rtabmap-msgs_1789349451/build_env/lib") is outside of prefix ("/home/ubuntu/work/output/bld/r
 │ │ attler-build_ros-humble-rtabmap-msgs_1789349451/host_env_placehold_placehold_placehold_placehold_placehold_placehold_placehold_placehold_placehold_placehol
 │ │ d_placehold_placehold_placehold_placehold_placehold_placehold_placehol") for "/tmp/ros-humble-rtabmap-msgsIEVubI/lib/librtabmap_msgs__rosidl_typesupport_c.
 │ │ so" - removing it
 │ │ rpath ("/home/ubuntu/work/output/bld/rattler-build_ros-humble-rtabmap-msgs_1789349451/build_env/lib") is outside of prefix ("/home/ubuntu/work/output/bld/r
 │ │ attler-build_ros-humble-rtabmap-msgs_1789349451/host_env_placehold_placehold_placehold_placehold_placehold_placehold_placehold_placehold_placehold_placehol
 │ │ d_placehold_placehold_placehold_placehold_placehold_placehold_placehol") for "/tmp/ros-humble-rtabmap-msgsIEVubI/lib/librtabmap_msgs__rosidl_generator_c.so
 │ │ " - removing it
 │ │ Relinking "librtabmap_msgs__rosidl_typesupport_c.so"
 │ │ rpath ("/home/ubuntu/work/output/bld/rattler-build_ros-humble-rtabmap-msgs_1789349451/build_env/lib") is outside of prefix ("/home/ubuntu/work/output/bld/r
 │ │ attler-build_ros-humble-rtabmap-msgs_1789349451/host_env_placehold_placehold_placehold_placehold_placehold_placehold_placehold_placehold_placehold_placehol
 │ │ d_placehold_placehold_placehold_placehold_placehold_placehold_placehol") for "/tmp/ros-humble-rtabmap-msgsIEVubI/lib/librtabmap_msgs__rosidl_generator_py.s
 │ │ o" - removing it
 │ │ Relinking "librtabmap_msgs__rosidl_generator_py.so"
 │ │ rpath ("/home/ubuntu/work/output/bld/rattler-build_ros-humble-rtabmap-msgs_1789349451/build_env/lib") is outside of prefix ("/home/ubuntu/work/output/bld/r
 │ │ attler-build_ros-humble-rtabmap-msgs_1789349451/host_env_placehold_placehold_placehold_placehold_placehold_placehold_placehold_placehold_placehold_placehol
 │ │ d_placehold_placehold_placehold_placehold_placehold_placehold_placehol") for "/tmp/ros-humble-rtabmap-msgsIEVubI/lib/python3.12/site-packages/rtabmap_msgs/
 │ │ rtabmap_msgs_s__rosidl_typesupport_c.cpython-312-x86_64-linux-gnu.so" - removing it
 │ │ Relinking "librtabmap_msgs__rosidl_generator_c.so"
 │ │ Relinking "rtabmap_msgs_s__rosidl_typesupport_c.cpython-312-x86_64-linux-gnu.so"
 │ │ 
 │ │ [lib/librtabmap_msgs__rosidl_typesupport_introspection_cpp.so] links against:
 │ │  ├─ lib/librosidl_runtime_c.so
 │ │  ├─ lib/librosidl_typesupport_introspection_cpp.so
 │ │  ├─ lib/libsensor_msgs__rosidl_typesupport_introspection_cpp.so (ros-humble-sensor-msgs)
 │ │  ├─ lib/libstd_msgs__rosidl_typesupport_introspection_cpp.so (ros-humble-std-msgs)
 │ │  ├─ libc.so.6 (system)
 │ │  ├─ lib/libstdc++.so.6.0.36 (libstdcxx)
 │ │  ├─ lib/libgeometry_msgs__rosidl_typesupport_introspection_cpp.so (ros-humble-geometry-msgs)
 │ │  └─ lib/libgcc_s.so.1 (libgcc)
 │ │ 
 │ │ [lib/librtabmap_msgs__rosidl_typesupport_cpp.so] links against:
 │ │  └─ lib/librosidl_typesupport_cpp.so
 │ │ 
 │ │ [lib/librtabmap_msgs__rosidl_generator_c.so] links against:
 │ │  ├─ lib/librosidl_runtime_c.so
 │ │  ├─ lib/librcutils.so
 │ │  ├─ lib/libsensor_msgs__rosidl_generator_c.so (ros-humble-sensor-msgs)
 │ │  ├─ lib/libgeometry_msgs__rosidl_generator_c.so (ros-humble-geometry-msgs)
 │ │  ├─ libc.so.6 (system)
 │ │  └─ lib/libstd_msgs__rosidl_generator_c.so (ros-humble-std-msgs)
 │ │ 
 │ │ [lib/python3.12/site-packages/rtabmap_msgs/rtabmap_msgs_s__rosidl_typesupport_c.cpython-312-x86_64-linux-gnu.so] links against:
 │ │  ├─ lib/librtabmap_msgs__rosidl_generator_py.so (package)
 │ │  ├─ lib/librtabmap_msgs__rosidl_generator_c.so (package)
 │ │  └─ lib/librtabmap_msgs__rosidl_typesupport_c.so (package)
 │ │ 
 │ │ [lib/python3.12/site-packages/rtabmap_msgs/rtabmap_msgs_s__rosidl_typesupport_fastrtps_c.cpython-312-x86_64-linux-gnu.so] links against:
 │ │  ├─ lib/librtabmap_msgs__rosidl_generator_py.so (package)
 │ │  ├─ lib/librtabmap_msgs__rosidl_typesupport_c.so (package)
 │ │  └─ lib/librtabmap_msgs__rosidl_generator_c.so (package)
 │ │ 
 │ │ [lib/librtabmap_msgs__rosidl_typesupport_introspection_c.so] links against:
 │ │  ├─ lib/librosidl_runtime_c.so
 │ │  ├─ lib/librtabmap_msgs__rosidl_generator_c.so (package)
 │ │  ├─ lib/libsensor_msgs__rosidl_typesupport_introspection_c.so (ros-humble-sensor-msgs)
 │ │  ├─ lib/librosidl_typesupport_introspection_c.so
 │ │  ├─ libc.so.6 (system)
 │ │  ├─ lib/libgeometry_msgs__rosidl_typesupport_introspection_c.so (ros-humble-geometry-msgs)
 │ │  ├─ lib/libsensor_msgs__rosidl_generator_c.so (ros-humble-sensor-msgs)
 │ │  ├─ lib/libstd_msgs__rosidl_typesupport_introspection_c.so (ros-humble-std-msgs)
 │ │  └─ lib/libgeometry_msgs__rosidl_generator_c.so (ros-humble-geometry-msgs)
 │ │ 
 │ │ [lib/librtabmap_msgs__rosidl_typesupport_fastrtps_c.so] links against:
 │ │  ├─ lib/libstdc++.so.6.0.36 (libstdcxx)
 │ │  ├─ lib/libgeometry_msgs__rosidl_generator_c.so (ros-humble-geometry-msgs)
 │ │  ├─ lib/libsensor_msgs__rosidl_typesupport_fastrtps_c.so (ros-humble-sensor-msgs)
 │ │  ├─ lib/libgeometry_msgs__rosidl_typesupport_fastrtps_c.so (ros-humble-geometry-msgs)
 │ │  ├─ lib/librtabmap_msgs__rosidl_generator_c.so (package)
 │ │  ├─ libc.so.6 (system)
 │ │  ├─ lib/libstd_msgs__rosidl_typesupport_fastrtps_c.so (ros-humble-std-msgs)
 │ │  ├─ lib/libsensor_msgs__rosidl_generator_c.so (ros-humble-sensor-msgs)
 │ │  ├─ lib/librosidl_runtime_c.so
 │ │  ├─ lib/librosidl_typesupport_fastrtps_c.so
 │ │  ├─ lib/libgcc_s.so.1 (libgcc)
 │ │  └─ lib/libfastcdr.so.1.0.29
 │ │ 
 │ │ [lib/librtabmap_msgs__rosidl_typesupport_c.so] links against:
 │ │  └─ lib/librosidl_typesupport_c.so
 │ │ 
 │ │ [lib/python3.12/site-packages/rtabmap_msgs/librtabmap_msgs__rosidl_generator_py.so] links against:
 │ │  ├─ lib/libpython3.12.so.1.0
 │ │  ├─ lib/librtabmap_msgs__rosidl_generator_c.so (package)
 │ │  ├─ lib/librosidl_runtime_c.so
 │ │  ├─ lib/libgeometry_msgs__rosidl_generator_py.so (ros-humble-geometry-msgs)
 │ │  ├─ lib/libsensor_msgs__rosidl_generator_py.so (ros-humble-sensor-msgs)
 │ │  ├─ lib/libgeometry_msgs__rosidl_generator_c.so (ros-humble-geometry-msgs)
 │ │  ├─ lib/libsensor_msgs__rosidl_generator_c.so (ros-humble-sensor-msgs)
 │ │  ├─ libc.so.6 (system)
 │ │  └─ lib/libstd_msgs__rosidl_generator_py.so (ros-humble-std-msgs)
 │ │ 
 │ │ [lib/librtabmap_msgs__rosidl_generator_py.so] links against:
 │ │  ├─ lib/libpython3.12.so.1.0
 │ │  ├─ libc.so.6 (system)
 │ │  ├─ lib/librosidl_runtime_c.so
 │ │  ├─ lib/libgeometry_msgs__rosidl_generator_py.so (ros-humble-geometry-msgs)
 │ │  ├─ lib/libsensor_msgs__rosidl_generator_c.so (ros-humble-sensor-msgs)
 │ │  ├─ lib/libstd_msgs__rosidl_generator_py.so (ros-humble-std-msgs)
 │ │  ├─ lib/librtabmap_msgs__rosidl_generator_c.so (package)
 │ │  ├─ lib/libgeometry_msgs__rosidl_generator_c.so (ros-humble-geometry-msgs)
 │ │  └─ lib/libsensor_msgs__rosidl_generator_py.so (ros-humble-sensor-msgs)
 │ │ 
 │ │ [lib/python3.12/site-packages/rtabmap_msgs/rtabmap_msgs_s__rosidl_typesupport_introspection_c.cpython-312-x86_64-linux-gnu.so] links against:
 │ │  ├─ lib/librtabmap_msgs__rosidl_typesupport_c.so (package)
 │ │  ├─ lib/librtabmap_msgs__rosidl_generator_py.so (package)
 │ │  └─ lib/librtabmap_msgs__rosidl_generator_c.so (package)
 │ │ 
 │ │ [lib/librtabmap_msgs__rosidl_typesupport_fastrtps_cpp.so] links against:
 │ │  ├─ lib/libstd_msgs__rosidl_typesupport_fastrtps_cpp.so (ros-humble-std-msgs)
 │ │  ├─ lib/librosidl_typesupport_fastrtps_cpp.so
 │ │  ├─ libc.so.6 (system)
 │ │  ├─ lib/libgeometry_msgs__rosidl_typesupport_fastrtps_cpp.so (ros-humble-geometry-msgs)
 │ │  ├─ lib/librosidl_runtime_c.so
 │ │  ├─ lib/libsensor_msgs__rosidl_typesupport_fastrtps_cpp.so (ros-humble-sensor-msgs)
 │ │  ├─ lib/libgcc_s.so.1 (libgcc)
 │ │  ├─ lib/libstdc++.so.6.0.36 (libstdcxx)
 │ │  └─ lib/libfastcdr.so.1.0.29
 │ │ Compiling 42 .py files to .pyc
 │ │ Post-processing done!
 │ │ Writing test files
 │ │ Writing metadata for package
 │ │ Copying license files
 │ │ Copying recipe files
 │ │ 
 │ │ Files in package:
 │ │   ├─ include/rtabmap_msgs/rtabmap_msgs/msg/camera_model.h (479 B)
 │ │   ├─ include/rtabmap_msgs/rtabmap_msgs/msg/camera_model.hpp (501 B)
 │ │   ├─ include/rtabmap_msgs/rtabmap_msgs/msg/camera_models.h (486 B)
 │ │   ├─ include/rtabmap_msgs/rtabmap_msgs/msg/camera_models.hpp (508 B)
 │ │   ├─ include/rtabmap_msgs/rtabmap_msgs/msg/detail/camera_model__builder.hpp (1.61 KiB)
 │ │   ├─ include/rtabmap_msgs/rtabmap_msgs/msg/detail/camera_model__functions.c (7.51 KiB)
 │ │   ├─ include/rtabmap_msgs/rtabmap_msgs/msg/detail/camera_model__functions.h (6.11 KiB)
 │ │   ├─ include/rtabmap_msgs/rtabmap_msgs/msg/detail/camera_model__rosidl_typesupport_fastrtps_c.h (1.26 KiB)
 │ │   ├─ include/rtabmap_msgs/rtabmap_msgs/msg/detail/camera_model__rosidl_typesupport_fastrtps_cpp.hpp (2.10 KiB)
 │ │   ├─ include/rtabmap_msgs/rtabmap_msgs/msg/detail/camera_model__rosidl_typesupport_introspection_c.h (957 B)
 │ │   ├─ include/rtabmap_msgs/rtabmap_msgs/msg/detail/camera_model__rosidl_typesupport_introspection_cpp.hpp (1.01 KiB)
 │ │   ├─ include/rtabmap_msgs/rtabmap_msgs/msg/detail/camera_model__struct.h (1.26 KiB)
 │ │   ├─ include/rtabmap_msgs/rtabmap_msgs/msg/detail/camera_model__struct.hpp (4.32 KiB)
 │ │   ├─ include/rtabmap_msgs/rtabmap_msgs/msg/detail/camera_model__traits.hpp (3.22 KiB)
 │ │   ├─ include/rtabmap_msgs/rtabmap_msgs/msg/detail/camera_model__type_support.c (5.44 KiB)
 │ │   ├─ include/rtabmap_msgs/rtabmap_msgs/msg/detail/camera_model__type_support.cpp (4.43 KiB)
 │ │   ├─ include/rtabmap_msgs/rtabmap_msgs/msg/detail/camera_model__type_support.h (883 B)
 │ │   ├─ include/rtabmap_msgs/rtabmap_msgs/msg/detail/camera_model__type_support.hpp (902 B)
 │ │   ├─ include/rtabmap_msgs/rtabmap_msgs/msg/detail/camera_models__builder.hpp (1.18 KiB)
 │ │   ├─ include/rtabmap_msgs/rtabmap_msgs/msg/detail/camera_models__functions.c (6.94 KiB)
 │ │   ├─ include/rtabmap_msgs/rtabmap_msgs/msg/detail/camera_models__functions.h (6.17 KiB)
 │ │   ├─ include/rtabmap_msgs/rtabmap_msgs/msg/detail/camera_models__rosidl_typesupport_fastrtps_c.h (1.27 KiB)
 │ │   ├─ include/rtabmap_msgs/rtabmap_msgs/msg/detail/camera_models__rosidl_typesupport_fastrtps_cpp.hpp (2.11 KiB)
 │ │   ├─ include/rtabmap_msgs/rtabmap_msgs/msg/detail/camera_models__rosidl_typesupport_introspection_c.h (962 B)
 │ │   ├─ include/rtabmap_msgs/rtabmap_msgs/msg/detail/camera_models__rosidl_typesupport_introspection_cpp.hpp (1.01 KiB)
 │ │   ├─ include/rtabmap_msgs/rtabmap_msgs/msg/detail/camera_models__struct.h (1.14 KiB)
 │ │   ├─ include/rtabmap_msgs/rtabmap_msgs/msg/detail/camera_models__struct.hpp (4.04 KiB)
 │ │   ├─ include/rtabmap_msgs/rtabmap_msgs/msg/detail/camera_models__traits.hpp (3.06 KiB)
 │ │   ├─ include/rtabmap_msgs/rtabmap_msgs/msg/detail/camera_models__type_support.c (7.35 KiB)
 │ │   ├─ include/rtabmap_msgs/rtabmap_msgs/msg/detail/camera_models__type_support.cpp (5.43 KiB)
 │ │   ├─ include/rtabmap_msgs/rtabmap_msgs/msg/detail/camera_models__type_support.h (888 B)
 │ │   ├─ include/rtabmap_msgs/rtabmap_msgs/msg/detail/camera_models__type_support.hpp (907 B)
 │ │   ├─ include/rtabmap_msgs/rtabmap_msgs/msg/detail/env_sensor__builder.hpp (1.80 KiB)
 │ │   ├─ include/rtabmap_msgs/rtabmap_msgs/msg/detail/env_sensor__functions.c (6.95 KiB)
 │ │   ├─ include/rtabmap_msgs/rtabmap_msgs/msg/detail/env_sensor__functions.h (6.01 KiB)
 │ │   ├─ include/rtabmap_msgs/rtabmap_msgs/msg/detail/env_sensor__rosidl_typesupport_fastrtps_c.h (1.25 KiB)
 │ │   ├─ include/rtabmap_msgs/rtabmap_msgs/msg/detail/env_sensor__rosidl_typesupport_fastrtps_cpp.hpp (2.08 KiB)
 │ │   ├─ include/rtabmap_msgs/rtabmap_msgs/msg/detail/env_sensor__rosidl_typesupport_introspection_c.h (947 B)
 │ │   ├─ include/rtabmap_msgs/rtabmap_msgs/msg/detail/env_sensor__rosidl_typesupport_introspection_cpp.hpp (1020 B)
 │ │   ├─ include/rtabmap_msgs/rtabmap_msgs/msg/detail/env_sensor__struct.h (1.13 KiB)
 │ │   ├─ include/rtabmap_msgs/rtabmap_msgs/msg/detail/env_sensor__struct.hpp (4.43 KiB)
 │ │   ├─ include/rtabmap_msgs/rtabmap_msgs/msg/detail/env_sensor__traits.hpp (3.24 KiB)
 │ │   ├─ include/rtabmap_msgs/rtabmap_msgs/msg/detail/env_sensor__type_support.c (5.48 KiB)
 │ │   ├─ include/rtabmap_msgs/rtabmap_msgs/msg/detail/env_sensor__type_support.cpp (4.89 KiB)
 │ │   ├─ include/rtabmap_msgs/rtabmap_msgs/msg/detail/env_sensor__type_support.h (873 B)
 │ │   ├─ include/rtabmap_msgs/rtabmap_msgs/msg/detail/env_sensor__type_support.hpp (892 B)
 │ │   ├─ include/rtabmap_msgs/rtabmap_msgs/msg/detail/global_descriptor__builder.hpp (2.34 KiB)
 │ │   ├─ include/rtabmap_msgs/rtabmap_msgs/msg/detail/global_descriptor__functions.c (8.19 KiB)
 │ │   ├─ include/rtabmap_msgs/rtabmap_msgs/msg/detail/global_descriptor__functions.h (6.37 KiB)
 │ │   ├─ include/rtabmap_msgs/rtabmap_msgs/msg/detail/global_descriptor__rosidl_typesupport_fastrtps_c.h (1.30 KiB)
 │ │   ├─ include/rtabmap_msgs/rtabmap_msgs/msg/detail/global_descriptor__rosidl_typesupport_fastrtps_cpp.hpp (2.15 KiB)
 │ │   ├─ include/rtabmap_msgs/rtabmap_msgs/msg/detail/global_descriptor__rosidl_typesupport_introspection_c.h (982 B)
 │ │   ├─ include/rtabmap_msgs/rtabmap_msgs/msg/detail/global_descriptor__rosidl_typesupport_introspection_cpp.hpp (1.03 KiB)
 │ │   ├─ include/rtabmap_msgs/rtabmap_msgs/msg/detail/global_descriptor__struct.h (1.44 KiB)
 │ │   ├─ include/rtabmap_msgs/rtabmap_msgs/msg/detail/global_descriptor__struct.hpp (5.16 KiB)
 │ │   ├─ include/rtabmap_msgs/rtabmap_msgs/msg/detail/global_descriptor__traits.hpp (4.55 KiB)
 │ │   ├─ include/rtabmap_msgs/rtabmap_msgs/msg/detail/global_descriptor__type_support.c (12.01 KiB)
 │ │   ├─ include/rtabmap_msgs/rtabmap_msgs/msg/detail/global_descriptor__type_support.cpp (8.87 KiB)
 │ │   ├─ include/rtabmap_msgs/rtabmap_msgs/msg/detail/global_descriptor__type_support.h (908 B)
 │ │   ├─ include/rtabmap_msgs/rtabmap_msgs/msg/detail/global_descriptor__type_support.hpp (927 B)
 │ │   ├─ include/rtabmap_msgs/rtabmap_msgs/msg/detail/goal__builder.hpp (2.04 KiB)
 │ │   ├─ include/rtabmap_msgs/rtabmap_msgs/msg/detail/goal__functions.c (7.56 KiB)
 │ │   ├─ include/rtabmap_msgs/rtabmap_msgs/msg/detail/goal__functions.h (5.75 KiB)
 │ │   ├─ include/rtabmap_msgs/rtabmap_msgs/msg/detail/goal__rosidl_typesupport_fastrtps_c.h (1.21 KiB)
 │ │   ├─ include/rtabmap_msgs/rtabmap_msgs/msg/detail/goal__rosidl_typesupport_fastrtps_cpp.hpp (2.02 KiB)
 │ │   ├─ include/rtabmap_msgs/rtabmap_msgs/msg/detail/goal__rosidl_typesupport_introspection_c.h (919 B)
 │ │   ├─ include/rtabmap_msgs/rtabmap_msgs/msg/detail/goal__rosidl_typesupport_introspection_cpp.hpp (992 B)
 │ │   ├─ include/rtabmap_msgs/rtabmap_msgs/msg/detail/goal__struct.h (1.30 KiB)
 │ │   ├─ include/rtabmap_msgs/rtabmap_msgs/msg/detail/goal__struct.hpp (5.16 KiB)
 │ │   ├─ include/rtabmap_msgs/rtabmap_msgs/msg/detail/goal__traits.hpp (3.46 KiB)
 │ │   ├─ include/rtabmap_msgs/rtabmap_msgs/msg/detail/goal__type_support.c (6.01 KiB)
 │ │   ├─ include/rtabmap_msgs/rtabmap_msgs/msg/detail/goal__type_support.cpp (5.43 KiB)
 │ │   ├─ include/rtabmap_msgs/rtabmap_msgs/msg/detail/goal__type_support.h (845 B)
 │ │   ├─ include/rtabmap_msgs/rtabmap_msgs/msg/detail/goal__type_support.hpp (864 B)
 │ │   ├─ include/rtabmap_msgs/rtabmap_msgs/msg/detail/gps__builder.hpp (2.59 KiB)
 │ │   ├─ include/rtabmap_msgs/rtabmap_msgs/msg/detail/gps__functions.c (6.72 KiB)
 │ │   ├─ include/rtabmap_msgs/rtabmap_msgs/msg/detail/gps__functions.h (5.70 KiB)
 │ │   ├─ include/rtabmap_msgs/rtabmap_msgs/msg/detail/gps__rosidl_typesupport_fastrtps_c.h (1.20 KiB)
 │ │   ├─ include/rtabmap_msgs/rtabmap_msgs/msg/detail/gps__rosidl_typesupport_fastrtps_cpp.hpp (2.01 KiB)
 │ │   ├─ include/rtabmap_msgs/rtabmap_msgs/msg/detail/gps__rosidl_typesupport_introspection_c.h (914 B)
 │ │   ├─ include/rtabmap_msgs/rtabmap_msgs/msg/detail/gps__rosidl_typesupport_introspection_cpp.hpp (987 B)
 │ │   ├─ include/rtabmap_msgs/rtabmap_msgs/msg/detail/gps__struct.h (1.09 KiB)
 │ │   ├─ include/rtabmap_msgs/rtabmap_msgs/msg/detail/gps__struct.hpp (4.99 KiB)
 │ │   ├─ include/rtabmap_msgs/rtabmap_msgs/msg/detail/gps__traits.hpp (4.02 KiB)
 │ │   ├─ include/rtabmap_msgs/rtabmap_msgs/msg/detail/gps__type_support.c (6.68 KiB)
 │ │   ├─ include/rtabmap_msgs/rtabmap_msgs/msg/detail/gps__type_support.cpp (6.59 KiB)
 │ │   ├─ include/rtabmap_msgs/rtabmap_msgs/msg/detail/gps__type_support.h (840 B)
 │ │   ├─ include/rtabmap_msgs/rtabmap_msgs/msg/detail/gps__type_support.hpp (859 B)
 │ │   ├─ include/rtabmap_msgs/rtabmap_msgs/msg/detail/info__builder.hpp (8.56 KiB)
 │ │   ├─ include/rtabmap_msgs/rtabmap_msgs/msg/detail/info__functions.c (16.61 KiB)
 │ │   ├─ include/rtabmap_msgs/rtabmap_msgs/msg/detail/info__functions.h (5.75 KiB)
 │ │   ├─ include/rtabmap_msgs/rtabmap_msgs/msg/detail/info__rosidl_typesupport_fastrtps_c.h (1.21 KiB)
 │ │   ├─ include/rtabmap_msgs/rtabmap_msgs/msg/detail/info__rosidl_typesupport_fastrtps_cpp.hpp (2.02 KiB)
 │ │   ├─ include/rtabmap_msgs/rtabmap_msgs/msg/detail/info__rosidl_typesupport_introspection_c.h (919 B)
 │ │   ├─ include/rtabmap_msgs/rtabmap_msgs/msg/detail/info__rosidl_typesupport_introspection_cpp.hpp (992 B)
 │ │   ├─ include/rtabmap_msgs/rtabmap_msgs/msg/detail/info__struct.h (3.00 KiB)
 │ │   ├─ include/rtabmap_msgs/rtabmap_msgs/msg/detail/info__struct.hpp (13.86 KiB)
 │ │   ├─ include/rtabmap_msgs/rtabmap_msgs/msg/detail/info__traits.hpp (17.81 KiB)
 │ │   ├─ include/rtabmap_msgs/rtabmap_msgs/msg/detail/info__type_support.c (54.94 KiB)
 │ │   ├─ include/rtabmap_msgs/rtabmap_msgs/msg/detail/info__type_support.cpp (39.18 KiB)
 │ │   ├─ include/rtabmap_msgs/rtabmap_msgs/msg/detail/info__type_support.h (845 B)
 │ │   ├─ include/rtabmap_msgs/rtabmap_msgs/msg/detail/info__type_support.hpp (864 B)
 │ │   ├─ include/rtabmap_msgs/rtabmap_msgs/msg/detail/key_point__builder.hpp (2.76 KiB)
 │ │   ├─ include/rtabmap_msgs/rtabmap_msgs/msg/detail/key_point__functions.c (7.32 KiB)
 │ │   ├─ include/rtabmap_msgs/rtabmap_msgs/msg/detail/key_point__functions.h (5.96 KiB)
 │ │   ├─ include/rtabmap_msgs/rtabmap_msgs/msg/detail/key_point__rosidl_typesupport_fastrtps_c.h (1.24 KiB)
 │ │   ├─ include/rtabmap_msgs/rtabmap_msgs/msg/detail/key_point__rosidl_typesupport_fastrtps_cpp.hpp (2.07 KiB)
 │ │   ├─ include/rtabmap_msgs/rtabmap_msgs/msg/detail/key_point__rosidl_typesupport_introspection_c.h (942 B)
 │ │   ├─ include/rtabmap_msgs/rtabmap_msgs/msg/detail/key_point__rosidl_typesupport_introspection_cpp.hpp (1015 B)
 │ │   ├─ include/rtabmap_msgs/rtabmap_msgs/msg/detail/key_point__struct.h (1.32 KiB)
 │ │   ├─ include/rtabmap_msgs/rtabmap_msgs/msg/detail/key_point__struct.hpp (5.22 KiB)
 │ │   ├─ include/rtabmap_msgs/rtabmap_msgs/msg/detail/key_point__traits.hpp (4.22 KiB)
 │ │   ├─ include/rtabmap_msgs/rtabmap_msgs/msg/detail/key_point__type_support.c (7.28 KiB)
 │ │   ├─ include/rtabmap_msgs/rtabmap_msgs/msg/detail/key_point__type_support.cpp (6.79 KiB)
 │ │   ├─ include/rtabmap_msgs/rtabmap_msgs/msg/detail/key_point__type_support.h (868 B)
 │ │   ├─ include/rtabmap_msgs/rtabmap_msgs/msg/detail/key_point__type_support.hpp (887 B)
 │ │   ├─ include/rtabmap_msgs/rtabmap_msgs/msg/detail/landmark_detection__builder.hpp (2.82 KiB)
 │ │   ├─ include/rtabmap_msgs/rtabmap_msgs/msg/detail/landmark_detection__functions.c (8.52 KiB)
 │ │   ├─ include/rtabmap_msgs/rtabmap_msgs/msg/detail/landmark_detection__functions.h (6.42 KiB)
 │ │   ├─ include/rtabmap_msgs/rtabmap_msgs/msg/detail/landmark_detection__rosidl_typesupport_fastrtps_c.h (1.30 KiB)
 │ │   ├─ include/rtabmap_msgs/rtabmap_msgs/msg/detail/landmark_detection__rosidl_typesupport_fastrtps_cpp.hpp (2.16 KiB)
 │ │   ├─ include/rtabmap_msgs/rtabmap_msgs/msg/detail/landmark_detection__rosidl_typesupport_introspection_c.h (987 B)
 │ │   ├─ include/rtabmap_msgs/rtabmap_msgs/msg/detail/landmark_detection__rosidl_typesupport_introspection_cpp.hpp (1.04 KiB)
 │ │   ├─ include/rtabmap_msgs/rtabmap_msgs/msg/detail/landmark_detection__struct.h (1.98 KiB)
 │ │   ├─ include/rtabmap_msgs/rtabmap_msgs/msg/detail/landmark_detection__struct.hpp (5.70 KiB)
 │ │   ├─ include/rtabmap_msgs/rtabmap_msgs/msg/detail/landmark_detection__traits.hpp (4.03 KiB)
 │ │   ├─ include/rtabmap_msgs/rtabmap_msgs/msg/detail/landmark_detection__type_support.c (7.55 KiB)
 │ │   ├─ include/rtabmap_msgs/rtabmap_msgs/msg/detail/landmark_detection__type_support.cpp (6.48 KiB)
 │ │   ├─ include/rtabmap_msgs/rtabmap_msgs/msg/detail/landmark_detection__type_support.h (913 B)
 │ │   ├─ include/rtabmap_msgs/rtabmap_msgs/msg/detail/landmark_detection__type_support.hpp (932 B)
 │ │   ├─ include/rtabmap_msgs/rtabmap_msgs/msg/detail/landmark_detections__builder.hpp (1.67 KiB)
 │ │   ├─ include/rtabmap_msgs/rtabmap_msgs/msg/detail/landmark_detections__functions.c (7.82 KiB)
 │ │   ├─ include/rtabmap_msgs/rtabmap_msgs/msg/detail/landmark_detections__functions.h (6.48 KiB)
 │ │   ├─ include/rtabmap_msgs/rtabmap_msgs/msg/detail/landmark_detections__rosidl_typesupport_fastrtps_c.h (1.31 KiB)
 │ │   ├─ include/rtabmap_msgs/rtabmap_msgs/msg/detail/landmark_detections__rosidl_typesupport_fastrtps_cpp.hpp (2.17 KiB)
 │ │   ├─ include/rtabmap_msgs/rtabmap_msgs/msg/detail/landmark_detections__rosidl_typesupport_introspection_c.h (992 B)
 │ │   ├─ include/rtabmap_msgs/rtabmap_msgs/msg/detail/landmark_detections__rosidl_typesupport_introspection_cpp.hpp (1.04 KiB)
 │ │   ├─ include/rtabmap_msgs/rtabmap_msgs/msg/detail/landmark_detections__struct.h (1.47 KiB)
 │ │   ├─ include/rtabmap_msgs/rtabmap_msgs/msg/detail/landmark_detections__struct.hpp (4.64 KiB)
 │ │   ├─ include/rtabmap_msgs/rtabmap_msgs/msg/detail/landmark_detections__traits.hpp (3.56 KiB)
 │ │   ├─ include/rtabmap_msgs/rtabmap_msgs/msg/detail/landmark_detections__type_support.c (8.92 KiB)
 │ │   ├─ include/rtabmap_msgs/rtabmap_msgs/msg/detail/landmark_detections__type_support.cpp (6.47 KiB)
 │ │   ├─ include/rtabmap_msgs/rtabmap_msgs/msg/detail/landmark_detections__type_support.h (918 B)
 │ │   ├─ include/rtabmap_msgs/rtabmap_msgs/msg/detail/landmark_detections__type_support.hpp (937 B)
 │ │   ├─ include/rtabmap_msgs/rtabmap_msgs/msg/detail/link__builder.hpp (2.33 KiB)
 │ │   ├─ include/rtabmap_msgs/rtabmap_msgs/msg/detail/link__functions.c (7.17 KiB)
 │ │   ├─ include/rtabmap_msgs/rtabmap_msgs/msg/detail/link__functions.h (5.75 KiB)
 │ │   ├─ include/rtabmap_msgs/rtabmap_msgs/msg/detail/link__rosidl_typesupport_fastrtps_c.h (1.21 KiB)
 │ │   ├─ include/rtabmap_msgs/rtabmap_msgs/msg/detail/link__rosidl_typesupport_fastrtps_cpp.hpp (2.02 KiB)
 │ │   ├─ include/rtabmap_msgs/rtabmap_msgs/msg/detail/link__rosidl_typesupport_introspection_c.h (919 B)
 │ │   ├─ include/rtabmap_msgs/rtabmap_msgs/msg/detail/link__rosidl_typesupport_introspection_cpp.hpp (992 B)
 │ │   ├─ include/rtabmap_msgs/rtabmap_msgs/msg/detail/link__struct.h (1.28 KiB)
 │ │   ├─ include/rtabmap_msgs/rtabmap_msgs/msg/detail/link__struct.hpp (5.17 KiB)
 │ │   ├─ include/rtabmap_msgs/rtabmap_msgs/msg/detail/link__traits.hpp (4.40 KiB)
 │ │   ├─ include/rtabmap_msgs/rtabmap_msgs/msg/detail/link__type_support.c (8.43 KiB)
 │ │   ├─ include/rtabmap_msgs/rtabmap_msgs/msg/detail/link__type_support.cpp (7.31 KiB)
 │ │   ├─ include/rtabmap_msgs/rtabmap_msgs/msg/detail/link__type_support.h (845 B)
 │ │   ├─ include/rtabmap_msgs/rtabmap_msgs/msg/detail/link__type_support.hpp (864 B)
 │ │   ├─ include/rtabmap_msgs/rtabmap_msgs/msg/detail/map_data__builder.hpp (1.75 KiB)
 │ │   ├─ include/rtabmap_msgs/rtabmap_msgs/msg/detail/map_data__functions.c (7.61 KiB)
 │ │   ├─ include/rtabmap_msgs/rtabmap_msgs/msg/detail/map_data__functions.h (5.91 KiB)
 │ │   ├─ include/rtabmap_msgs/rtabmap_msgs/msg/detail/map_data__rosidl_typesupport_fastrtps_c.h (1.23 KiB)
 │ │   ├─ include/rtabmap_msgs/rtabmap_msgs/msg/detail/map_data__rosidl_typesupport_fastrtps_cpp.hpp (2.06 KiB)
 │ │   ├─ include/rtabmap_msgs/rtabmap_msgs/msg/detail/map_data__rosidl_typesupport_introspection_c.h (937 B)
 │ │   ├─ include/rtabmap_msgs/rtabmap_msgs/msg/detail/map_data__rosidl_typesupport_introspection_cpp.hpp (1010 B)
 │ │   ├─ include/rtabmap_msgs/rtabmap_msgs/msg/detail/map_data__struct.h (1.32 KiB)
 │ │   ├─ include/rtabmap_msgs/rtabmap_msgs/msg/detail/map_data__struct.hpp (4.64 KiB)
 │ │   ├─ include/rtabmap_msgs/rtabmap_msgs/msg/detail/map_data__traits.hpp (3.68 KiB)
 │ │   ├─ include/rtabmap_msgs/rtabmap_msgs/msg/detail/map_data__type_support.c (8.87 KiB)
 │ │   ├─ include/rtabmap_msgs/rtabmap_msgs/msg/detail/map_data__type_support.cpp (6.64 KiB)
 │ │   ├─ include/rtabmap_msgs/rtabmap_msgs/msg/detail/map_data__type_support.h (863 B)
 │ │   ├─ include/rtabmap_msgs/rtabmap_msgs/msg/detail/map_data__type_support.hpp (882 B)
 │ │   ├─ include/rtabmap_msgs/rtabmap_msgs/msg/detail/map_graph__builder.hpp (2.48 KiB)
 │ │   ├─ include/rtabmap_msgs/rtabmap_msgs/msg/detail/map_graph__functions.c (8.83 KiB)
 │ │   ├─ include/rtabmap_msgs/rtabmap_msgs/msg/detail/map_graph__functions.h (5.96 KiB)
 │ │   ├─ include/rtabmap_msgs/rtabmap_msgs/msg/detail/map_graph__rosidl_typesupport_fastrtps_c.h (1.24 KiB)
 │ │   ├─ include/rtabmap_msgs/rtabmap_msgs/msg/detail/map_graph__rosidl_typesupport_fastrtps_cpp.hpp (2.07 KiB)
 │ │   ├─ include/rtabmap_msgs/rtabmap_msgs/msg/detail/map_graph__rosidl_typesupport_introspection_c.h (942 B)
 │ │   ├─ include/rtabmap_msgs/rtabmap_msgs/msg/detail/map_graph__rosidl_typesupport_introspection_cpp.hpp (1015 B)
 │ │   ├─ include/rtabmap_msgs/rtabmap_msgs/msg/detail/map_graph__struct.h (1.66 KiB)
 │ │   ├─ include/rtabmap_msgs/rtabmap_msgs/msg/detail/map_graph__struct.hpp (5.78 KiB)
 │ │   ├─ include/rtabmap_msgs/rtabmap_msgs/msg/detail/map_graph__traits.hpp (5.42 KiB)
 │ │   ├─ include/rtabmap_msgs/rtabmap_msgs/msg/detail/map_graph__type_support.c (16.01 KiB)
 │ │   ├─ include/rtabmap_msgs/rtabmap_msgs/msg/detail/map_graph__type_support.cpp (11.22 KiB)
 │ │   ├─ include/rtabmap_msgs/rtabmap_msgs/msg/detail/map_graph__type_support.h (868 B)
 │ │   ├─ include/rtabmap_msgs/rtabmap_msgs/msg/detail/map_graph__type_support.hpp (887 B)
 │ │   ├─ include/rtabmap_msgs/rtabmap_msgs/msg/detail/node__builder.hpp (4.54 KiB)
 │ │   ├─ include/rtabmap_msgs/rtabmap_msgs/msg/detail/node__functions.c (10.79 KiB)
 │ │   ├─ include/rtabmap_msgs/rtabmap_msgs/msg/detail/node__functions.h (5.75 KiB)
 │ │   ├─ include/rtabmap_msgs/rtabmap_msgs/msg/detail/node__rosidl_typesupport_fastrtps_c.h (1.21 KiB)
 │ │   ├─ include/rtabmap_msgs/rtabmap_msgs/msg/detail/node__rosidl_typesupport_fastrtps_cpp.hpp (2.02 KiB)
 │ │   ├─ include/rtabmap_msgs/rtabmap_msgs/msg/detail/node__rosidl_typesupport_introspection_c.h (919 B)
 │ │   ├─ include/rtabmap_msgs/rtabmap_msgs/msg/detail/node__rosidl_typesupport_introspection_cpp.hpp (992 B)
 │ │   ├─ include/rtabmap_msgs/rtabmap_msgs/msg/detail/node__struct.h (2.08 KiB)
 │ │   ├─ include/rtabmap_msgs/rtabmap_msgs/msg/detail/node__struct.hpp (8.42 KiB)
 │ │   ├─ include/rtabmap_msgs/rtabmap_msgs/msg/detail/node__traits.hpp (8.86 KiB)
 │ │   ├─ include/rtabmap_msgs/rtabmap_msgs/msg/detail/node__type_support.c (25.39 KiB)
 │ │   ├─ include/rtabmap_msgs/rtabmap_msgs/msg/detail/node__type_support.cpp (18.79 KiB)
 │ │   ├─ include/rtabmap_msgs/rtabmap_msgs/msg/detail/node__type_support.h (845 B)
 │ │   ├─ include/rtabmap_msgs/rtabmap_msgs/msg/detail/node__type_support.hpp (864 B)
 │ │   ├─ include/rtabmap_msgs/rtabmap_msgs/msg/detail/odom_info__builder.hpp (19.18 KiB)
 │ │   ├─ include/rtabmap_msgs/rtabmap_msgs/msg/detail/odom_info__functions.c (23.05 KiB)
 │ │   ├─ include/rtabmap_msgs/rtabmap_msgs/msg/detail/odom_info__functions.h (5.96 KiB)
 │ │   ├─ include/rtabmap_msgs/rtabmap_msgs/msg/detail/odom_info__rosidl_typesupport_fastrtps_c.h (1.24 KiB)
 │ │   ├─ include/rtabmap_msgs/rtabmap_msgs/msg/detail/odom_info__rosidl_typesupport_fastrtps_cpp.hpp (2.07 KiB)
 │ │   ├─ include/rtabmap_msgs/rtabmap_msgs/msg/detail/odom_info__rosidl_typesupport_introspection_c.h (942 B)
 │ │   ├─ include/rtabmap_msgs/rtabmap_msgs/msg/detail/odom_info__rosidl_typesupport_introspection_cpp.hpp (1015 B)
 │ │   ├─ include/rtabmap_msgs/rtabmap_msgs/msg/detail/odom_info__struct.h (4.00 KiB)
 │ │   ├─ include/rtabmap_msgs/rtabmap_msgs/msg/detail/odom_info__struct.hpp (23.72 KiB)
 │ │   ├─ include/rtabmap_msgs/rtabmap_msgs/msg/detail/odom_info__traits.hpp (27.23 KiB)
 │ │   ├─ include/rtabmap_msgs/rtabmap_msgs/msg/detail/odom_info__type_support.c (73.03 KiB)
 │ │   ├─ include/rtabmap_msgs/rtabmap_msgs/msg/detail/odom_info__type_support.cpp (56.40 KiB)
 │ │   ├─ include/rtabmap_msgs/rtabmap_msgs/msg/detail/odom_info__type_support.h (868 B)
 │ │   ├─ include/rtabmap_msgs/rtabmap_msgs/msg/detail/odom_info__type_support.hpp (887 B)
 │ │   ├─ include/rtabmap_msgs/rtabmap_msgs/msg/detail/path__builder.hpp (1.69 KiB)
 │ │   ├─ include/rtabmap_msgs/rtabmap_msgs/msg/detail/path__functions.c (7.51 KiB)
 │ │   ├─ include/rtabmap_msgs/rtabmap_msgs/msg/detail/path__functions.h (5.75 KiB)
 │ │   ├─ include/rtabmap_msgs/rtabmap_msgs/msg/detail/path__rosidl_typesupport_fastrtps_c.h (1.21 KiB)
 │ │   ├─ include/rtabmap_msgs/rtabmap_msgs/msg/detail/path__rosidl_typesupport_fastrtps_cpp.hpp (2.02 KiB)
 │ │   ├─ include/rtabmap_msgs/rtabmap_msgs/msg/detail/path__rosidl_typesupport_introspection_c.h (919 B)
 │ │   ├─ include/rtabmap_msgs/rtabmap_msgs/msg/detail/path__rosidl_typesupport_introspection_cpp.hpp (992 B)
 │ │   ├─ include/rtabmap_msgs/rtabmap_msgs/msg/detail/path__struct.h (1.25 KiB)
 │ │   ├─ include/rtabmap_msgs/rtabmap_msgs/msg/detail/path__struct.hpp (4.57 KiB)
 │ │   ├─ include/rtabmap_msgs/rtabmap_msgs/msg/detail/path__traits.hpp (4.11 KiB)
 │ │   ├─ include/rtabmap_msgs/rtabmap_msgs/msg/detail/path__type_support.c (10.89 KiB)
 │ │   ├─ include/rtabmap_msgs/rtabmap_msgs/msg/detail/path__type_support.cpp (7.93 KiB)
 │ │   ├─ include/rtabmap_msgs/rtabmap_msgs/msg/detail/path__type_support.h (845 B)
 │ │   ├─ include/rtabmap_msgs/rtabmap_msgs/msg/detail/path__type_support.hpp (864 B)
 │ │   ├─ include/rtabmap_msgs/rtabmap_msgs/msg/detail/point2f__builder.hpp (1.38 KiB)
 │ │   ├─ include/rtabmap_msgs/rtabmap_msgs/msg/detail/point2f__functions.c (6.26 KiB)
 │ │   ├─ include/rtabmap_msgs/rtabmap_msgs/msg/detail/point2f__functions.h (5.90 KiB)
 │ │   ├─ include/rtabmap_msgs/rtabmap_msgs/msg/detail/point2f__rosidl_typesupport_fastrtps_c.h (1.23 KiB)
 │ │   ├─ include/rtabmap_msgs/rtabmap_msgs/msg/detail/point2f__rosidl_typesupport_fastrtps_cpp.hpp (2.05 KiB)
 │ │   ├─ include/rtabmap_msgs/rtabmap_msgs/msg/detail/point2f__rosidl_typesupport_introspection_c.h (934 B)
 │ │   ├─ include/rtabmap_msgs/rtabmap_msgs/msg/detail/point2f__rosidl_typesupport_introspection_cpp.hpp (1007 B)
 │ │   ├─ include/rtabmap_msgs/rtabmap_msgs/msg/detail/point2f__struct.h (1.02 KiB)
 │ │   ├─ include/rtabmap_msgs/rtabmap_msgs/msg/detail/point2f__struct.hpp (3.89 KiB)
 │ │   ├─ include/rtabmap_msgs/rtabmap_msgs/msg/detail/point2f__traits.hpp (2.68 KiB)
 │ │   ├─ include/rtabmap_msgs/rtabmap_msgs/msg/detail/point2f__type_support.c (4.35 KiB)
 │ │   ├─ include/rtabmap_msgs/rtabmap_msgs/msg/detail/point2f__type_support.cpp (4.11 KiB)
 │ │   ├─ include/rtabmap_msgs/rtabmap_msgs/msg/detail/point2f__type_support.h (860 B)
 │ │   ├─ include/rtabmap_msgs/rtabmap_msgs/msg/detail/point2f__type_support.hpp (879 B)
 │ │   ├─ include/rtabmap_msgs/rtabmap_msgs/msg/detail/point3f__builder.hpp (1.67 KiB)
 │ │   ├─ include/rtabmap_msgs/rtabmap_msgs/msg/detail/point3f__functions.c (6.36 KiB)
 │ │   ├─ include/rtabmap_msgs/rtabmap_msgs/msg/detail/point3f__functions.h (5.90 KiB)
 │ │   ├─ include/rtabmap_msgs/rtabmap_msgs/msg/detail/point3f__rosidl_typesupport_fastrtps_c.h (1.23 KiB)
 │ │   ├─ include/rtabmap_msgs/rtabmap_msgs/msg/detail/point3f__rosidl_typesupport_fastrtps_cpp.hpp (2.05 KiB)
 │ │   ├─ include/rtabmap_msgs/rtabmap_msgs/msg/detail/point3f__rosidl_typesupport_introspection_c.h (934 B)
 │ │   ├─ include/rtabmap_msgs/rtabmap_msgs/msg/detail/point3f__rosidl_typesupport_introspection_cpp.hpp (1007 B)
 │ │   ├─ include/rtabmap_msgs/rtabmap_msgs/msg/detail/point3f__struct.h (1.05 KiB)
 │ │   ├─ include/rtabmap_msgs/rtabmap_msgs/msg/detail/point3f__struct.hpp (4.12 KiB)
 │ │   ├─ include/rtabmap_msgs/rtabmap_msgs/msg/detail/point3f__traits.hpp (2.98 KiB)
 │ │   ├─ include/rtabmap_msgs/rtabmap_msgs/msg/detail/point3f__type_support.c (4.95 KiB)
 │ │   ├─ include/rtabmap_msgs/rtabmap_msgs/msg/detail/point3f__type_support.cpp (4.73 KiB)
 │ │   ├─ include/rtabmap_msgs/rtabmap_msgs/msg/detail/point3f__type_support.h (860 B)
 │ │   ├─ include/rtabmap_msgs/rtabmap_msgs/msg/detail/point3f__type_support.hpp (879 B)
 │ │   ├─ include/rtabmap_msgs/rtabmap_msgs/msg/detail/rgbd_image__builder.hpp (4.87 KiB)
 │ │   ├─ include/rtabmap_msgs/rtabmap_msgs/msg/detail/rgbd_image__functions.c (12.40 KiB)
 │ │   ├─ include/rtabmap_msgs/rtabmap_msgs/msg/detail/rgbd_image__functions.h (6.01 KiB)
 │ │   ├─ include/rtabmap_msgs/rtabmap_msgs/msg/detail/rgbd_image__rosidl_typesupport_fastrtps_c.h (1.25 KiB)
 │ │   ├─ include/rtabmap_msgs/rtabmap_msgs/msg/detail/rgbd_image__rosidl_typesupport_fastrtps_cpp.hpp (2.08 KiB)
 │ │   ├─ include/rtabmap_msgs/rtabmap_msgs/msg/detail/rgbd_image__rosidl_typesupport_introspection_c.h (947 B)
 │ │   ├─ include/rtabmap_msgs/rtabmap_msgs/msg/detail/rgbd_image__rosidl_typesupport_introspection_cpp.hpp (1020 B)
 │ │   ├─ include/rtabmap_msgs/rtabmap_msgs/msg/detail/rgbd_image__struct.h (2.40 KiB)
 │ │   ├─ include/rtabmap_msgs/rtabmap_msgs/msg/detail/rgbd_image__struct.hpp (8.67 KiB)
 │ │   ├─ include/rtabmap_msgs/rtabmap_msgs/msg/detail/rgbd_image__traits.hpp (7.85 KiB)
 │ │   ├─ include/rtabmap_msgs/rtabmap_msgs/msg/detail/rgbd_image__type_support.c (22.36 KiB)
 │ │   ├─ include/rtabmap_msgs/rtabmap_msgs/msg/detail/rgbd_image__type_support.cpp (15.97 KiB)
 │ │   ├─ include/rtabmap_msgs/rtabmap_msgs/msg/detail/rgbd_image__type_support.h (873 B)
 │ │   ├─ include/rtabmap_msgs/rtabmap_msgs/msg/detail/rgbd_image__type_support.hpp (892 B)
 │ │   ├─ include/rtabmap_msgs/rtabmap_msgs/msg/detail/rgbd_images__builder.hpp (1.53 KiB)
 │ │   ├─ include/rtabmap_msgs/rtabmap_msgs/msg/detail/rgbd_images__functions.c (7.36 KiB)
 │ │   ├─ include/rtabmap_msgs/rtabmap_msgs/msg/detail/rgbd_images__functions.h (6.06 KiB)
 │ │   ├─ include/rtabmap_msgs/rtabmap_msgs/msg/detail/rgbd_images__rosidl_typesupport_fastrtps_c.h (1.25 KiB)
 │ │   ├─ include/rtabmap_msgs/rtabmap_msgs/msg/detail/rgbd_images__rosidl_typesupport_fastrtps_cpp.hpp (2.09 KiB)
 │ │   ├─ include/rtabmap_msgs/rtabmap_msgs/msg/detail/rgbd_images__rosidl_typesupport_introspection_c.h (952 B)
 │ │   ├─ include/rtabmap_msgs/rtabmap_msgs/msg/detail/rgbd_images__rosidl_typesupport_introspection_cpp.hpp (1.00 KiB)
 │ │   ├─ include/rtabmap_msgs/rtabmap_msgs/msg/detail/rgbd_images__struct.h (1.22 KiB)
 │ │   ├─ include/rtabmap_msgs/rtabmap_msgs/msg/detail/rgbd_images__struct.hpp (4.39 KiB)
 │ │   ├─ include/rtabmap_msgs/rtabmap_msgs/msg/detail/rgbd_images__traits.hpp (3.45 KiB)
 │ │   ├─ include/rtabmap_msgs/rtabmap_msgs/msg/detail/rgbd_images__type_support.c (8.27 KiB)
 │ │   ├─ include/rtabmap_msgs/rtabmap_msgs/msg/detail/rgbd_images__type_support.cpp (6.15 KiB)
 │ │   ├─ include/rtabmap_msgs/rtabmap_msgs/msg/detail/rgbd_images__type_support.h (878 B)
 │ │   ├─ include/rtabmap_msgs/rtabmap_msgs/msg/detail/rgbd_images__type_support.hpp (897 B)
 │ │   ├─ include/rtabmap_msgs/rtabmap_msgs/msg/detail/scan_descriptor__builder.hpp (2.40 KiB)
 │ │   ├─ include/rtabmap_msgs/rtabmap_msgs/msg/detail/scan_descriptor__functions.c (8.71 KiB)
 │ │   ├─ include/rtabmap_msgs/rtabmap_msgs/msg/detail/scan_descriptor__functions.h (6.27 KiB)
 │ │   ├─ include/rtabmap_msgs/rtabmap_msgs/msg/detail/scan_descriptor__rosidl_typesupport_fastrtps_c.h (1.28 KiB)
 │ │   ├─ include/rtabmap_msgs/rtabmap_msgs/msg/detail/scan_descriptor__rosidl_typesupport_fastrtps_cpp.hpp (2.13 KiB)
 │ │   ├─ include/rtabmap_msgs/rtabmap_msgs/msg/detail/scan_descriptor__rosidl_typesupport_introspection_c.h (972 B)
 │ │   ├─ include/rtabmap_msgs/rtabmap_msgs/msg/detail/scan_descriptor__rosidl_typesupport_introspection_cpp.hpp (1.02 KiB)
 │ │   ├─ include/rtabmap_msgs/rtabmap_msgs/msg/detail/scan_descriptor__struct.h (1.54 KiB)
 │ │   ├─ include/rtabmap_msgs/rtabmap_msgs/msg/detail/scan_descriptor__struct.hpp (5.23 KiB)
 │ │   ├─ include/rtabmap_msgs/rtabmap_msgs/msg/detail/scan_descriptor__traits.hpp (4.22 KiB)
 │ │   ├─ include/rtabmap_msgs/rtabmap_msgs/msg/detail/scan_descriptor__type_support.c (7.62 KiB)
 │ │   ├─ include/rtabmap_msgs/rtabmap_msgs/msg/detail/scan_descriptor__type_support.cpp (5.97 KiB)
 │ │   ├─ include/rtabmap_msgs/rtabmap_msgs/msg/detail/scan_descriptor__type_support.h (898 B)
 │ │   ├─ include/rtabmap_msgs/rtabmap_msgs/msg/detail/scan_descriptor__type_support.hpp (917 B)
 │ │   ├─ include/rtabmap_msgs/rtabmap_msgs/msg/detail/sensor_data__builder.hpp (12.55 KiB)
 │ │   ├─ include/rtabmap_msgs/rtabmap_msgs/msg/detail/sensor_data__functions.c (22.17 KiB)
 │ │   ├─ include/rtabmap_msgs/rtabmap_msgs/msg/detail/sensor_data__functions.h (6.06 KiB)
 │ │   ├─ include/rtabmap_msgs/rtabmap_msgs/msg/detail/sensor_data__rosidl_typesupport_fastrtps_c.h (1.25 KiB)
 │ │   ├─ include/rtabmap_msgs/rtabmap_msgs/msg/detail/sensor_data__rosidl_typesupport_fastrtps_cpp.hpp (2.09 KiB)
 │ │   ├─ include/rtabmap_msgs/rtabmap_msgs/msg/detail/sensor_data__rosidl_typesupport_introspection_c.h (952 B)
 │ │   ├─ include/rtabmap_msgs/rtabmap_msgs/msg/detail/sensor_data__rosidl_typesupport_introspection_cpp.hpp (1.00 KiB)
 │ │   ├─ include/rtabmap_msgs/rtabmap_msgs/msg/detail/sensor_data__struct.h (4.58 KiB)
 │ │   ├─ include/rtabmap_msgs/rtabmap_msgs/msg/detail/sensor_data__struct.hpp (18.69 KiB)
 │ │   ├─ include/rtabmap_msgs/rtabmap_msgs/msg/detail/sensor_data__traits.hpp (22.16 KiB)
 │ │   ├─ include/rtabmap_msgs/rtabmap_msgs/msg/detail/sensor_data__type_support.c (75.25 KiB)
 │ │   ├─ include/rtabmap_msgs/rtabmap_msgs/msg/detail/sensor_data__type_support.cpp (51.84 KiB)
 │ │   ├─ include/rtabmap_msgs/rtabmap_msgs/msg/detail/sensor_data__type_support.h (878 B)
 │ │   ├─ include/rtabmap_msgs/rtabmap_msgs/msg/detail/sensor_data__type_support.hpp (897 B)
 │ │   ├─ include/rtabmap_msgs/rtabmap_msgs/msg/detail/user_data__builder.hpp (2.40 KiB)
 │ │   ├─ include/rtabmap_msgs/rtabmap_msgs/msg/detail/user_data__functions.c (7.52 KiB)
 │ │   ├─ include/rtabmap_msgs/rtabmap_msgs/msg/detail/user_data__functions.h (5.96 KiB)
 │ │   ├─ include/rtabmap_msgs/rtabmap_msgs/msg/detail/user_data__rosidl_typesupport_fastrtps_c.h (1.24 KiB)
 │ │   ├─ include/rtabmap_msgs/rtabmap_msgs/msg/detail/user_data__rosidl_typesupport_fastrtps_cpp.hpp (2.07 KiB)
 │ │   ├─ include/rtabmap_msgs/rtabmap_msgs/msg/detail/user_data__rosidl_typesupport_introspection_c.h (942 B)
 │ │   ├─ include/rtabmap_msgs/rtabmap_msgs/msg/detail/user_data__rosidl_typesupport_introspection_cpp.hpp (1015 B)
 │ │   ├─ include/rtabmap_msgs/rtabmap_msgs/msg/detail/user_data__struct.h (1.58 KiB)
 │ │   ├─ include/rtabmap_msgs/rtabmap_msgs/msg/detail/user_data__struct.hpp (5.05 KiB)
 │ │   ├─ include/rtabmap_msgs/rtabmap_msgs/msg/detail/user_data__traits.hpp (4.25 KiB)
 │ │   ├─ include/rtabmap_msgs/rtabmap_msgs/msg/detail/user_data__type_support.c (9.30 KiB)
 │ │   ├─ include/rtabmap_msgs/rtabmap_msgs/msg/detail/user_data__type_support.cpp (7.62 KiB)
 │ │   ├─ include/rtabmap_msgs/rtabmap_msgs/msg/detail/user_data__type_support.h (868 B)
 │ │   ├─ include/rtabmap_msgs/rtabmap_msgs/msg/detail/user_data__type_support.hpp (887 B)
 │ │   ├─ include/rtabmap_msgs/rtabmap_msgs/msg/env_sensor.h (465 B)
 │ │   ├─ include/rtabmap_msgs/rtabmap_msgs/msg/env_sensor.hpp (487 B)
 │ │   ├─ include/rtabmap_msgs/rtabmap_msgs/msg/global_descriptor.h (514 B)
 │ │   ├─ include/rtabmap_msgs/rtabmap_msgs/msg/global_descriptor.hpp (536 B)
 │ │   ├─ include/rtabmap_msgs/rtabmap_msgs/msg/goal.h (424 B)
 │ │   ├─ include/rtabmap_msgs/rtabmap_msgs/msg/goal.hpp (445 B)
 │ │   ├─ include/rtabmap_msgs/rtabmap_msgs/msg/gps.h (417 B)
 │ │   ├─ include/rtabmap_msgs/rtabmap_msgs/msg/gps.hpp (438 B)
 │ │   ├─ include/rtabmap_msgs/rtabmap_msgs/msg/info.h (424 B)
 │ │   ├─ include/rtabmap_msgs/rtabmap_msgs/msg/info.hpp (445 B)
 │ │   ├─ include/rtabmap_msgs/rtabmap_msgs/msg/key_point.h (458 B)
 │ │   ├─ include/rtabmap_msgs/rtabmap_msgs/msg/key_point.hpp (480 B)
 │ │   ├─ include/rtabmap_msgs/rtabmap_msgs/msg/landmark_detection.h (521 B)
 │ │   ├─ include/rtabmap_msgs/rtabmap_msgs/msg/landmark_detection.hpp (543 B)
 │ │   ├─ include/rtabmap_msgs/rtabmap_msgs/msg/landmark_detections.h (528 B)
 │ │   ├─ include/rtabmap_msgs/rtabmap_msgs/msg/landmark_detections.hpp (550 B)
 │ │   ├─ include/rtabmap_msgs/rtabmap_msgs/msg/link.h (424 B)
 │ │   ├─ include/rtabmap_msgs/rtabmap_msgs/msg/link.hpp (445 B)
 │ │   ├─ include/rtabmap_msgs/rtabmap_msgs/msg/map_data.h (451 B)
 │ │   ├─ include/rtabmap_msgs/rtabmap_msgs/msg/map_data.hpp (473 B)
 │ │   ├─ include/rtabmap_msgs/rtabmap_msgs/msg/map_graph.h (458 B)
 │ │   ├─ include/rtabmap_msgs/rtabmap_msgs/msg/map_graph.hpp (480 B)
 │ │   ├─ include/rtabmap_msgs/rtabmap_msgs/msg/node.h (424 B)
 │ │   ├─ include/rtabmap_msgs/rtabmap_msgs/msg/node.hpp (445 B)
 │ │   ├─ include/rtabmap_msgs/rtabmap_msgs/msg/odom_info.h (458 B)
 │ │   ├─ include/rtabmap_msgs/rtabmap_msgs/msg/odom_info.hpp (480 B)
 │ │   ├─ include/rtabmap_msgs/rtabmap_msgs/msg/path.h (424 B)
 │ │   ├─ include/rtabmap_msgs/rtabmap_msgs/msg/path.hpp (445 B)
 │ │   ├─ include/rtabmap_msgs/rtabmap_msgs/msg/point2f.h (445 B)
 │ │   ├─ include/rtabmap_msgs/rtabmap_msgs/msg/point2f.hpp (466 B)
 │ │   ├─ include/rtabmap_msgs/rtabmap_msgs/msg/point3f.h (445 B)
 │ │   ├─ include/rtabmap_msgs/rtabmap_msgs/msg/point3f.hpp (466 B)
 │ │   ├─ include/rtabmap_msgs/rtabmap_msgs/msg/rgbd_image.h (465 B)
 │ │   ├─ include/rtabmap_msgs/rtabmap_msgs/msg/rgbd_image.hpp (487 B)
 │ │   ├─ include/rtabmap_msgs/rtabmap_msgs/msg/rgbd_images.h (472 B)
 │ │   ├─ include/rtabmap_msgs/rtabmap_msgs/msg/rgbd_images.hpp (494 B)
 │ │   ├─ include/rtabmap_msgs/rtabmap_msgs/msg/rosidl_generator_c__visibility_control.h (1.48 KiB)
 │ │   ├─ include/rtabmap_msgs/rtabmap_msgs/msg/rosidl_generator_cpp__visibility_control.hpp (1.52 KiB)
 │ │   ├─ include/rtabmap_msgs/rtabmap_msgs/msg/rosidl_typesupport_fastrtps_c__visibility_control.h (1.67 KiB)
 │ │   ├─ include/rtabmap_msgs/rtabmap_msgs/msg/rosidl_typesupport_fastrtps_cpp__visibility_control.h (1.70 KiB)
 │ │   ├─ include/rtabmap_msgs/rtabmap_msgs/msg/rosidl_typesupport_introspection_c__visibility_control.h (1.76 KiB)
 │ │   ├─ include/rtabmap_msgs/rtabmap_msgs/msg/scan_descriptor.h (500 B)
 │ │   ├─ include/rtabmap_msgs/rtabmap_msgs/msg/scan_descriptor.hpp (522 B)
 │ │   ├─ include/rtabmap_msgs/rtabmap_msgs/msg/sensor_data.h (472 B)
 │ │   ├─ include/rtabmap_msgs/rtabmap_msgs/msg/sensor_data.hpp (494 B)
 │ │   ├─ include/rtabmap_msgs/rtabmap_msgs/msg/user_data.h (458 B)
 │ │   ├─ include/rtabmap_msgs/rtabmap_msgs/msg/user_data.hpp (480 B)
 │ │   ├─ include/rtabmap_msgs/rtabmap_msgs/srv/add_link.h (451 B)
 │ │   ├─ include/rtabmap_msgs/rtabmap_msgs/srv/add_link.hpp (473 B)
 │ │   ├─ include/rtabmap_msgs/rtabmap_msgs/srv/cleanup_local_grids.h (527 B)
 │ │   ├─ include/rtabmap_msgs/rtabmap_msgs/srv/cleanup_local_grids.hpp (550 B)
 │ │   ├─ include/rtabmap_msgs/rtabmap_msgs/srv/detail/add_link__builder.hpp (1.47 KiB)
 │ │   ├─ include/rtabmap_msgs/rtabmap_msgs/srv/detail/add_link__functions.c (13.55 KiB)
 │ │   ├─ include/rtabmap_msgs/rtabmap_msgs/srv/detail/add_link__functions.h (11.79 KiB)
 │ │   ├─ include/rtabmap_msgs/rtabmap_msgs/srv/detail/add_link__rosidl_typesupport_fastrtps_c.h (2.71 KiB)
 │ │   ├─ include/rtabmap_msgs/rtabmap_msgs/srv/detail/add_link__rosidl_typesupport_fastrtps_cpp.hpp (4.43 KiB)
 │ │   ├─ include/rtabmap_msgs/rtabmap_msgs/srv/detail/add_link__rosidl_typesupport_introspection_c.h (1.86 KiB)
 │ │   ├─ include/rtabmap_msgs/rtabmap_msgs/srv/detail/add_link__rosidl_typesupport_introspection_cpp.hpp (2.10 KiB)
 │ │   ├─ include/rtabmap_msgs/rtabmap_msgs/srv/detail/add_link__struct.h (1.68 KiB)
 │ │   ├─ include/rtabmap_msgs/rtabmap_msgs/srv/detail/add_link__struct.hpp (7.47 KiB)
 │ │   ├─ include/rtabmap_msgs/rtabmap_msgs/srv/detail/add_link__traits.hpp (5.43 KiB)
 │ │   ├─ include/rtabmap_msgs/rtabmap_msgs/srv/detail/add_link__type_support.c (11.84 KiB)
 │ │   ├─ include/rtabmap_msgs/rtabmap_msgs/srv/detail/add_link__type_support.cpp (11.43 KiB)
 │ │   ├─ include/rtabmap_msgs/rtabmap_msgs/srv/detail/add_link__type_support.h (1.50 KiB)
 │ │   ├─ include/rtabmap_msgs/rtabmap_msgs/srv/detail/add_link__type_support.hpp (1.67 KiB)
 │ │   ├─ include/rtabmap_msgs/rtabmap_msgs/srv/detail/cleanup_local_grids__builder.hpp (2.56 KiB)
 │ │   ├─ include/rtabmap_msgs/rtabmap_msgs/srv/detail/cleanup_local_grids__functions.c (14.18 KiB)
 │ │   ├─ include/rtabmap_msgs/rtabmap_msgs/srv/detail/cleanup_local_grids__functions.h (12.79 KiB)
 │ │   ├─ include/rtabmap_msgs/rtabmap_msgs/srv/detail/cleanup_local_grids__rosidl_typesupport_fastrtps_c.h (2.82 KiB)
 │ │   ├─ include/rtabmap_msgs/rtabmap_msgs/srv/detail/cleanup_local_grids__rosidl_typesupport_fastrtps_cpp.hpp (4.60 KiB)
 │ │   ├─ include/rtabmap_msgs/rtabmap_msgs/srv/detail/cleanup_local_grids__rosidl_typesupport_introspection_c.h (1.93 KiB)
 │ │   ├─ include/rtabmap_msgs/rtabmap_msgs/srv/detail/cleanup_local_grids__rosidl_typesupport_introspection_cpp.hpp (2.17 KiB)
 │ │   ├─ include/rtabmap_msgs/rtabmap_msgs/srv/detail/cleanup_local_grids__struct.h (2.16 KiB)
 │ │   ├─ include/rtabmap_msgs/rtabmap_msgs/srv/detail/cleanup_local_grids__struct.hpp (8.41 KiB)
 │ │   ├─ include/rtabmap_msgs/rtabmap_msgs/srv/detail/cleanup_local_grids__traits.hpp (6.34 KiB)
 │ │   ├─ include/rtabmap_msgs/rtabmap_msgs/srv/detail/cleanup_local_grids__type_support.c (12.91 KiB)
 │ │   ├─ include/rtabmap_msgs/rtabmap_msgs/srv/detail/cleanup_local_grids__type_support.cpp (12.48 KiB)
 │ │   ├─ include/rtabmap_msgs/rtabmap_msgs/srv/detail/cleanup_local_grids__type_support.h (1.57 KiB)
 │ │   ├─ include/rtabmap_msgs/rtabmap_msgs/srv/detail/cleanup_local_grids__type_support.hpp (1.74 KiB)
 │ │   ├─ include/rtabmap_msgs/rtabmap_msgs/srv/detail/detect_more_loop_closures__builder.hpp (4.85 KiB)
 │ │   ├─ include/rtabmap_msgs/rtabmap_msgs/srv/detail/detect_more_loop_closures__functions.c (15.53 KiB)
 │ │   ├─ include/rtabmap_msgs/rtabmap_msgs/srv/detail/detect_more_loop_closures__functions.h (13.28 KiB)
 │ │   ├─ include/rtabmap_msgs/rtabmap_msgs/srv/detail/detect_more_loop_closures__rosidl_typesupport_fastrtps_c.h (2.88 KiB)
 │ │   ├─ include/rtabmap_msgs/rtabmap_msgs/srv/detail/detect_more_loop_closures__rosidl_typesupport_fastrtps_cpp.hpp (4.69 KiB)
 │ │   ├─ include/rtabmap_msgs/rtabmap_msgs/srv/detail/detect_more_loop_closures__rosidl_typesupport_introspection_c.h (1.97 KiB)
 │ │   ├─ include/rtabmap_msgs/rtabmap_msgs/srv/detail/detect_more_loop_closures__rosidl_typesupport_introspection_cpp.hpp (2.21 KiB)
 │ │   ├─ include/rtabmap_msgs/rtabmap_msgs/srv/detail/detect_more_loop_closures__struct.h (2.21 KiB)
 │ │   ├─ include/rtabmap_msgs/rtabmap_msgs/srv/detail/detect_more_loop_closures__struct.hpp (10.09 KiB)
 │ │   ├─ include/rtabmap_msgs/rtabmap_msgs/srv/detail/detect_more_loop_closures__traits.hpp (8.08 KiB)
 │ │   ├─ include/rtabmap_msgs/rtabmap_msgs/srv/detail/detect_more_loop_closures__type_support.c (15.98 KiB)
 │ │   ├─ include/rtabmap_msgs/rtabmap_msgs/srv/detail/detect_more_loop_closures__type_support.cpp (15.46 KiB)
 │ │   ├─ include/rtabmap_msgs/rtabmap_msgs/srv/detail/detect_more_loop_closures__type_support.h (1.61 KiB)
 │ │   ├─ include/rtabmap_msgs/rtabmap_msgs/srv/detail/detect_more_loop_closures__type_support.hpp (1.78 KiB)
 │ │   ├─ include/rtabmap_msgs/rtabmap_msgs/srv/detail/get_map2__builder.hpp (4.83 KiB)
 │ │   ├─ include/rtabmap_msgs/rtabmap_msgs/srv/detail/get_map2__functions.c (14.68 KiB)
 │ │   ├─ include/rtabmap_msgs/rtabmap_msgs/srv/detail/get_map2__functions.h (11.79 KiB)
 │ │   ├─ include/rtabmap_msgs/rtabmap_msgs/srv/detail/get_map2__rosidl_typesupport_fastrtps_c.h (2.71 KiB)
 │ │   ├─ include/rtabmap_msgs/rtabmap_msgs/srv/detail/get_map2__rosidl_typesupport_fastrtps_cpp.hpp (4.43 KiB)
 │ │   ├─ include/rtabmap_msgs/rtabmap_msgs/srv/detail/get_map2__rosidl_typesupport_introspection_c.h (1.86 KiB)
 │ │   ├─ include/rtabmap_msgs/rtabmap_msgs/srv/detail/get_map2__rosidl_typesupport_introspection_cpp.hpp (2.10 KiB)
 │ │   ├─ include/rtabmap_msgs/rtabmap_msgs/srv/detail/get_map2__struct.h (1.80 KiB)
 │ │   ├─ include/rtabmap_msgs/rtabmap_msgs/srv/detail/get_map2__struct.hpp (9.72 KiB)
 │ │   ├─ include/rtabmap_msgs/rtabmap_msgs/srv/detail/get_map2__traits.hpp (8.29 KiB)
 │ │   ├─ include/rtabmap_msgs/rtabmap_msgs/srv/detail/get_map2__type_support.c (16.23 KiB)
 │ │   ├─ include/rtabmap_msgs/rtabmap_msgs/srv/detail/get_map2__type_support.cpp (16.00 KiB)
 │ │   ├─ include/rtabmap_msgs/rtabmap_msgs/srv/detail/get_map2__type_support.h (1.50 KiB)
 │ │   ├─ include/rtabmap_msgs/rtabmap_msgs/srv/detail/get_map2__type_support.hpp (1.67 KiB)
 │ │   ├─ include/rtabmap_msgs/rtabmap_msgs/srv/detail/get_map__builder.hpp (2.65 KiB)
 │ │   ├─ include/rtabmap_msgs/rtabmap_msgs/srv/detail/get_map__functions.c (13.59 KiB)
 │ │   ├─ include/rtabmap_msgs/rtabmap_msgs/srv/detail/get_map__functions.h (11.70 KiB)
 │ │   ├─ include/rtabmap_msgs/rtabmap_msgs/srv/detail/get_map__rosidl_typesupport_fastrtps_c.h (2.70 KiB)
 │ │   ├─ include/rtabmap_msgs/rtabmap_msgs/srv/detail/get_map__rosidl_typesupport_fastrtps_cpp.hpp (4.41 KiB)
 │ │   ├─ include/rtabmap_msgs/rtabmap_msgs/srv/detail/get_map__rosidl_typesupport_introspection_c.h (1.86 KiB)
 │ │   ├─ include/rtabmap_msgs/rtabmap_msgs/srv/detail/get_map__rosidl_typesupport_introspection_cpp.hpp (2.09 KiB)
 │ │   ├─ include/rtabmap_msgs/rtabmap_msgs/srv/detail/get_map__struct.h (1.68 KiB)
 │ │   ├─ include/rtabmap_msgs/rtabmap_msgs/srv/detail/get_map__struct.hpp (7.99 KiB)
 │ │   ├─ include/rtabmap_msgs/rtabmap_msgs/srv/detail/get_map__traits.hpp (6.38 KiB)
 │ │   ├─ include/rtabmap_msgs/rtabmap_msgs/srv/detail/get_map__type_support.c (12.96 KiB)
 │ │   ├─ include/rtabmap_msgs/rtabmap_msgs/srv/detail/get_map__type_support.cpp (12.64 KiB)
 │ │   ├─ include/rtabmap_msgs/rtabmap_msgs/srv/detail/get_map__type_support.h (1.50 KiB)
 │ │   ├─ include/rtabmap_msgs/rtabmap_msgs/srv/detail/get_map__type_support.hpp (1.66 KiB)
 │ │   ├─ include/rtabmap_msgs/rtabmap_msgs/srv/detail/get_node_data__builder.hpp (3.53 KiB)
 │ │   ├─ include/rtabmap_msgs/rtabmap_msgs/srv/detail/get_node_data__functions.c (14.74 KiB)
 │ │   ├─ include/rtabmap_msgs/rtabmap_msgs/srv/detail/get_node_data__functions.h (12.19 KiB)
 │ │   ├─ include/rtabmap_msgs/rtabmap_msgs/srv/detail/get_node_data__rosidl_typesupport_fastrtps_c.h (2.75 KiB)
 │ │   ├─ include/rtabmap_msgs/rtabmap_msgs/srv/detail/get_node_data__rosidl_typesupport_fastrtps_cpp.hpp (4.50 KiB)
 │ │   ├─ include/rtabmap_msgs/rtabmap_msgs/srv/detail/get_node_data__rosidl_typesupport_introspection_c.h (1.89 KiB)
 │ │   ├─ include/rtabmap_msgs/rtabmap_msgs/srv/detail/get_node_data__rosidl_typesupport_introspection_cpp.hpp (2.13 KiB)
 │ │   ├─ include/rtabmap_msgs/rtabmap_msgs/srv/detail/get_node_data__struct.h (1.92 KiB)
 │ │   ├─ include/rtabmap_msgs/rtabmap_msgs/srv/detail/get_node_data__struct.hpp (9.05 KiB)
 │ │   ├─ include/rtabmap_msgs/rtabmap_msgs/srv/detail/get_node_data__traits.hpp (8.02 KiB)
 │ │   ├─ include/rtabmap_msgs/rtabmap_msgs/srv/detail/get_node_data__type_support.c (20.64 KiB)
 │ │   ├─ include/rtabmap_msgs/rtabmap_msgs/srv/detail/get_node_data__type_support.cpp (17.57 KiB)
 │ │   ├─ include/rtabmap_msgs/rtabmap_msgs/srv/detail/get_node_data__type_support.h (1.53 KiB)
 │ │   ├─ include/rtabmap_msgs/rtabmap_msgs/srv/detail/get_node_data__type_support.hpp (1.70 KiB)
 │ │   ├─ include/rtabmap_msgs/rtabmap_msgs/srv/detail/get_nodes_in_radius__builder.hpp (4.99 KiB)
 │ │   ├─ include/rtabmap_msgs/rtabmap_msgs/srv/detail/get_nodes_in_radius__functions.c (15.91 KiB)
 │ │   ├─ include/rtabmap_msgs/rtabmap_msgs/srv/detail/get_nodes_in_radius__functions.h (12.69 KiB)
 │ │   ├─ include/rtabmap_msgs/rtabmap_msgs/srv/detail/get_nodes_in_radius__rosidl_typesupport_fastrtps_c.h (2.81 KiB)
 │ │   ├─ include/rtabmap_msgs/rtabmap_msgs/srv/detail/get_nodes_in_radius__rosidl_typesupport_fastrtps_cpp.hpp (4.59 KiB)
 │ │   ├─ include/rtabmap_msgs/rtabmap_msgs/srv/detail/get_nodes_in_radius__rosidl_typesupport_introspection_c.h (1.93 KiB)
 │ │   ├─ include/rtabmap_msgs/rtabmap_msgs/srv/detail/get_nodes_in_radius__rosidl_typesupport_introspection_cpp.hpp (2.17 KiB)
 │ │   ├─ include/rtabmap_msgs/rtabmap_msgs/srv/detail/get_nodes_in_radius__struct.h (2.65 KiB)
 │ │   ├─ include/rtabmap_msgs/rtabmap_msgs/srv/detail/get_nodes_in_radius__struct.hpp (10.15 KiB)
 │ │   ├─ include/rtabmap_msgs/rtabmap_msgs/srv/detail/get_nodes_in_radius__traits.hpp (9.65 KiB)
 │ │   ├─ include/rtabmap_msgs/rtabmap_msgs/srv/detail/get_nodes_in_radius__type_support.c (26.38 KiB)
 │ │   ├─ include/rtabmap_msgs/rtabmap_msgs/srv/detail/get_nodes_in_radius__type_support.cpp (21.71 KiB)
 │ │   ├─ include/rtabmap_msgs/rtabmap_msgs/srv/detail/get_nodes_in_radius__type_support.h (1.57 KiB)
 │ │   ├─ include/rtabmap_msgs/rtabmap_msgs/srv/detail/get_nodes_in_radius__type_support.hpp (1.73 KiB)
 │ │   ├─ include/rtabmap_msgs/rtabmap_msgs/srv/detail/get_plan__builder.hpp (2.63 KiB)
 │ │   ├─ include/rtabmap_msgs/rtabmap_msgs/srv/detail/get_plan__functions.c (14.06 KiB)
 │ │   ├─ include/rtabmap_msgs/rtabmap_msgs/srv/detail/get_plan__functions.h (11.79 KiB)
 │ │   ├─ include/rtabmap_msgs/rtabmap_msgs/srv/detail/get_plan__rosidl_typesupport_fastrtps_c.h (2.71 KiB)
 │ │   ├─ include/rtabmap_msgs/rtabmap_msgs/srv/detail/get_plan__rosidl_typesupport_fastrtps_cpp.hpp (4.43 KiB)
 │ │   ├─ include/rtabmap_msgs/rtabmap_msgs/srv/detail/get_plan__rosidl_typesupport_introspection_c.h (1.86 KiB)
 │ │   ├─ include/rtabmap_msgs/rtabmap_msgs/srv/detail/get_plan__rosidl_typesupport_introspection_cpp.hpp (2.10 KiB)
 │ │   ├─ include/rtabmap_msgs/rtabmap_msgs/srv/detail/get_plan__struct.h (2.02 KiB)
 │ │   ├─ include/rtabmap_msgs/rtabmap_msgs/srv/detail/get_plan__struct.hpp (8.16 KiB)
 │ │   ├─ include/rtabmap_msgs/rtabmap_msgs/srv/detail/get_plan__traits.hpp (6.55 KiB)
 │ │   ├─ include/rtabmap_msgs/rtabmap_msgs/srv/detail/get_plan__type_support.c (13.50 KiB)
 │ │   ├─ include/rtabmap_msgs/rtabmap_msgs/srv/detail/get_plan__type_support.cpp (12.77 KiB)
 │ │   ├─ include/rtabmap_msgs/rtabmap_msgs/srv/detail/get_plan__type_support.h (1.50 KiB)
 │ │   ├─ include/rtabmap_msgs/rtabmap_msgs/srv/detail/get_plan__type_support.hpp (1.67 KiB)
 │ │   ├─ include/rtabmap_msgs/rtabmap_msgs/srv/detail/global_bundle_adjustment__builder.hpp (3.24 KiB)
 │ │   ├─ include/rtabmap_msgs/rtabmap_msgs/srv/detail/global_bundle_adjustment__functions.c (15.25 KiB)
 │ │   ├─ include/rtabmap_msgs/rtabmap_msgs/srv/detail/global_bundle_adjustment__functions.h (13.28 KiB)
 │ │   ├─ include/rtabmap_msgs/rtabmap_msgs/srv/detail/global_bundle_adjustment__rosidl_typesupport_fastrtps_c.h (2.87 KiB)
 │ │   ├─ include/rtabmap_msgs/rtabmap_msgs/srv/detail/global_bundle_adjustment__rosidl_typesupport_fastrtps_cpp.hpp (4.68 KiB)
 │ │   ├─ include/rtabmap_msgs/rtabmap_msgs/srv/detail/global_bundle_adjustment__rosidl_typesupport_introspection_c.h (1.97 KiB)
 │ │   ├─ include/rtabmap_msgs/rtabmap_msgs/srv/detail/global_bundle_adjustment__rosidl_typesupport_introspection_cpp.hpp (2.21 KiB)
 │ │   ├─ include/rtabmap_msgs/rtabmap_msgs/srv/detail/global_bundle_adjustment__struct.h (2.19 KiB)
 │ │   ├─ include/rtabmap_msgs/rtabmap_msgs/srv/detail/global_bundle_adjustment__struct.hpp (9.35 KiB)
 │ │   ├─ include/rtabmap_msgs/rtabmap_msgs/srv/detail/global_bundle_adjustment__traits.hpp (6.99 KiB)
 │ │   ├─ include/rtabmap_msgs/rtabmap_msgs/srv/detail/global_bundle_adjustment__type_support.c (14.69 KiB)
 │ │   ├─ include/rtabmap_msgs/rtabmap_msgs/srv/detail/global_bundle_adjustment__type_support.cpp (14.13 KiB)
 │ │   ├─ include/rtabmap_msgs/rtabmap_msgs/srv/detail/global_bundle_adjustment__type_support.h (1.61 KiB)
 │ │   ├─ include/rtabmap_msgs/rtabmap_msgs/srv/detail/global_bundle_adjustment__type_support.hpp (1.77 KiB)
 │ │   ├─ include/rtabmap_msgs/rtabmap_msgs/srv/detail/list_labels__builder.hpp (1.92 KiB)
 │ │   ├─ include/rtabmap_msgs/rtabmap_msgs/srv/detail/list_labels__functions.c (14.44 KiB)
 │ │   ├─ include/rtabmap_msgs/rtabmap_msgs/srv/detail/list_labels__functions.h (12.09 KiB)
 │ │   ├─ include/rtabmap_msgs/rtabmap_msgs/srv/detail/list_labels__rosidl_typesupport_fastrtps_c.h (2.74 KiB)
 │ │   ├─ include/rtabmap_msgs/rtabmap_msgs/srv/detail/list_labels__rosidl_typesupport_fastrtps_cpp.hpp (4.48 KiB)
 │ │   ├─ include/rtabmap_msgs/rtabmap_msgs/srv/detail/list_labels__rosidl_typesupport_introspection_c.h (1.88 KiB)
 │ │   ├─ include/rtabmap_msgs/rtabmap_msgs/srv/detail/list_labels__rosidl_typesupport_introspection_cpp.hpp (2.12 KiB)
 │ │   ├─ include/rtabmap_msgs/rtabmap_msgs/srv/detail/list_labels__struct.h (1.84 KiB)
 │ │   ├─ include/rtabmap_msgs/rtabmap_msgs/srv/detail/list_labels__struct.hpp (8.50 KiB)
 │ │   ├─ include/rtabmap_msgs/rtabmap_msgs/srv/detail/list_labels__traits.hpp (6.69 KiB)
 │ │   ├─ include/rtabmap_msgs/rtabmap_msgs/srv/detail/list_labels__type_support.c (18.36 KiB)
 │ │   ├─ include/rtabmap_msgs/rtabmap_msgs/srv/detail/list_labels__type_support.cpp (15.45 KiB)
 │ │   ├─ include/rtabmap_msgs/rtabmap_msgs/srv/detail/list_labels__type_support.h (1.52 KiB)
 │ │   ├─ include/rtabmap_msgs/rtabmap_msgs/srv/detail/list_labels__type_support.hpp (1.69 KiB)
 │ │   ├─ include/rtabmap_msgs/rtabmap_msgs/srv/detail/load_database__builder.hpp (2.00 KiB)
 │ │   ├─ include/rtabmap_msgs/rtabmap_msgs/srv/detail/load_database__functions.c (14.29 KiB)
 │ │   ├─ include/rtabmap_msgs/rtabmap_msgs/srv/detail/load_database__functions.h (12.29 KiB)
 │ │   ├─ include/rtabmap_msgs/rtabmap_msgs/srv/detail/load_database__rosidl_typesupport_fastrtps_c.h (2.76 KiB)
 │ │   ├─ include/rtabmap_msgs/rtabmap_msgs/srv/detail/load_database__rosidl_typesupport_fastrtps_cpp.hpp (4.51 KiB)
 │ │   ├─ include/rtabmap_msgs/rtabmap_msgs/srv/detail/load_database__rosidl_typesupport_introspection_c.h (1.90 KiB)
 │ │   ├─ include/rtabmap_msgs/rtabmap_msgs/srv/detail/load_database__rosidl_typesupport_introspection_cpp.hpp (2.14 KiB)
 │ │   ├─ include/rtabmap_msgs/rtabmap_msgs/srv/detail/load_database__struct.h (1.97 KiB)
 │ │   ├─ include/rtabmap_msgs/rtabmap_msgs/srv/detail/load_database__struct.hpp (8.42 KiB)
 │ │   ├─ include/rtabmap_msgs/rtabmap_msgs/srv/detail/load_database__traits.hpp (5.86 KiB)
 │ │   ├─ include/rtabmap_msgs/rtabmap_msgs/srv/detail/load_database__type_support.c (12.60 KiB)
 │ │   ├─ include/rtabmap_msgs/rtabmap_msgs/srv/detail/load_database__type_support.cpp (12.27 KiB)
 │ │   ├─ include/rtabmap_msgs/rtabmap_msgs/srv/detail/load_database__type_support.h (1.54 KiB)
 │ │   ├─ include/rtabmap_msgs/rtabmap_msgs/srv/detail/load_database__type_support.hpp (1.70 KiB)
 │ │   ├─ include/rtabmap_msgs/rtabmap_msgs/srv/detail/publish_map__builder.hpp (2.39 KiB)
 │ │   ├─ include/rtabmap_msgs/rtabmap_msgs/srv/detail/publish_map__functions.c (13.84 KiB)
 │ │   ├─ include/rtabmap_msgs/rtabmap_msgs/srv/detail/publish_map__functions.h (12.09 KiB)
 │ │   ├─ include/rtabmap_msgs/rtabmap_msgs/srv/detail/publish_map__rosidl_typesupport_fastrtps_c.h (2.74 KiB)
 │ │   ├─ include/rtabmap_msgs/rtabmap_msgs/srv/detail/publish_map__rosidl_typesupport_fastrtps_cpp.hpp (4.48 KiB)
 │ │   ├─ include/rtabmap_msgs/rtabmap_msgs/srv/detail/publish_map__rosidl_typesupport_introspection_c.h (1.88 KiB)
 │ │   ├─ include/rtabmap_msgs/rtabmap_msgs/srv/detail/publish_map__rosidl_typesupport_introspection_cpp.hpp (2.12 KiB)
 │ │   ├─ include/rtabmap_msgs/rtabmap_msgs/srv/detail/publish_map__struct.h (1.65 KiB)
 │ │   ├─ include/rtabmap_msgs/rtabmap_msgs/srv/detail/publish_map__struct.hpp (8.38 KiB)
 │ │   ├─ include/rtabmap_msgs/rtabmap_msgs/srv/detail/publish_map__traits.hpp (6.14 KiB)
 │ │   ├─ include/rtabmap_msgs/rtabmap_msgs/srv/detail/publish_map__type_support.c (12.94 KiB)
 │ │   ├─ include/rtabmap_msgs/rtabmap_msgs/srv/detail/publish_map__type_support.cpp (12.82 KiB)
 │ │   ├─ include/rtabmap_msgs/rtabmap_msgs/srv/detail/publish_map__type_support.h (1.52 KiB)
 │ │   ├─ include/rtabmap_msgs/rtabmap_msgs/srv/detail/publish_map__type_support.hpp (1.69 KiB)
 │ │   ├─ include/rtabmap_msgs/rtabmap_msgs/srv/detail/remove_label__builder.hpp (1.53 KiB)
 │ │   ├─ include/rtabmap_msgs/rtabmap_msgs/srv/detail/remove_label__functions.c (13.98 KiB)
 │ │   ├─ include/rtabmap_msgs/rtabmap_msgs/srv/detail/remove_label__functions.h (12.19 KiB)
 │ │   ├─ include/rtabmap_msgs/rtabmap_msgs/srv/detail/remove_label__rosidl_typesupport_fastrtps_c.h (2.75 KiB)
 │ │   ├─ include/rtabmap_msgs/rtabmap_msgs/srv/detail/remove_label__rosidl_typesupport_fastrtps_cpp.hpp (4.50 KiB)
 │ │   ├─ include/rtabmap_msgs/rtabmap_msgs/srv/detail/remove_label__rosidl_typesupport_introspection_c.h (1.89 KiB)
 │ │   ├─ include/rtabmap_msgs/rtabmap_msgs/srv/detail/remove_label__rosidl_typesupport_introspection_cpp.hpp (2.13 KiB)
 │ │   ├─ include/rtabmap_msgs/rtabmap_msgs/srv/detail/remove_label__struct.h (1.74 KiB)
 │ │   ├─ include/rtabmap_msgs/rtabmap_msgs/srv/detail/remove_label__struct.hpp (8.03 KiB)
 │ │   ├─ include/rtabmap_msgs/rtabmap_msgs/srv/detail/remove_label__traits.hpp (5.45 KiB)
 │ │   ├─ include/rtabmap_msgs/rtabmap_msgs/srv/detail/remove_label__type_support.c (11.86 KiB)
 │ │   ├─ include/rtabmap_msgs/rtabmap_msgs/srv/detail/remove_label__type_support.cpp (11.55 KiB)
 │ │   ├─ include/rtabmap_msgs/rtabmap_msgs/srv/detail/remove_label__type_support.h (1.53 KiB)
 │ │   ├─ include/rtabmap_msgs/rtabmap_msgs/srv/detail/remove_label__type_support.hpp (1.69 KiB)
 │ │   ├─ include/rtabmap_msgs/rtabmap_msgs/srv/detail/reset_pose__builder.hpp (3.33 KiB)
 │ │   ├─ include/rtabmap_msgs/rtabmap_msgs/srv/detail/reset_pose__functions.c (13.90 KiB)
 │ │   ├─ include/rtabmap_msgs/rtabmap_msgs/srv/detail/reset_pose__functions.h (11.99 KiB)
 │ │   ├─ include/rtabmap_msgs/rtabmap_msgs/srv/detail/reset_pose__rosidl_typesupport_fastrtps_c.h (2.73 KiB)
 │ │   ├─ include/rtabmap_msgs/rtabmap_msgs/srv/detail/reset_pose__rosidl_typesupport_fastrtps_cpp.hpp (4.46 KiB)
 │ │   ├─ include/rtabmap_msgs/rtabmap_msgs/srv/detail/reset_pose__rosidl_typesupport_introspection_c.h (1.88 KiB)
 │ │   ├─ include/rtabmap_msgs/rtabmap_msgs/srv/detail/reset_pose__rosidl_typesupport_introspection_cpp.hpp (2.12 KiB)
 │ │   ├─ include/rtabmap_msgs/rtabmap_msgs/srv/detail/reset_pose__struct.h (1.65 KiB)
 │ │   ├─ include/rtabmap_msgs/rtabmap_msgs/srv/detail/reset_pose__struct.hpp (8.84 KiB)
 │ │   ├─ include/rtabmap_msgs/rtabmap_msgs/srv/detail/reset_pose__traits.hpp (6.90 KiB)
 │ │   ├─ include/rtabmap_msgs/rtabmap_msgs/srv/detail/reset_pose__type_support.c (14.64 KiB)
 │ │   ├─ include/rtabmap_msgs/rtabmap_msgs/srv/detail/reset_pose__type_support.cpp (14.64 KiB)
 │ │   ├─ include/rtabmap_msgs/rtabmap_msgs/srv/detail/reset_pose__type_support.h (1.52 KiB)
 │ │   ├─ include/rtabmap_msgs/rtabmap_msgs/srv/detail/reset_pose__type_support.hpp (1.68 KiB)
 │ │   ├─ include/rtabmap_msgs/rtabmap_msgs/srv/detail/set_goal__builder.hpp (3.52 KiB)
 │ │   ├─ include/rtabmap_msgs/rtabmap_msgs/srv/detail/set_goal__functions.c (15.25 KiB)
 │ │   ├─ include/rtabmap_msgs/rtabmap_msgs/srv/detail/set_goal__functions.h (11.79 KiB)
 │ │   ├─ include/rtabmap_msgs/rtabmap_msgs/srv/detail/set_goal__rosidl_typesupport_fastrtps_c.h (2.71 KiB)
 │ │   ├─ include/rtabmap_msgs/rtabmap_msgs/srv/detail/set_goal__rosidl_typesupport_fastrtps_cpp.hpp (4.43 KiB)
 │ │   ├─ include/rtabmap_msgs/rtabmap_msgs/srv/detail/set_goal__rosidl_typesupport_introspection_c.h (1.86 KiB)
 │ │   ├─ include/rtabmap_msgs/rtabmap_msgs/srv/detail/set_goal__rosidl_typesupport_introspection_cpp.hpp (2.10 KiB)
 │ │   ├─ include/rtabmap_msgs/rtabmap_msgs/srv/detail/set_goal__struct.h (2.12 KiB)
 │ │   ├─ include/rtabmap_msgs/rtabmap_msgs/srv/detail/set_goal__struct.hpp (9.79 KiB)
 │ │   ├─ include/rtabmap_msgs/rtabmap_msgs/srv/detail/set_goal__traits.hpp (8.07 KiB)
 │ │   ├─ include/rtabmap_msgs/rtabmap_msgs/srv/detail/set_goal__type_support.c (20.37 KiB)
 │ │   ├─ include/rtabmap_msgs/rtabmap_msgs/srv/detail/set_goal__type_support.cpp (17.45 KiB)
 │ │   ├─ include/rtabmap_msgs/rtabmap_msgs/srv/detail/set_goal__type_support.h (1.50 KiB)
 │ │   ├─ include/rtabmap_msgs/rtabmap_msgs/srv/detail/set_goal__type_support.hpp (1.67 KiB)
 │ │   ├─ include/rtabmap_msgs/rtabmap_msgs/srv/detail/set_label__builder.hpp (1.91 KiB)
 │ │   ├─ include/rtabmap_msgs/rtabmap_msgs/srv/detail/set_label__functions.c (13.86 KiB)
 │ │   ├─ include/rtabmap_msgs/rtabmap_msgs/srv/detail/set_label__functions.h (11.89 KiB)
 │ │   ├─ include/rtabmap_msgs/rtabmap_msgs/srv/detail/set_label__rosidl_typesupport_fastrtps_c.h (2.72 KiB)
 │ │   ├─ include/rtabmap_msgs/rtabmap_msgs/srv/detail/set_label__rosidl_typesupport_fastrtps_cpp.hpp (4.45 KiB)
 │ │   ├─ include/rtabmap_msgs/rtabmap_msgs/srv/detail/set_label__rosidl_typesupport_introspection_c.h (1.87 KiB)
 │ │   ├─ include/rtabmap_msgs/rtabmap_msgs/srv/detail/set_label__rosidl_typesupport_introspection_cpp.hpp (2.11 KiB)
 │ │   ├─ include/rtabmap_msgs/rtabmap_msgs/srv/detail/set_label__struct.h (1.71 KiB)
 │ │   ├─ include/rtabmap_msgs/rtabmap_msgs/srv/detail/set_label__struct.hpp (8.19 KiB)
 │ │   ├─ include/rtabmap_msgs/rtabmap_msgs/srv/detail/set_label__traits.hpp (5.69 KiB)
 │ │   ├─ include/rtabmap_msgs/rtabmap_msgs/srv/detail/set_label__type_support.c (12.23 KiB)
 │ │   ├─ include/rtabmap_msgs/rtabmap_msgs/srv/detail/set_label__type_support.cpp (12.05 KiB)
 │ │   ├─ include/rtabmap_msgs/rtabmap_msgs/srv/detail/set_label__type_support.h (1.51 KiB)
 │ │   ├─ include/rtabmap_msgs/rtabmap_msgs/srv/detail/set_label__type_support.hpp (1.67 KiB)
 │ │   ├─ include/rtabmap_msgs/rtabmap_msgs/srv/detect_more_loop_closures.h (568 B)
 │ │   ├─ include/rtabmap_msgs/rtabmap_msgs/srv/detect_more_loop_closures.hpp (592 B)
 │ │   ├─ include/rtabmap_msgs/rtabmap_msgs/srv/get_map.h (444 B)
 │ │   ├─ include/rtabmap_msgs/rtabmap_msgs/srv/get_map.hpp (466 B)
 │ │   ├─ include/rtabmap_msgs/rtabmap_msgs/srv/get_map2.h (451 B)
 │ │   ├─ include/rtabmap_msgs/rtabmap_msgs/srv/get_map2.hpp (473 B)
 │ │   ├─ include/rtabmap_msgs/rtabmap_msgs/srv/get_node_data.h (485 B)
 │ │   ├─ include/rtabmap_msgs/rtabmap_msgs/srv/get_node_data.hpp (508 B)
 │ │   ├─ include/rtabmap_msgs/rtabmap_msgs/srv/get_nodes_in_radius.h (526 B)
 │ │   ├─ include/rtabmap_msgs/rtabmap_msgs/srv/get_nodes_in_radius.hpp (550 B)
 │ │   ├─ include/rtabmap_msgs/rtabmap_msgs/srv/get_plan.h (451 B)
 │ │   ├─ include/rtabmap_msgs/rtabmap_msgs/srv/get_plan.hpp (473 B)
 │ │   ├─ include/rtabmap_msgs/rtabmap_msgs/srv/global_bundle_adjustment.h (562 B)
 │ │   ├─ include/rtabmap_msgs/rtabmap_msgs/srv/global_bundle_adjustment.hpp (585 B)
 │ │   ├─ include/rtabmap_msgs/rtabmap_msgs/srv/list_labels.h (472 B)
 │ │   ├─ include/rtabmap_msgs/rtabmap_msgs/srv/list_labels.hpp (494 B)
 │ │   ├─ include/rtabmap_msgs/rtabmap_msgs/srv/load_database.h (486 B)
 │ │   ├─ include/rtabmap_msgs/rtabmap_msgs/srv/load_database.hpp (508 B)
 │ │   ├─ include/rtabmap_msgs/rtabmap_msgs/srv/publish_map.h (472 B)
 │ │   ├─ include/rtabmap_msgs/rtabmap_msgs/srv/publish_map.hpp (494 B)
 │ │   ├─ include/rtabmap_msgs/rtabmap_msgs/srv/remove_label.h (479 B)
 │ │   ├─ include/rtabmap_msgs/rtabmap_msgs/srv/remove_label.hpp (501 B)
 │ │   ├─ include/rtabmap_msgs/rtabmap_msgs/srv/reset_pose.h (465 B)
 │ │   ├─ include/rtabmap_msgs/rtabmap_msgs/srv/reset_pose.hpp (487 B)
 │ │   ├─ include/rtabmap_msgs/rtabmap_msgs/srv/set_goal.h (451 B)
 │ │   ├─ include/rtabmap_msgs/rtabmap_msgs/srv/set_goal.hpp (473 B)
 │ │   ├─ include/rtabmap_msgs/rtabmap_msgs/srv/set_label.h (458 B)
 │ │   ├─ include/rtabmap_msgs/rtabmap_msgs/srv/set_label.hpp (480 B)
 │ │   ├─ lib/librtabmap_msgs__rosidl_generator_c.so (271.64 KiB)
 │ │   ├─ lib/librtabmap_msgs__rosidl_generator_py.so (204.62 KiB)
 │ │   ├─ lib/librtabmap_msgs__rosidl_typesupport_c.so (124.02 KiB)
 │ │   ├─ lib/librtabmap_msgs__rosidl_typesupport_cpp.so (148.34 KiB)
 │ │   ├─ lib/librtabmap_msgs__rosidl_typesupport_fastrtps_c.so (206.32 KiB)
 │ │   ├─ lib/librtabmap_msgs__rosidl_typesupport_fastrtps_cpp.so (358.36 KiB)
 │ │   ├─ lib/librtabmap_msgs__rosidl_typesupport_introspection_c.so (347.46 KiB)
 │ │   ├─ lib/librtabmap_msgs__rosidl_typesupport_introspection_cpp.so (512.01 KiB)
 │ │   ├─ lib/python3.12/site-packages/rtabmap_msgs/__init__.py (0 B)
 │ │   ├─ lib/python3.12/site-packages/rtabmap_msgs/__pycache__/__init__.cpython-312.pyc (185 B)
 │ │   ├─ lib/python3.12/site-packages/rtabmap_msgs/_rtabmap_msgs_s.ep.rosidl_typesupport_c.c (276.98 KiB)
 │ │   ├─ lib/python3.12/site-packages/rtabmap_msgs/_rtabmap_msgs_s.ep.rosidl_typesupport_fastrtps_c.c (276.99 KiB)
 │ │   ├─ lib/python3.12/site-packages/rtabmap_msgs/_rtabmap_msgs_s.ep.rosidl_typesupport_introspection_c.c (276.99 KiB)
 │ │   ├─ lib/python3.12/site-packages/rtabmap_msgs/librtabmap_msgs__rosidl_generator_py.so (204.62 KiB)
 │ │   ├─ lib/python3.12/site-packages/rtabmap_msgs/msg/__init__.py (1.44 KiB)
 │ │   ├─ lib/python3.12/site-packages/rtabmap_msgs/msg/__pycache__/__init__.cpython-312.pyc (1.58 KiB)
 │ │   ├─ lib/python3.12/site-packages/rtabmap_msgs/msg/__pycache__/_camera_model.cpython-312.pyc (7.65 KiB)
 │ │   ├─ lib/python3.12/site-packages/rtabmap_msgs/msg/__pycache__/_camera_models.cpython-312.pyc (7.13 KiB)
 │ │   ├─ lib/python3.12/site-packages/rtabmap_msgs/msg/__pycache__/_env_sensor.cpython-312.pyc (8.33 KiB)
 │ │   ├─ lib/python3.12/site-packages/rtabmap_msgs/msg/__pycache__/_global_descriptor.cpython-312.pyc (11.30 KiB)
 │ │   ├─ lib/python3.12/site-packages/rtabmap_msgs/msg/__pycache__/_goal.cpython-312.pyc (8.78 KiB)
 │ │   ├─ lib/python3.12/site-packages/rtabmap_msgs/msg/__pycache__/_gps.cpython-312.pyc (10.98 KiB)
 │ │   ├─ lib/python3.12/site-packages/rtabmap_msgs/msg/__pycache__/_info.cpython-312.pyc (40.54 KiB)
 │ │   ├─ lib/python3.12/site-packages/rtabmap_msgs/msg/__pycache__/_key_point.cpython-312.pyc (11.16 KiB)
 │ │   ├─ lib/python3.12/site-packages/rtabmap_msgs/msg/__pycache__/_landmark_detection.cpython-312.pyc (10.50 KiB)
 │ │   ├─ lib/python3.12/site-packages/rtabmap_msgs/msg/__pycache__/_landmark_detections.cpython-312.pyc (8.40 KiB)
 │ │   ├─ lib/python3.12/site-packages/rtabmap_msgs/msg/__pycache__/_link.cpython-312.pyc (12.31 KiB)
 │ │   ├─ lib/python3.12/site-packages/rtabmap_msgs/msg/__pycache__/_map_data.cpython-312.pyc (9.08 KiB)
 │ │   ├─ lib/python3.12/site-packages/rtabmap_msgs/msg/__pycache__/_map_graph.cpython-312.pyc (12.90 KiB)
 │ │   ├─ lib/python3.12/site-packages/rtabmap_msgs/msg/__pycache__/_node.cpython-312.pyc (21.24 KiB)
 │ │   ├─ lib/python3.12/site-packages/rtabmap_msgs/msg/__pycache__/_odom_info.cpython-312.pyc (64.84 KiB)
 │ │   ├─ lib/python3.12/site-packages/rtabmap_msgs/msg/__pycache__/_path.cpython-312.pyc (10.07 KiB)
 │ │   ├─ lib/python3.12/site-packages/rtabmap_msgs/msg/__pycache__/_point2f.cpython-312.pyc (7.07 KiB)
 │ │   ├─ lib/python3.12/site-packages/rtabmap_msgs/msg/__pycache__/_point3f.cpython-312.pyc (7.91 KiB)
 │ │   ├─ lib/python3.12/site-packages/rtabmap_msgs/msg/__pycache__/_rgbd_image.cpython-312.pyc (19.03 KiB)
 │ │   ├─ lib/python3.12/site-packages/rtabmap_msgs/msg/__pycache__/_rgbd_images.cpython-312.pyc (8.20 KiB)
 │ │   ├─ lib/python3.12/site-packages/rtabmap_msgs/msg/__pycache__/_scan_descriptor.cpython-312.pyc (9.87 KiB)
 │ │   ├─ lib/python3.12/site-packages/rtabmap_msgs/msg/__pycache__/_sensor_data.cpython-312.pyc (49.02 KiB)
 │ │   ├─ lib/python3.12/site-packages/rtabmap_msgs/msg/__pycache__/_user_data.cpython-312.pyc (10.99 KiB)
 │ │   ├─ lib/python3.12/site-packages/rtabmap_msgs/msg/_camera_model.py (5.62 KiB)
 │ │   ├─ lib/python3.12/site-packages/rtabmap_msgs/msg/_camera_model_s.c (4.34 KiB)
 │ │   ├─ lib/python3.12/site-packages/rtabmap_msgs/msg/_camera_models.py (5.05 KiB)
 │ │   ├─ lib/python3.12/site-packages/rtabmap_msgs/msg/_camera_models_s.c (4.82 KiB)
 │ │   ├─ lib/python3.12/site-packages/rtabmap_msgs/msg/_env_sensor.py (5.99 KiB)
 │ │   ├─ lib/python3.12/site-packages/rtabmap_msgs/msg/_env_sensor_s.c (4.32 KiB)
 │ │   ├─ lib/python3.12/site-packages/rtabmap_msgs/msg/_global_descriptor.py (8.12 KiB)
 │ │   ├─ lib/python3.12/site-packages/rtabmap_msgs/msg/_global_descriptor_s.c (11.83 KiB)
 │ │   ├─ lib/python3.12/site-packages/rtabmap_msgs/msg/_goal.py (6.29 KiB)
 │ │   ├─ lib/python3.12/site-packages/rtabmap_msgs/msg/_goal_s.c (5.51 KiB)
 │ │   ├─ lib/python3.12/site-packages/rtabmap_msgs/msg/_gps.py (8.33 KiB)
 │ │   ├─ lib/python3.12/site-packages/rtabmap_msgs/msg/_gps_s.c (5.40 KiB)
 │ │   ├─ lib/python3.12/site-packages/rtabmap_msgs/msg/_info.py (32.29 KiB)
 │ │   ├─ lib/python3.12/site-packages/rtabmap_msgs/msg/_info_s.c (60.07 KiB)
 │ │   ├─ lib/python3.12/site-packages/rtabmap_msgs/msg/_key_point.py (8.10 KiB)
 │ │   ├─ lib/python3.12/site-packages/rtabmap_msgs/msg/_key_point_s.c (5.72 KiB)
 │ │   ├─ lib/python3.12/site-packages/rtabmap_msgs/msg/_landmark_detection.py (7.66 KiB)
 │ │   ├─ lib/python3.12/site-packages/rtabmap_msgs/msg/_landmark_detection_s.c (6.20 KiB)
 │ │   ├─ lib/python3.12/site-packages/rtabmap_msgs/msg/_landmark_detections.py (6.05 KiB)
 │ │   ├─ lib/python3.12/site-packages/rtabmap_msgs/msg/_landmark_detections_s.c (5.76 KiB)
 │ │   ├─ lib/python3.12/site-packages/rtabmap_msgs/msg/_link.py (9.16 KiB)
 │ │   ├─ lib/python3.12/site-packages/rtabmap_msgs/msg/_link_s.c (6.41 KiB)
 │ │   ├─ lib/python3.12/site-packages/rtabmap_msgs/msg/_map_data.py (6.64 KiB)
 │ │   ├─ lib/python3.12/site-packages/rtabmap_msgs/msg/_map_data_s.c (6.22 KiB)
 │ │   ├─ lib/python3.12/site-packages/rtabmap_msgs/msg/_map_graph.py (9.59 KiB)
 │ │   ├─ lib/python3.12/site-packages/rtabmap_msgs/msg/_map_graph_s.c (12.24 KiB)
 │ │   ├─ lib/python3.12/site-packages/rtabmap_msgs/msg/_node.py (16.24 KiB)
 │ │   ├─ lib/python3.12/site-packages/rtabmap_msgs/msg/_node_s.c (22.99 KiB)
 │ │   ├─ lib/python3.12/site-packages/rtabmap_msgs/msg/_odom_info.py (53.47 KiB)
 │ │   ├─ lib/python3.12/site-packages/rtabmap_msgs/msg/_odom_info_s.c (60.67 KiB)
 │ │   ├─ lib/python3.12/site-packages/rtabmap_msgs/msg/_path.py (7.26 KiB)
 │ │   ├─ lib/python3.12/site-packages/rtabmap_msgs/msg/_path_s.c (9.41 KiB)
 │ │   ├─ lib/python3.12/site-packages/rtabmap_msgs/msg/_point2f.py (4.98 KiB)
 │ │   ├─ lib/python3.12/site-packages/rtabmap_msgs/msg/_point2f_s.c (3.47 KiB)
 │ │   ├─ lib/python3.12/site-packages/rtabmap_msgs/msg/_point3f.py (5.65 KiB)
 │ │   ├─ lib/python3.12/site-packages/rtabmap_msgs/msg/_point3f_s.c (3.93 KiB)
 │ │   ├─ lib/python3.12/site-packages/rtabmap_msgs/msg/_rgbd_image.py (15.21 KiB)
 │ │   ├─ lib/python3.12/site-packages/rtabmap_msgs/msg/_rgbd_image_s.c (17.45 KiB)
 │ │   ├─ lib/python3.12/site-packages/rtabmap_msgs/msg/_rgbd_images.py (5.92 KiB)
 │ │   ├─ lib/python3.12/site-packages/rtabmap_msgs/msg/_rgbd_images_s.c (5.60 KiB)
 │ │   ├─ lib/python3.12/site-packages/rtabmap_msgs/msg/_scan_descriptor.py (7.45 KiB)
 │ │   ├─ lib/python3.12/site-packages/rtabmap_msgs/msg/_scan_descriptor_s.c (5.94 KiB)
 │ │   ├─ lib/python3.12/site-packages/rtabmap_msgs/msg/_sensor_data.py (39.90 KiB)
 │ │   ├─ lib/python3.12/site-packages/rtabmap_msgs/msg/_sensor_data_s.c (61.79 KiB)
 │ │   ├─ lib/python3.12/site-packages/rtabmap_msgs/msg/_user_data.py (7.93 KiB)
 │ │   ├─ lib/python3.12/site-packages/rtabmap_msgs/msg/_user_data_s.c (8.79 KiB)
 │ │   ├─ lib/python3.12/site-packages/rtabmap_msgs/rtabmap_msgs_s__rosidl_typesupport_c.cpython-312-x86_64-linux-gnu.so (139.85 KiB)
 │ │   ├─ lib/python3.12/site-packages/rtabmap_msgs/rtabmap_msgs_s__rosidl_typesupport_fastrtps_c.cpython-312-x86_64-linux-gnu.so (139.87 KiB)
 │ │   ├─ lib/python3.12/site-packages/rtabmap_msgs/rtabmap_msgs_s__rosidl_typesupport_introspection_c.cpython-312-x86_64-linux-gnu.so (139.88 KiB)
 │ │   ├─ lib/python3.12/site-packages/rtabmap_msgs/srv/__init__.py (1.10 KiB)
 │ │   ├─ lib/python3.12/site-packages/rtabmap_msgs/srv/__pycache__/__init__.cpython-312.pyc (1.25 KiB)
 │ │   ├─ lib/python3.12/site-packages/rtabmap_msgs/srv/__pycache__/_add_link.cpython-312.pyc (11.99 KiB)
 │ │   ├─ lib/python3.12/site-packages/rtabmap_msgs/srv/__pycache__/_cleanup_local_grids.cpython-312.pyc (14.17 KiB)
 │ │   ├─ lib/python3.12/site-packages/rtabmap_msgs/srv/__pycache__/_detect_more_loop_closures.cpython-312.pyc (18.50 KiB)
 │ │   ├─ lib/python3.12/site-packages/rtabmap_msgs/srv/__pycache__/_get_map.cpython-312.pyc (14.40 KiB)
 │ │   ├─ lib/python3.12/site-packages/rtabmap_msgs/srv/__pycache__/_get_map2.cpython-312.pyc (18.53 KiB)
 │ │   ├─ lib/python3.12/site-packages/rtabmap_msgs/srv/__pycache__/_get_node_data.cpython-312.pyc (18.13 KiB)
 │ │   ├─ lib/python3.12/site-packages/rtabmap_msgs/srv/__pycache__/_get_nodes_in_radius.cpython-312.pyc (23.23 KiB)
 │ │   ├─ lib/python3.12/site-packages/rtabmap_msgs/srv/__pycache__/_get_plan.cpython-312.pyc (15.16 KiB)
 │ │   ├─ lib/python3.12/site-packages/rtabmap_msgs/srv/__pycache__/_global_bundle_adjustment.cpython-312.pyc (15.50 KiB)
 │ │   ├─ lib/python3.12/site-packages/rtabmap_msgs/srv/__pycache__/_list_labels.cpython-312.pyc (14.55 KiB)
 │ │   ├─ lib/python3.12/site-packages/rtabmap_msgs/srv/__pycache__/_load_database.cpython-312.pyc (12.76 KiB)
 │ │   ├─ lib/python3.12/site-packages/rtabmap_msgs/srv/__pycache__/_publish_map.cpython-312.pyc (13.39 KiB)
 │ │   ├─ lib/python3.12/site-packages/rtabmap_msgs/srv/__pycache__/_remove_label.cpython-312.pyc (11.84 KiB)
 │ │   ├─ lib/python3.12/site-packages/rtabmap_msgs/srv/__pycache__/_reset_pose.cpython-312.pyc (16.65 KiB)
 │ │   ├─ lib/python3.12/site-packages/rtabmap_msgs/srv/__pycache__/_set_goal.cpython-312.pyc (18.54 KiB)
 │ │   ├─ lib/python3.12/site-packages/rtabmap_msgs/srv/__pycache__/_set_label.cpython-312.pyc (12.69 KiB)
 │ │   ├─ lib/python3.12/site-packages/rtabmap_msgs/srv/_add_link.py (9.33 KiB)
 │ │   ├─ lib/python3.12/site-packages/rtabmap_msgs/srv/_add_link_s.c (5.85 KiB)
 │ │   ├─ lib/python3.12/site-packages/rtabmap_msgs/srv/_cleanup_local_grids.py (11.03 KiB)
 │ │   ├─ lib/python3.12/site-packages/rtabmap_msgs/srv/_cleanup_local_grids_s.c (6.87 KiB)
 │ │   ├─ lib/python3.12/site-packages/rtabmap_msgs/srv/_detect_more_loop_closures.py (14.58 KiB)
 │ │   ├─ lib/python3.12/site-packages/rtabmap_msgs/srv/_detect_more_loop_closures_s.c (9.14 KiB)
 │ │   ├─ lib/python3.12/site-packages/rtabmap_msgs/srv/_get_map.py (11.17 KiB)
 │ │   ├─ lib/python3.12/site-packages/rtabmap_msgs/srv/_get_map2.py (14.47 KiB)
 │ │   ├─ lib/python3.12/site-packages/rtabmap_msgs/srv/_get_map2_s.c (9.96 KiB)
 │ │   ├─ lib/python3.12/site-packages/rtabmap_msgs/srv/_get_map_s.c (7.35 KiB)
 │ │   ├─ lib/python3.12/site-packages/rtabmap_msgs/srv/_get_node_data.py (13.70 KiB)
 │ │   ├─ lib/python3.12/site-packages/rtabmap_msgs/srv/_get_node_data_s.c (13.28 KiB)
 │ │   ├─ lib/python3.12/site-packages/rtabmap_msgs/srv/_get_nodes_in_radius.py (17.52 KiB)
 │ │   ├─ lib/python3.12/site-packages/rtabmap_msgs/srv/_get_nodes_in_radius_s.c (18.13 KiB)
 │ │   ├─ lib/python3.12/site-packages/rtabmap_msgs/srv/_get_plan.py (11.82 KiB)
 │ │   ├─ lib/python3.12/site-packages/rtabmap_msgs/srv/_get_plan_s.c (7.68 KiB)
 │ │   ├─ lib/python3.12/site-packages/rtabmap_msgs/srv/_global_bundle_adjustment.py (12.12 KiB)
 │ │   ├─ lib/python3.12/site-packages/rtabmap_msgs/srv/_global_bundle_adjustment_s.c (7.46 KiB)
 │ │   ├─ lib/python3.12/site-packages/rtabmap_msgs/srv/_list_labels.py (11.18 KiB)
 │ │   ├─ lib/python3.12/site-packages/rtabmap_msgs/srv/_list_labels_s.c (11.34 KiB)
 │ │   ├─ lib/python3.12/site-packages/rtabmap_msgs/srv/_load_database.py (9.90 KiB)
 │ │   ├─ lib/python3.12/site-packages/rtabmap_msgs/srv/_load_database_s.c (6.62 KiB)
 │ │   ├─ lib/python3.12/site-packages/rtabmap_msgs/srv/_publish_map.py (10.44 KiB)
 │ │   ├─ lib/python3.12/site-packages/rtabmap_msgs/srv/_publish_map_s.c (6.67 KiB)
 │ │   ├─ lib/python3.12/site-packages/rtabmap_msgs/srv/_remove_label.py (9.21 KiB)
 │ │   ├─ lib/python3.12/site-packages/rtabmap_msgs/srv/_remove_label_s.c (6.08 KiB)
 │ │   ├─ lib/python3.12/site-packages/rtabmap_msgs/srv/_reset_pose.py (12.80 KiB)
 │ │   ├─ lib/python3.12/site-packages/rtabmap_msgs/srv/_reset_pose_s.c (7.93 KiB)
 │ │   ├─ lib/python3.12/site-packages/rtabmap_msgs/srv/_set_goal.py (14.22 KiB)
 │ │   ├─ lib/python3.12/site-packages/rtabmap_msgs/srv/_set_goal_s.c (14.00 KiB)
 │ │   ├─ lib/python3.12/site-packages/rtabmap_msgs/srv/_set_label.py (9.86 KiB)
 │ │   ├─ lib/python3.12/site-packages/rtabmap_msgs/srv/_set_label_s.c (6.52 KiB)
 │ │   ├─ lib/python3.12/site-packages/rtabmap_msgs-0.22.1-py3.12.egg-info/PKG-INFO (57 B)
 │ │   ├─ lib/python3.12/site-packages/rtabmap_msgs-0.22.1-py3.12.egg-info/SOURCES.txt (177 B)
 │ │   ├─ lib/python3.12/site-packages/rtabmap_msgs-0.22.1-py3.12.egg-info/dependency_links.txt (1 B)
 │ │   ├─ lib/python3.12/site-packages/rtabmap_msgs-0.22.1-py3.12.egg-info/top_level.txt (13 B)
 │ │   ├─ share/ament_index/resource_index/package_run_dependencies/rtabmap_msgs (85 B)
 │ │   ├─ share/ament_index/resource_index/packages/rtabmap_msgs (0 B)
 │ │   ├─ share/ament_index/resource_index/parent_prefix_path/rtabmap_msgs (8 B)
 │ │   ├─ share/ament_index/resource_index/rosidl_interfaces/rtabmap_msgs (2.34 KiB)
 │ │   ├─ share/ament_index/resource_index/rust_packages/rtabmap_msgs (0 B)
 │ │   ├─ share/rtabmap_msgs/cmake/ament_cmake_export_dependencies-extras.cmake (4.54 KiB)
 │ │   ├─ share/rtabmap_msgs/cmake/ament_cmake_export_include_directories-extras.cmake (790 B)
 │ │   ├─ share/rtabmap_msgs/cmake/ament_cmake_export_libraries-extras.cmake (5.01 KiB)
 │ │   ├─ share/rtabmap_msgs/cmake/ament_cmake_export_targets-extras.cmake (1.33 KiB)
 │ │   ├─ share/rtabmap_msgs/cmake/export_rtabmap_msgs__rosidl_generator_cExport-release.cmake (1.05 KiB)
 │ │   ├─ share/rtabmap_msgs/cmake/export_rtabmap_msgs__rosidl_generator_cExport.cmake (4.55 KiB)
 │ │   ├─ share/rtabmap_msgs/cmake/export_rtabmap_msgs__rosidl_generator_cppExport.cmake (4.50 KiB)
 │ │   ├─ share/rtabmap_msgs/cmake/export_rtabmap_msgs__rosidl_generator_pyExport-release.cmake (1.44 KiB)
 │ │   ├─ share/rtabmap_msgs/cmake/export_rtabmap_msgs__rosidl_generator_pyExport.cmake (4.04 KiB)
 │ │   ├─ share/rtabmap_msgs/cmake/export_rtabmap_msgs__rosidl_typesupport_fastrtps_cExport-release.cmake (1.13 KiB)
 │ │   ├─ share/rtabmap_msgs/cmake/export_rtabmap_msgs__rosidl_typesupport_fastrtps_cExport.cmake (5.66 KiB)
 │ │   ├─ share/rtabmap_msgs/cmake/export_rtabmap_msgs__rosidl_typesupport_fastrtps_cppExport-release.cmake (1.15 KiB)
 │ │   ├─ share/rtabmap_msgs/cmake/export_rtabmap_msgs__rosidl_typesupport_fastrtps_cppExport.cmake (5.63 KiB)
 │ │   ├─ share/rtabmap_msgs/cmake/rosidl_cmake-extras.cmake (2.47 KiB)
 │ │   ├─ share/rtabmap_msgs/cmake/rosidl_cmake_export_typesupport_libraries-extras.cmake (1.90 KiB)
 │ │   ├─ share/rtabmap_msgs/cmake/rosidl_cmake_export_typesupport_targets-extras.cmake (1.35 KiB)
 │ │   ├─ share/rtabmap_msgs/cmake/rtabmap_msgsConfig-version.cmake (433 B)
 │ │   ├─ share/rtabmap_msgs/cmake/rtabmap_msgsConfig.cmake (1.56 KiB)
 │ │   ├─ share/rtabmap_msgs/cmake/rtabmap_msgs__rosidl_typesupport_cExport-release.cmake (1.19 KiB)
 │ │   ├─ share/rtabmap_msgs/cmake/rtabmap_msgs__rosidl_typesupport_cExport.cmake (5.23 KiB)
 │ │   ├─ share/rtabmap_msgs/cmake/rtabmap_msgs__rosidl_typesupport_cppExport-release.cmake (1.25 KiB)
 │ │   ├─ share/rtabmap_msgs/cmake/rtabmap_msgs__rosidl_typesupport_cppExport.cmake (5.26 KiB)
 │ │   ├─ share/rtabmap_msgs/cmake/rtabmap_msgs__rosidl_typesupport_introspection_cExport-release.cmake (1.17 KiB)
 │ │   ├─ share/rtabmap_msgs/cmake/rtabmap_msgs__rosidl_typesupport_introspection_cExport.cmake (5.51 KiB)
 │ │   ├─ share/rtabmap_msgs/cmake/rtabmap_msgs__rosidl_typesupport_introspection_cppExport-release.cmake (1.19 KiB)
 │ │   ├─ share/rtabmap_msgs/cmake/rtabmap_msgs__rosidl_typesupport_introspection_cppExport.cmake (5.63 KiB)
 │ │   ├─ share/rtabmap_msgs/environment/ament_prefix_path.dsv (41 B)
 │ │   ├─ share/rtabmap_msgs/environment/ament_prefix_path.sh (160 B)
 │ │   ├─ share/rtabmap_msgs/environment/path.dsv (41 B)
 │ │   ├─ share/rtabmap_msgs/environment/path.sh (185 B)
 │ │   ├─ share/rtabmap_msgs/environment/pythonpath.dsv (62 B)
 │ │   ├─ share/rtabmap_msgs/environment/pythonpath.sh (166 B)
 │ │   ├─ share/rtabmap_msgs/local_setup.bash (1.56 KiB)
 │ │   ├─ share/rtabmap_msgs/local_setup.dsv (157 B)
 │ │   ├─ share/rtabmap_msgs/local_setup.sh (5.22 KiB) [prefix:text]
 │ │   ├─ share/rtabmap_msgs/local_setup.zsh (1.91 KiB)
 │ │   ├─ share/rtabmap_msgs/msg/CameraModel.idl (425 B)
 │ │   ├─ share/rtabmap_msgs/msg/CameraModel.msg (77 B)
 │ │   ├─ share/rtabmap_msgs/msg/CameraModels.idl (339 B)
 │ │   ├─ share/rtabmap_msgs/msg/CameraModels.msg (23 B)
 │ │   ├─ share/rtabmap_msgs/msg/EnvSensor.idl (409 B)
 │ │   ├─ share/rtabmap_msgs/msg/EnvSensor.msg (61 B)
 │ │   ├─ share/rtabmap_msgs/msg/GPS.idl (751 B)
 │ │   ├─ share/rtabmap_msgs/msg/GPS.msg (194 B)
 │ │   ├─ share/rtabmap_msgs/msg/GlobalDescriptor.idl (563 B)
 │ │   ├─ share/rtabmap_msgs/msg/GlobalDescriptor.msg (161 B)
 │ │   ├─ share/rtabmap_msgs/msg/Goal.idl (566 B)
 │ │   ├─ share/rtabmap_msgs/msg/Goal.msg (169 B)
 │ │   ├─ share/rtabmap_msgs/msg/Info.idl (2.06 KiB)
 │ │   ├─ share/rtabmap_msgs/msg/Info.msg (1016 B)
 │ │   ├─ share/rtabmap_msgs/msg/KeyPoint.idl (695 B)
 │ │   ├─ share/rtabmap_msgs/msg/KeyPoint.msg (218 B)
 │ │   ├─ share/rtabmap_msgs/msg/LandmarkDetection.idl (1.30 KiB)
 │ │   ├─ share/rtabmap_msgs/msg/LandmarkDetection.msg (631 B)
 │ │   ├─ share/rtabmap_msgs/msg/LandmarkDetections.idl (644 B)
 │ │   ├─ share/rtabmap_msgs/msg/LandmarkDetections.msg (197 B)
 │ │   ├─ share/rtabmap_msgs/msg/Link.idl (706 B)
 │ │   ├─ share/rtabmap_msgs/msg/Link.msg (228 B)
 │ │   ├─ share/rtabmap_msgs/msg/MapData.idl (604 B)
 │ │   ├─ share/rtabmap_msgs/msg/MapData.msg (164 B)
 │ │   ├─ share/rtabmap_msgs/msg/MapGraph.idl (888 B)
 │ │   ├─ share/rtabmap_msgs/msg/MapGraph.msg (247 B)
 │ │   ├─ share/rtabmap_msgs/msg/Node.idl (1.25 KiB)
 │ │   ├─ share/rtabmap_msgs/msg/Node.msg (456 B)
 │ │   ├─ share/rtabmap_msgs/msg/OdomInfo.idl (3.20 KiB)
 │ │   ├─ share/rtabmap_msgs/msg/OdomInfo.msg (1.58 KiB)
 │ │   ├─ share/rtabmap_msgs/msg/Path.idl (415 B)
 │ │   ├─ share/rtabmap_msgs/msg/Path.msg (70 B)
 │ │   ├─ share/rtabmap_msgs/msg/Point2f.idl (411 B)
 │ │   ├─ share/rtabmap_msgs/msg/Point2f.msg (73 B)
 │ │   ├─ share/rtabmap_msgs/msg/Point3f.idl (453 B)
 │ │   ├─ share/rtabmap_msgs/msg/Point3f.msg (97 B)
 │ │   ├─ share/rtabmap_msgs/msg/RGBDImage.idl (1.54 KiB)
 │ │   ├─ share/rtabmap_msgs/msg/RGBDImage.msg (556 B)
 │ │   ├─ share/rtabmap_msgs/msg/RGBDImages.idl (408 B)
 │ │   ├─ share/rtabmap_msgs/msg/RGBDImages.msg (49 B)
 │ │   ├─ share/rtabmap_msgs/msg/ScanDescriptor.idl (680 B)
 │ │   ├─ share/rtabmap_msgs/msg/ScanDescriptor.msg (150 B)
 │ │   ├─ share/rtabmap_msgs/msg/SensorData.idl (3.65 KiB)
 │ │   ├─ share/rtabmap_msgs/msg/SensorData.msg (1.58 KiB)
 │ │   ├─ share/rtabmap_msgs/msg/UserData.idl (834 B)
 │ │   ├─ share/rtabmap_msgs/msg/UserData.msg (412 B)
 │ │   ├─ share/rtabmap_msgs/package.dsv (168 B)
 │ │   ├─ share/rtabmap_msgs/package.xml (1.04 KiB)
 │ │   ├─ share/rtabmap_msgs/rust/Cargo.toml (580 B)
 │ │   ├─ share/rtabmap_msgs/rust/build.rs (339 B)
 │ │   ├─ share/rtabmap_msgs/rust/src/lib.rs (338 B)
 │ │   ├─ share/rtabmap_msgs/rust/src/msg/rmw.rs (81.25 KiB)
 │ │   ├─ share/rtabmap_msgs/rust/src/msg.rs (82.31 KiB)
 │ │   ├─ share/rtabmap_msgs/rust/src/srv/rmw.rs (111.32 KiB)
 │ │   ├─ share/rtabmap_msgs/rust/src/srv.rs (59.99 KiB)
 │ │   ├─ share/rtabmap_msgs/srv/AddLink.idl (514 B)
 │ │   ├─ share/rtabmap_msgs/srv/AddLink.srv (32 B)
 │ │   ├─ share/rtabmap_msgs/srv/AddLink_Request.msg (19 B)
 │ │   ├─ share/rtabmap_msgs/srv/AddLink_Response.msg (10 B)
 │ │   ├─ share/rtabmap_msgs/srv/CleanupLocalGrids.idl (1.64 KiB)
 │ │   ├─ share/rtabmap_msgs/srv/CleanupLocalGrids.srv (1.00 KiB)
 │ │   ├─ share/rtabmap_msgs/srv/CleanupLocalGrids_Request.msg (933 B)
 │ │   ├─ share/rtabmap_msgs/srv/CleanupLocalGrids_Response.msg (88 B)
 │ │   ├─ share/rtabmap_msgs/srv/DetectMoreLoopClosures.idl (1.51 KiB)
 │ │   ├─ share/rtabmap_msgs/srv/DetectMoreLoopClosures.srv (715 B)
 │ │   ├─ share/rtabmap_msgs/srv/DetectMoreLoopClosures_Request.msg (629 B)
 │ │   ├─ share/rtabmap_msgs/srv/DetectMoreLoopClosures_Response.msg (83 B)
 │ │   ├─ share/rtabmap_msgs/srv/GetMap.idl (547 B)
 │ │   ├─ share/rtabmap_msgs/srv/GetMap.srv (83 B)
 │ │   ├─ share/rtabmap_msgs/srv/GetMap2.idl (703 B)
 │ │   ├─ share/rtabmap_msgs/srv/GetMap2.srv (181 B)
 │ │   ├─ share/rtabmap_msgs/srv/GetMap2_Request.msg (154 B)
 │ │   ├─ share/rtabmap_msgs/srv/GetMap2_Response.msg (24 B)
 │ │   ├─ share/rtabmap_msgs/srv/GetMap_Request.msg (56 B)
 │ │   ├─ share/rtabmap_msgs/srv/GetMap_Response.msg (24 B)
 │ │   ├─ share/rtabmap_msgs/srv/GetNodeData.idl (605 B)
 │ │   ├─ share/rtabmap_msgs/srv/GetNodeData.srv (94 B)
 │ │   ├─ share/rtabmap_msgs/srv/GetNodeData_Request.msg (68 B)
 │ │   ├─ share/rtabmap_msgs/srv/GetNodeData_Response.msg (23 B)
 │ │   ├─ share/rtabmap_msgs/srv/GetNodesInRadius.idl (1.52 KiB)
 │ │   ├─ share/rtabmap_msgs/srv/GetNodesInRadius.srv (716 B)
 │ │   ├─ share/rtabmap_msgs/srv/GetNodesInRadius_Request.msg (644 B)
 │ │   ├─ share/rtabmap_msgs/srv/GetNodesInRadius_Response.msg (69 B)
 │ │   ├─ share/rtabmap_msgs/srv/GetPlan.idl (941 B)
 │ │   ├─ share/rtabmap_msgs/srv/GetPlan.srv (332 B)
 │ │   ├─ share/rtabmap_msgs/srv/GetPlan_Request.msg (319 B)
 │ │   ├─ share/rtabmap_msgs/srv/GetPlan_Response.msg (10 B)
 │ │   ├─ share/rtabmap_msgs/srv/GlobalBundleAdjustment.idl (1.56 KiB)
 │ │   ├─ share/rtabmap_msgs/srv/GlobalBundleAdjustment.srv (835 B)
 │ │   ├─ share/rtabmap_msgs/srv/GlobalBundleAdjustment_Request.msg (805 B)
 │ │   ├─ share/rtabmap_msgs/srv/GlobalBundleAdjustment_Response.msg (27 B)
 │ │   ├─ share/rtabmap_msgs/srv/ListLabels.idl (510 B)
 │ │   ├─ share/rtabmap_msgs/srv/ListLabels.srv (51 B)
 │ │   ├─ share/rtabmap_msgs/srv/ListLabels_Request.msg (9 B)
 │ │   ├─ share/rtabmap_msgs/srv/ListLabels_Response.msg (39 B)
 │ │   ├─ share/rtabmap_msgs/srv/LoadDatabase.idl (848 B)
 │ │   ├─ share/rtabmap_msgs/srv/LoadDatabase.srv (282 B)
 │ │   ├─ share/rtabmap_msgs/srv/LoadDatabase_Request.msg (220 B)
 │ │   ├─ share/rtabmap_msgs/srv/LoadDatabase_Response.msg (59 B)
 │ │   ├─ share/rtabmap_msgs/srv/PublishMap.idl (529 B)
 │ │   ├─ share/rtabmap_msgs/srv/PublishMap.srv (70 B)
 │ │   ├─ share/rtabmap_msgs/srv/PublishMap_Request.msg (56 B)
 │ │   ├─ share/rtabmap_msgs/srv/PublishMap_Response.msg (11 B)
 │ │   ├─ share/rtabmap_msgs/srv/RemoveLabel.idl (474 B)
 │ │   ├─ share/rtabmap_msgs/srv/RemoveLabel.srv (36 B)
 │ │   ├─ share/rtabmap_msgs/srv/RemoveLabel_Request.msg (22 B)
 │ │   ├─ share/rtabmap_msgs/srv/RemoveLabel_Response.msg (11 B)
 │ │   ├─ share/rtabmap_msgs/srv/ResetPose.idl (551 B)
 │ │   ├─ share/rtabmap_msgs/srv/ResetPose.srv (91 B)
 │ │   ├─ share/rtabmap_msgs/srv/ResetPose_Request.msg (78 B)
 │ │   ├─ share/rtabmap_msgs/srv/ResetPose_Response.msg (10 B)
 │ │   ├─ share/rtabmap_msgs/srv/SetGoal.idl (818 B)
 │ │   ├─ share/rtabmap_msgs/srv/SetGoal.srv (241 B)
 │ │   ├─ share/rtabmap_msgs/srv/SetGoal_Request.msg (155 B)
 │ │   ├─ share/rtabmap_msgs/srv/SetGoal_Response.msg (83 B)
 │ │   ├─ share/rtabmap_msgs/srv/SetLabel.idl (548 B)
 │ │   ├─ share/rtabmap_msgs/srv/SetLabel.srv (99 B)
 │ │   ├─ share/rtabmap_msgs/srv/SetLabel_Request.msg (85 B)
 │ │   ├─ share/rtabmap_msgs/srv/SetLabel_Response.msg (11 B)
 │ │   ├─ info/about.json (350 B)
 │ │   ├─ info/hash_input.json (274 B)
 │ │   ├─ info/index.json (712 B)
 │ │   ├─ info/paths.json (221.50 KiB)
 │ │   ├─ info/recipe/bld_ament_cmake.bat (2.31 KiB)
 │ │   ├─ info/recipe/build_ament_cmake.sh (6.76 KiB)
 │ │   ├─ info/recipe/recipe.yaml (2.42 KiB)
 │ │   ├─ info/recipe/rendered_recipe.yaml (156.20 KiB)
 │ │   ├─ info/recipe/variant_config.yaml (227 B)
 │ │   └─ info/tests/tests.yaml (3 B)
 │ │ 
 │ │ Package statistics: 941 files (931 content, 10 metadata), total size: 9.03 MiB
 │ │ Largest files:
 │ │   512.01 KiB - lib/librtabmap_msgs__rosidl_typesupport_introspection_cpp.so
 │ │   358.36 KiB - lib/librtabmap_msgs__rosidl_typesupport_fastrtps_cpp.so
 │ │   347.46 KiB - lib/librtabmap_msgs__rosidl_typesupport_introspection_c.so
 │ │   276.99 KiB - lib/python3.12/site-packages/rtabmap_msgs/_rtabmap_msgs_s.ep.rosidl_typesupport_introspection_c.c
 │ │   276.99 KiB - lib/python3.12/site-packages/rtabmap_msgs/_rtabmap_msgs_s.ep.rosidl_typesupport_fastrtps_c.c
 │ │ Creating target folder '/home/ubuntu/work/output/linux-64'
 │ │ Compressing archive...
 │ │ Archive written to '/home/ubuntu/work/output/linux-64/ros-humble-rtabmap-msgs-0.22.1-np2py312h2ed9cc7_18.conda'
 │ │
 │ ╰─────────────────── (took 2 seconds)
 │
 ╰─────────────────── (took 24 seconds)
 Collecting tests from '/tmp/.tmpVudw86/ros-humble-rtabmap-msgs-0.22.1-np2py312h2ed9cc7_18'
 ✔ all tests passed!

 ╭─ Build summary
 │
 │ ╭─ Build summary for recipe: ros-humble-rtabmap-msgs-0.22.1-np2py312h2ed9cc7_18
 │ │ Variant configuration (hash: np2py312h2ed9cc7_18):
 │ │ ╭──────────────────────┬────────────────────╮
 │ │ │ build_platform       ┆ "linux-64"         │
 │ │ │ c_compiler           ┆ "gcc"              │
 │ │ │ c_compiler_version   ┆ "14"               │
 │ │ │ c_stdlib             ┆ "sysroot"          │
 │ │ │ c_stdlib_version     ┆ "2.17"             │
 │ │ │ cmake                ┆ "3.*"              │
 │ │ │ cxx_compiler         ┆ "gxx"              │
 │ │ │ cxx_compiler_version ┆ "14"               │
 │ │ │ numpy                ┆ "2"                │
 │ │ │ python               ┆ "3.12.* *_cpython" │
 │ │ │ target_platform      ┆ "linux-64"         │
 │ │ ╰──────────────────────┴────────────────────╯
 │ │ 
 │ │ Build dependencies:
 │ │ ╭──────────────────────────┬─────────────────────────────┬──────────────┬──────────────────────┬─────────────┬────────────╮
 │ │ │ Package                  ┆ Spec                        ┆ Version      ┆ Build                ┆ Channel     ┆       Size │
 │ │ ╞══════════════════════════╪═════════════════════════════╪══════════════╪══════════════════════╪═════════════╪════════════╡
 │ │ │ cmake                    ┆ cmake 3.* (V)               ┆ 3.31.8       ┆ hc85cc9f_0           ┆ conda-forge ┆  20.02 MiB │
 │ │ │ coreutils                ┆ coreutils                   ┆ 9.11         ┆ h280c20c_0           ┆ conda-forge ┆   3.27 MiB │
 │ │ │ cython                   ┆ cython                      ┆ 3.3.0        ┆ py312h03570ca_0      ┆ conda-forge ┆   3.83 MiB │
 │ │ │ gcc_linux-64             ┆ gcc_linux-64 14.*           ┆ 14.4.0       ┆ hc469d41_1           ┆ conda-forge ┆  29.09 KiB │
 │ │ │ git                      ┆ git                         ┆ 2.55.0       ┆ pl5321h3795e67_2     ┆ conda-forge ┆  11.23 MiB │
 │ │ │ git-lfs                  ┆ git-lfs                     ┆ 3.8.0        ┆ h2c09266_0           ┆ conda-forge ┆   4.83 MiB │
 │ │ │ gxx_linux-64             ┆ gxx_linux-64 14.*           ┆ 14.4.0       ┆ he93183a_1           ┆ conda-forge ┆  27.50 KiB │
 │ │ │ make                     ┆ make                        ┆ 4.4.1        ┆ hb03c661_3           ┆ conda-forge ┆ 498.73 KiB │
 │ │ │ ninja                    ┆ ninja                       ┆ 1.13.2       ┆ h171cf75_1           ┆ conda-forge ┆ 182.39 KiB │
 │ │ │ patch                    ┆ patch                       ┆ 2.8          ┆ h280c20c_1003        ┆ conda-forge ┆ 107.65 KiB │
 │ │ │ python                   ┆ python 3.12.* *_cpython (V) ┆ 3.12.14      ┆ h5f976f7_3_cpython   ┆ conda-forge ┆  21.98 MiB │
 │ │ │ setuptools               ┆ setuptools                  ┆ 84.0.0       ┆ pyh332efcf_0         ┆ conda-forge ┆ 512.20 KiB │
 │ │ │ sysroot_linux-64         ┆ sysroot_linux-64 2.17.*     ┆ 2.17         ┆ h0157908_18          ┆ conda-forge ┆  14.46 MiB │
 │ │ │ _openmp_mutex            ┆                             ┆ 4.5          ┆ 20_gnu               ┆ conda-forge ┆  28.27 KiB │
 │ │ │ binutils_impl_linux-64   ┆                             ┆ 2.46.1       ┆ default_hfdba357_102 ┆ conda-forge ┆   3.54 MiB │
 │ │ │ binutils_linux-64        ┆                             ┆ 2.46.1       ┆ default_h4852527_102 ┆ conda-forge ┆  35.49 KiB │
 │ │ │ bzip2                    ┆                             ┆ 1.0.8        ┆ hda65f42_10          ┆ conda-forge ┆ 251.77 KiB │
 │ │ │ c-ares                   ┆                             ┆ 1.34.8       ┆ hebe6cf0_2           ┆ conda-forge ┆ 223.34 KiB │
 │ │ │ ca-certificates          ┆                             ┆ 2026.7.22    ┆ hbd8a1cb_0           ┆ conda-forge ┆ 128.69 KiB │
 │ │ │ gcc_impl_linux-64        ┆                             ┆ 14.4.0       ┆ heaf7ae8_4           ┆ conda-forge ┆  73.68 MiB │
 │ │ │ gxx_impl_linux-64        ┆                             ┆ 14.4.0       ┆ hc436dd5_4           ┆ conda-forge ┆  15.13 MiB │
 │ │ │ icu                      ┆                             ┆ 78.3         ┆ py310h44b86e0_2      ┆ conda-forge ┆  13.79 MiB │
 │ │ │ kernel-headers_linux-64  ┆                             ┆ 3.10.0       ┆ he073ed8_18          ┆ conda-forge ┆ 921.37 KiB │
 │ │ │ keyutils                 ┆                             ┆ 1.6.3        ┆ h7cc23a3_1           ┆ conda-forge ┆ 132.12 KiB │
 │ │ │ krb5                     ┆                             ┆ 1.22.2       ┆ hbc21106_2           ┆ conda-forge ┆   1.33 MiB │
 │ │ │ ld_impl_linux-64         ┆                             ┆ 2.46.1       ┆ default_hbd61a6d_102 ┆ conda-forge ┆ 727.83 KiB │
 │ │ │ libcurl                  ┆                             ┆ 8.22.0       ┆ ha042cf0_0           ┆ conda-forge ┆ 487.94 KiB │
 │ │ │ libedit                  ┆                             ┆ 3.1.20250104 ┆ pl5321h373387f_1     ┆ conda-forge ┆ 131.93 KiB │
 │ │ │ libev                    ┆                             ┆ 4.33         ┆ h280c20c_3           ┆ conda-forge ┆  42.21 KiB │
 │ │ │ libexpat                 ┆                             ┆ 2.8.1        ┆ hecca717_1           ┆ conda-forge ┆  76.03 KiB │
 │ │ │ libffi                   ┆                             ┆ 3.7.0        ┆ h81df57d_1           ┆ conda-forge ┆  66.41 KiB │
 │ │ │ libgcc                   ┆                             ┆ 16.2.0       ┆ ha9f2e26_4           ┆ conda-forge ┆   1.01 MiB │
 │ │ │ libgcc-devel_linux-64    ┆                             ┆ 14.4.0       ┆ hd9a9cd0_104         ┆ conda-forge ┆   2.95 MiB │
 │ │ │ libgomp                  ┆                             ┆ 16.2.0       ┆ he0feb66_4           ┆ conda-forge ┆ 624.97 KiB │
 │ │ │ libiconv                 ┆                             ┆ 1.18         ┆ h0cb94f2_3           ┆ conda-forge ┆ 770.97 KiB │
 │ │ │ liblzma                  ┆                             ┆ 5.8.3        ┆ hb03c661_1           ┆ conda-forge ┆ 110.35 KiB │
 │ │ │ libnghttp2               ┆                             ┆ 1.68.1       ┆ h74cf4be_1           ┆ conda-forge ┆ 634.74 KiB │
 │ │ │ libnsl                   ┆                             ┆ 2.0.1        ┆ hb9d3cd8_1           ┆ conda-forge ┆  32.94 KiB │
 │ │ │ libpsl                   ┆                             ┆ 0.23.1       ┆ hd9e3e90_1           ┆ conda-forge ┆  70.82 KiB │
 │ │ │ libpython                ┆                             ┆ 3.12.14      ┆ h0c77377_3_cpython   ┆ conda-forge ┆   8.36 MiB │
 │ │ │ libsanitizer             ┆                             ┆ 14.4.0       ┆ hf39dbba_4           ┆ conda-forge ┆   7.15 MiB │
 │ │ │ libsqlite                ┆                             ┆ 3.53.4       ┆ h13e7031_1           ┆ conda-forge ┆ 951.51 KiB │
 │ │ │ libssh2                  ┆                             ┆ 1.11.1       ┆ h6154650_1           ┆ conda-forge ┆ 298.87 KiB │
 │ │ │ libstdcxx                ┆                             ┆ 16.2.0       ┆ h934c35e_4           ┆ conda-forge ┆   6.31 MiB │
 │ │ │ libstdcxx-devel_linux-64 ┆                             ┆ 14.4.0       ┆ ha5b54cb_104         ┆ conda-forge ┆  19.47 MiB │
 │ │ │ libuuid                  ┆                             ┆ 2.42.3       ┆ hcfc3c73_0           ┆ conda-forge ┆  39.06 KiB │
 │ │ │ libuv                    ┆                             ┆ 1.52.1       ┆ h280c20c_1           ┆ conda-forge ┆ 410.20 KiB │
 │ │ │ libxcrypt                ┆                             ┆ 4.4.38       ┆ h280c20c_0           ┆ conda-forge ┆  99.57 KiB │
 │ │ │ libzlib                  ┆                             ┆ 1.3.2        ┆ h25fd6f3_3           ┆ conda-forge ┆  62.22 KiB │
 │ │ │ ncurses                  ┆                             ┆ 6.6          ┆ hdb14827_1           ┆ conda-forge ┆ 889.84 KiB │
 │ │ │ openssl                  ┆                             ┆ 3.6.4        ┆ h781a0a9_0           ┆ conda-forge ┆   3.05 MiB │
 │ │ │ pcre2                    ┆                             ┆ 10.47        ┆ h8b3dc9c_1           ┆ conda-forge ┆   1.16 MiB │
 │ │ │ perl                     ┆                             ┆ 5.32.1       ┆ 9_h7cc23a3_perl5     ┆ conda-forge ┆  12.76 MiB │
 │ │ │ python_abi               ┆                             ┆ 3.12         ┆ 9_cp312              ┆ conda-forge ┆   6.59 KiB │
 │ │ │ readline                 ┆                             ┆ 8.3          ┆ hd6e31c0_1           ┆ conda-forge ┆ 340.72 KiB │
 │ │ │ rhash                    ┆                             ┆ 1.4.6        ┆ hb03c661_2           ┆ conda-forge ┆ 190.42 KiB │
 │ │ │ tk                       ┆                             ┆ 8.6.13       ┆ noxft_h1df4ec4_4     ┆ conda-forge ┆   3.40 MiB │
 │ │ │ tzdata                   ┆                             ┆ 2026c        ┆ h151e31d_0           ┆ conda-forge ┆ 116.06 KiB │
 │ │ │ zstd                     ┆                             ┆ 1.5.7        ┆ hb78ec9c_7           ┆ conda-forge ┆ 587.21 KiB │
 │ │ ╰──────────────────────────┴─────────────────────────────┴──────────────┴──────────────────────┴─────────────┴────────────╯
 │ │ 
 │ │ Host dependencies:
 │ │ ╭───────────────────────────────────────────────────┬──────────────────────────────────────────────┬──────────────┬──────────────────────┬─────────────────
 │ │ ──┬────────────╮
 │ │ │ Package                                           ┆ Spec                                         ┆ Version      ┆ Build                ┆ Channel         
 │ │   ┆       Size │
 │ │ ╞═══════════════════════════════════════════════════╪══════════════════════════════════════════════╪══════════════╪══════════════════════╪═════════════════
 │ │ ══╪════════════╡
 │ │ │ empy                                              ┆ empy <4                                      ┆ 3.3.4        ┆ pyh9f0ad1d_1         ┆ conda-forge     
 │ │   ┆  39.27 KiB │
 │ │ │ libgcc                                            ┆ libgcc >=14 (RE of [build: gxx_linux-64])    ┆ 16.2.0       ┆ ha9f2e26_4           ┆ conda-forge     
 │ │   ┆   1.01 MiB │
 │ │ │ libstdcxx                                         ┆ libstdcxx >=14 (RE of [build: gxx_linux-64]) ┆ 16.2.0       ┆ h934c35e_4           ┆ conda-forge     
 │ │   ┆   6.31 MiB │
 │ │ │ numpy                                             ┆ numpy 2.* (V)                                ┆ 2.5.3        ┆ py312he827f4e_0      ┆ conda-forge     
 │ │   ┆   8.80 MiB │
 │ │ │ pip                                               ┆ pip                                          ┆ 26.2.1       ┆ pyh8b19718_0         ┆ conda-forge     
 │ │   ┆   1.14 MiB │
 │ │ │ pkg-config                                        ┆ pkg-config                                   ┆ 0.29.2       ┆ h1114479_1013        ┆ conda-forge     
 │ │   ┆ 138.06 KiB │
 │ │ │ python                                            ┆ python 3.12.* *_cpython (V)                  ┆ 3.12.14      ┆ h5f976f7_3_cpython   ┆ conda-forge     
 │ │   ┆  21.98 MiB │
 │ │ │ ros-humble-ament-cmake                            ┆ ros-humble-ament-cmake                       ┆ 1.3.13       ┆ np2py312h2ed9cc7_15  ┆ robostack-stagin
 │ │ g ┆  23.07 KiB │
 │ │ │ ros-humble-builtin-interfaces                     ┆ ros-humble-builtin-interfaces                ┆ 1.2.2        ┆ np2py312h2ed9cc7_15  ┆ robostack-stagin
 │ │ g ┆  74.72 KiB │
 │ │ │ ros-humble-geometry-msgs                          ┆ ros-humble-geometry-msgs                     ┆ 4.9.1        ┆ np2py312h2ed9cc7_15  ┆ robostack-stagin
 │ │ g ┆ 310.89 KiB │
 │ │ │ ros-humble-ros-environment                        ┆ ros-humble-ros-environment                   ┆ 3.2.2        ┆ np2py312h2ed9cc7_15  ┆ robostack-stagin
 │ │ g ┆  21.12 KiB │
 │ │ │ ros-humble-ros-workspace                          ┆ ros-humble-ros-workspace                     ┆ 1.0.2        ┆ np2py312h2ed9cc7_15  ┆ robostack-stagin
 │ │ g ┆  34.75 KiB │
 │ │ │ ros-humble-rosidl-default-generators              ┆ ros-humble-rosidl-default-generators         ┆ 1.2.0        ┆ np2py312h2ed9cc7_15  ┆ robostack-stagin
 │ │ g ┆  31.26 KiB │
 │ │ │ ros-humble-sensor-msgs                            ┆ ros-humble-sensor-msgs                       ┆ 4.9.1        ┆ np2py312h2ed9cc7_15  ┆ robostack-stagin
 │ │ g ┆ 440.86 KiB │
 │ │ │ ros-humble-std-msgs                               ┆ ros-humble-std-msgs                          ┆ 4.9.1        ┆ np2py312h2ed9cc7_15  ┆ robostack-stagin
 │ │ g ┆ 282.91 KiB │
 │ │ │ ros-humble-std-srvs                               ┆ ros-humble-std-srvs                          ┆ 4.9.1        ┆ np2py312h2ed9cc7_15  ┆ robostack-stagin
 │ │ g ┆ 104.52 KiB │
 │ │ │ ros2-distro-mutex                                 ┆ ros2-distro-mutex 0.8.* humble_*             ┆ 0.8.0        ┆ humble_15            ┆ robostack-stagin
 │ │ g ┆   2.32 KiB │
 │ │ │ _openmp_mutex                                     ┆                                              ┆ 4.5          ┆ 20_gnu               ┆ conda-forge     
 │ │   ┆  28.27 KiB │
 │ │ │ argcomplete                                       ┆                                              ┆ 3.7.2        ┆ pyhcf101f3_0         ┆ conda-forge     
 │ │   ┆  46.04 KiB │
 │ │ │ bzip2                                             ┆                                              ┆ 1.0.8        ┆ hda65f42_10          ┆ conda-forge     
 │ │   ┆ 251.77 KiB │
 │ │ │ c-ares                                            ┆                                              ┆ 1.34.8       ┆ hebe6cf0_2           ┆ conda-forge     
 │ │   ┆ 223.34 KiB │
 │ │ │ ca-certificates                                   ┆                                              ┆ 2026.7.22    ┆ hbd8a1cb_0           ┆ conda-forge     
 │ │   ┆ 128.69 KiB │
 │ │ │ catkin_pkg                                        ┆                                              ┆ 1.1.1        ┆ pyhd8ed1ab_0         ┆ conda-forge     
 │ │   ┆  53.61 KiB │
 │ │ │ cmake                                             ┆                                              ┆ 4.2.3        ┆ hc85cc9f_1           ┆ conda-forge     
 │ │   ┆  21.30 MiB │
 │ │ │ colorama                                          ┆                                              ┆ 0.4.6        ┆ pyhd8ed1ab_1         ┆ conda-forge     
 │ │   ┆  26.38 KiB │
 │ │ │ docutils                                          ┆                                              ┆ 0.23         ┆ pyhcf101f3_0         ┆ conda-forge     
 │ │   ┆ 448.77 KiB │
 │ │ │ exceptiongroup                                    ┆                                              ┆ 1.3.1        ┆ pyhd8ed1ab_0         ┆ conda-forge     
 │ │   ┆  20.83 KiB │
 │ │ │ gmock                                             ┆                                              ┆ 1.17.0       ┆ h8e2ec6c_2           ┆ conda-forge     
 │ │   ┆   4.83 KiB │
 │ │ │ gtest                                             ┆                                              ┆ 1.17.0       ┆ h171cf75_2           ┆ conda-forge     
 │ │   ┆ 441.28 KiB │
 │ │ │ icu                                               ┆                                              ┆ 78.3         ┆ py310h44b86e0_2      ┆ conda-forge     
 │ │   ┆  13.79 MiB │
 │ │ │ importlib-metadata                                ┆                                              ┆ 9.0.1        ┆ pyhcf101f3_0         ┆ conda-forge     
 │ │   ┆  34.10 KiB │
 │ │ │ importlib_resources                               ┆                                              ┆ 7.1.0        ┆ pyhd8ed1ab_0         ┆ conda-forge     
 │ │   ┆  33.99 KiB │
 │ │ │ iniconfig                                         ┆                                              ┆ 2.3.0        ┆ pyhd8ed1ab_0         ┆ conda-forge     
 │ │   ┆  13.07 KiB │
 │ │ │ keyutils                                          ┆                                              ┆ 1.6.3        ┆ h7cc23a3_1           ┆ conda-forge     
 │ │   ┆ 132.12 KiB │
 │ │ │ krb5                                              ┆                                              ┆ 1.21.3       ┆ h659f571_0           ┆ conda-forge     
 │ │   ┆   1.31 MiB │
 │ │ │ lark-parser                                       ┆                                              ┆ 0.12.0       ┆ pyhd8ed1ab_1         ┆ conda-forge     
 │ │   ┆  84.12 KiB │
 │ │ │ ld_impl_linux-64                                  ┆                                              ┆ 2.46.1       ┆ default_hbd61a6d_102 ┆ conda-forge     
 │ │   ┆ 727.83 KiB │
 │ │ │ libblas                                           ┆                                              ┆ 3.11.0       ┆ 11_h4a7cf45_openblas ┆ conda-forge     
 │ │   ┆  17.82 KiB │
 │ │ │ libcblas                                          ┆                                              ┆ 3.11.0       ┆ 11_h0358290_openblas ┆ conda-forge     
 │ │   ┆  17.77 KiB │
 │ │ │ libcurl                                           ┆                                              ┆ 8.18.0       ┆ h4e3cde8_0           ┆ conda-forge     
 │ │   ┆ 452.09 KiB │
 │ │ │ libedit                                           ┆                                              ┆ 3.1.20250104 ┆ pl5321h373387f_1     ┆ conda-forge     
 │ │   ┆ 131.93 KiB │
 │ │ │ libev                                             ┆                                              ┆ 4.33         ┆ h280c20c_3           ┆ conda-forge     
 │ │   ┆  42.21 KiB │
 │ │ │ libexpat                                          ┆                                              ┆ 2.8.1        ┆ hecca717_1           ┆ conda-forge     
 │ │   ┆  76.03 KiB │
 │ │ │ libffi                                            ┆                                              ┆ 3.7.0        ┆ h81df57d_1           ┆ conda-forge     
 │ │   ┆  66.41 KiB │
 │ │ │ libgcc-ng                                         ┆                                              ┆ 16.2.0       ┆ h69a702a_4           ┆ conda-forge     
 │ │   ┆  27.74 KiB │
 │ │ │ libgfortran                                       ┆                                              ┆ 16.2.0       ┆ h69a702a_4           ┆ conda-forge     
 │ │   ┆  27.71 KiB │
 │ │ │ libgfortran5                                      ┆                                              ┆ 16.2.0       ┆ h6b99dfc_4           ┆ conda-forge     
 │ │   ┆   2.41 MiB │
 │ │ │ libgomp                                           ┆                                              ┆ 16.2.0       ┆ he0feb66_4           ┆ conda-forge     
 │ │   ┆ 624.97 KiB │
 │ │ │ liblapack                                         ┆                                              ┆ 3.11.0       ┆ 11_h47877c9_openblas ┆ conda-forge     
 │ │   ┆  17.80 KiB │
 │ │ │ liblzma                                           ┆                                              ┆ 5.8.3        ┆ hb03c661_1           ┆ conda-forge     
 │ │   ┆ 110.35 KiB │
 │ │ │ libnghttp2                                        ┆                                              ┆ 1.68.1       ┆ h74cf4be_1           ┆ conda-forge     
 │ │   ┆ 634.74 KiB │
 │ │ │ libnsl                                            ┆                                              ┆ 2.0.1        ┆ hb9d3cd8_1           ┆ conda-forge     
 │ │   ┆  32.94 KiB │
 │ │ │ libopenblas                                       ┆                                              ┆ 0.3.34       ┆ pthreads_hf13c14d_2  ┆ conda-forge     
 │ │   ┆   6.53 MiB │
 │ │ │ libpython                                         ┆                                              ┆ 3.12.14      ┆ h0c77377_3_cpython   ┆ conda-forge     
 │ │   ┆   8.36 MiB │
 │ │ │ libsqlite                                         ┆                                              ┆ 3.53.4       ┆ h13e7031_1           ┆ conda-forge     
 │ │   ┆ 951.51 KiB │
 │ │ │ libssh2                                           ┆                                              ┆ 1.11.1       ┆ h6154650_1           ┆ conda-forge     
 │ │   ┆ 298.87 KiB │
 │ │ │ libstdcxx-ng                                      ┆                                              ┆ 16.2.0       ┆ hdf11a46_4           ┆ conda-forge     
 │ │   ┆  27.79 KiB │
 │ │ │ libuuid                                           ┆                                              ┆ 2.42.3       ┆ hcfc3c73_0           ┆ conda-forge     
 │ │   ┆  39.06 KiB │
 │ │ │ libuv                                             ┆                                              ┆ 1.52.1       ┆ h280c20c_1           ┆ conda-forge     
 │ │   ┆ 410.20 KiB │
 │ │ │ libxcrypt                                         ┆                                              ┆ 4.4.38       ┆ h280c20c_0           ┆ conda-forge     
 │ │   ┆  99.57 KiB │
 │ │ │ libzlib                                           ┆                                              ┆ 1.3.2        ┆ h25fd6f3_3           ┆ conda-forge     
 │ │   ┆  62.22 KiB │
 │ │ │ ncurses                                           ┆                                              ┆ 6.6          ┆ hdb14827_1           ┆ conda-forge     
 │ │   ┆ 889.84 KiB │
 │ │ │ openssl                                           ┆                                              ┆ 3.6.4        ┆ h781a0a9_0           ┆ conda-forge     
 │ │   ┆   3.05 MiB │
 │ │ │ packaging                                         ┆                                              ┆ 26.3         ┆ pyhc364b38_0         ┆ conda-forge     
 │ │   ┆ 113.64 KiB │
 │ │ │ pluggy                                            ┆                                              ┆ 1.6.0        ┆ pyhf9edf01_1         ┆ conda-forge     
 │ │   ┆  25.27 KiB │
 │ │ │ pygments                                          ┆                                              ┆ 2.21.0       ┆ pyhcf101f3_0         ┆ conda-forge     
 │ │   ┆ 936.89 KiB │
 │ │ │ pyparsing                                         ┆                                              ┆ 3.3.2        ┆ pyhcf101f3_0         ┆ conda-forge     
 │ │   ┆ 108.29 KiB │
 │ │ │ pytest                                            ┆                                              ┆ 9.1.1        ┆ pyhc364b38_2         ┆ conda-forge     
 │ │   ┆ 299.54 KiB │
 │ │ │ python-dateutil                                   ┆                                              ┆ 2.9.0.post0  ┆ pyhe01879c_2         ┆ conda-forge     
 │ │   ┆ 227.84 KiB │
 │ │ │ python_abi                                        ┆                                              ┆ 3.12         ┆ 9_cp312              ┆ conda-forge     
 │ │   ┆   6.59 KiB │
 │ │ │ readline                                          ┆                                              ┆ 8.3          ┆ hd6e31c0_1           ┆ conda-forge     
 │ │   ┆ 340.72 KiB │
 │ │ │ rhash                                             ┆                                              ┆ 1.4.6        ┆ hb03c661_2           ┆ conda-forge     
 │ │   ┆ 190.42 KiB │
 │ │ │ ros-humble-ament-cmake-core                       ┆                                              ┆ 1.3.13       ┆ np2py312h2ed9cc7_15  ┆ robostack-stagin
 │ │ g ┆  43.48 KiB │
 │ │ │ ros-humble-ament-cmake-export-definitions         ┆                                              ┆ 1.3.13       ┆ np2py312h2ed9cc7_15  ┆ robostack-stagin
 │ │ g ┆  21.83 KiB │
 │ │ │ ros-humble-ament-cmake-export-dependencies        ┆                                              ┆ 1.3.13       ┆ np2py312h2ed9cc7_15  ┆ robostack-stagin
 │ │ g ┆  23.00 KiB │
 │ │ │ ros-humble-ament-cmake-export-include-directories ┆                                              ┆ 1.3.13       ┆ np2py312h2ed9cc7_15  ┆ robostack-stagin
 │ │ g ┆  22.26 KiB │
 │ │ │ ros-humble-ament-cmake-export-interfaces          ┆                                              ┆ 1.3.13       ┆ np2py312h2ed9cc7_15  ┆ robostack-stagin
 │ │ g ┆  22.44 KiB │
 │ │ │ ros-humble-ament-cmake-export-libraries           ┆                                              ┆ 1.3.13       ┆ np2py312h2ed9cc7_15  ┆ robostack-stagin
 │ │ g ┆  23.73 KiB │
 │ │ │ ros-humble-ament-cmake-export-link-flags          ┆                                              ┆ 1.3.13       ┆ np2py312h2ed9cc7_15  ┆ robostack-stagin
 │ │ g ┆  21.77 KiB │
 │ │ │ ros-humble-ament-cmake-export-targets             ┆                                              ┆ 1.3.13       ┆ np2py312h2ed9cc7_15  ┆ robostack-stagin
 │ │ g ┆  22.59 KiB │
 │ │ │ ros-humble-ament-cmake-gen-version-h              ┆                                              ┆ 1.3.13       ┆ np2py312h2ed9cc7_15  ┆ robostack-stagin
 │ │ g ┆  24.53 KiB │
 │ │ │ ros-humble-ament-cmake-gmock                      ┆                                              ┆ 1.3.13       ┆ np2py312h2ed9cc7_15  ┆ robostack-stagin
 │ │ g ┆  24.13 KiB │
 │ │ │ ros-humble-ament-cmake-gtest                      ┆                                              ┆ 1.3.13       ┆ np2py312h2ed9cc7_15  ┆ robostack-stagin
 │ │ g ┆  24.34 KiB │
 │ │ │ ros-humble-ament-cmake-include-directories        ┆                                              ┆ 1.3.13       ┆ np2py312h2ed9cc7_15  ┆ robostack-stagin
 │ │ g ┆  21.71 KiB │
 │ │ │ ros-humble-ament-cmake-libraries                  ┆                                              ┆ 1.3.13       ┆ np2py312h2ed9cc7_15  ┆ robostack-stagin
 │ │ g ┆  21.44 KiB │
 │ │ │ ros-humble-ament-cmake-pytest                     ┆                                              ┆ 1.3.13       ┆ np2py312h2ed9cc7_15  ┆ robostack-stagin
 │ │ g ┆  24.55 KiB │
 │ │ │ ros-humble-ament-cmake-python                     ┆                                              ┆ 1.3.13       ┆ np2py312h2ed9cc7_15  ┆ robostack-stagin
 │ │ g ┆  23.92 KiB │
 │ │ │ ros-humble-ament-cmake-ros                        ┆                                              ┆ 0.10.0       ┆ np2py312h2ed9cc7_15  ┆ robostack-stagin
 │ │ g ┆  30.42 KiB │
 │ │ │ ros-humble-ament-cmake-target-dependencies        ┆                                              ┆ 1.3.13       ┆ np2py312h2ed9cc7_15  ┆ robostack-stagin
 │ │ g ┆  23.40 KiB │
 │ │ │ ros-humble-ament-cmake-test                       ┆                                              ┆ 1.3.13       ┆ np2py312h2ed9cc7_15  ┆ robostack-stagin
 │ │ g ┆  34.96 KiB │
 │ │ │ ros-humble-ament-cmake-version                    ┆                                              ┆ 1.3.13       ┆ np2py312h2ed9cc7_15  ┆ robostack-stagin
 │ │ g ┆  21.61 KiB │
 │ │ │ ros-humble-ament-index-python                     ┆                                              ┆ 1.4.1        ┆ np2py312h2ed9cc7_15  ┆ robostack-stagin
 │ │ g ┆  27.24 KiB │
 │ │ │ ros-humble-ament-package                          ┆                                              ┆ 0.14.2       ┆ np2py312h2ed9cc7_15  ┆ robostack-stagin
 │ │ g ┆  45.33 KiB │
 │ │ │ ros-humble-domain-coordinator                     ┆                                              ┆ 0.10.0       ┆ np2py312h2ed9cc7_15  ┆ robostack-stagin
 │ │ g ┆  19.89 KiB │
 │ │ │ ros-humble-fastcdr                                ┆                                              ┆ 1.0.29       ┆ np2py312h2ed9cc7_15  ┆ robostack-stagin
 │ │ g ┆  65.18 KiB │
 │ │ │ ros-humble-fastrtps-cmake-module                  ┆                                              ┆ 2.2.4        ┆ np2py312h2ed9cc7_15  ┆ robostack-stagin
 │ │ g ┆  26.60 KiB │
 │ │ │ ros-humble-gmock-vendor                           ┆                                              ┆ 1.10.9006    ┆ np2py312h2ed9cc7_15  ┆ robostack-stagin
 │ │ g ┆ 110.81 KiB │
 │ │ │ ros-humble-gtest-vendor                           ┆                                              ┆ 1.10.9006    ┆ np2py312h2ed9cc7_15  ┆ robostack-stagin
 │ │ g ┆ 195.16 KiB │
 │ │ │ ros-humble-python-cmake-module                    ┆                                              ┆ 0.10.0       ┆ np2py312h2ed9cc7_15  ┆ robostack-stagin
 │ │ g ┆  27.66 KiB │
 │ │ │ ros-humble-rcpputils                              ┆                                              ┆ 2.4.6        ┆ np2py312h2ed9cc7_15  ┆ robostack-stagin
 │ │ g ┆  76.72 KiB │
 │ │ │ ros-humble-rcutils                                ┆                                              ┆ 5.1.8        ┆ np2py312h2ed9cc7_15  ┆ robostack-stagin
 │ │ g ┆ 115.04 KiB │
 │ │ │ ros-humble-rmw                                    ┆                                              ┆ 6.1.2        ┆ np2py312h2ed9cc7_15  ┆ robostack-stagin
 │ │ g ┆  89.59 KiB │
 │ │ │ ros-humble-rosidl-adapter                         ┆                                              ┆ 3.1.8        ┆ np2py312h2ed9cc7_15  ┆ robostack-stagin
 │ │ g ┆  61.08 KiB │
 │ │ │ ros-humble-rosidl-cli                             ┆                                              ┆ 3.1.8        ┆ np2py312h2ed9cc7_15  ┆ robostack-stagin
 │ │ g ┆  37.25 KiB │
 │ │ │ ros-humble-rosidl-cmake                           ┆                                              ┆ 3.1.8        ┆ np2py312h2ed9cc7_15  ┆ robostack-stagin
 │ │ g ┆  40.31 KiB │
 │ │ │ ros-humble-rosidl-default-runtime                 ┆                                              ┆ 1.2.0        ┆ np2py312h2ed9cc7_15  ┆ robostack-stagin
 │ │ g ┆  30.22 KiB │
 │ │ │ ros-humble-rosidl-generator-c                     ┆                                              ┆ 3.1.8        ┆ np2py312h2ed9cc7_15  ┆ robostack-stagin
 │ │ g ┆  46.01 KiB │
 │ │ │ ros-humble-rosidl-generator-cpp                   ┆                                              ┆ 3.1.8        ┆ np2py312h2ed9cc7_15  ┆ robostack-stagin
 │ │ g ┆  48.73 KiB │
 │ │ │ ros-humble-rosidl-generator-py                    ┆                                              ┆ 0.14.6       ┆ np2py312h2ed9cc7_15  ┆ robostack-stagin
 │ │ g ┆  58.95 KiB │
 │ │ │ ros-humble-rosidl-generator-rs                    ┆                                              ┆ 0.4.11       ┆ np2py312h2ed9cc7_15  ┆ robostack-stagin
 │ │ g ┆  47.48 KiB │
 │ │ │ ros-humble-rosidl-parser                          ┆                                              ┆ 3.1.8        ┆ np2py312h2ed9cc7_15  ┆ robostack-stagin
 │ │ g ┆  57.98 KiB │
 │ │ │ ros-humble-rosidl-runtime-c                       ┆                                              ┆ 3.1.8        ┆ np2py312h2ed9cc7_15  ┆ robostack-stagin
 │ │ g ┆  47.38 KiB │
 │ │ │ ros-humble-rosidl-runtime-cpp                     ┆                                              ┆ 3.1.8        ┆ np2py312h2ed9cc7_15  ┆ robostack-stagin
 │ │ g ┆  35.29 KiB │
 │ │ │ ros-humble-rosidl-typesupport-c                   ┆                                              ┆ 2.0.2        ┆ np2py312h2ed9cc7_15  ┆ robostack-stagin
 │ │ g ┆  48.25 KiB │
 │ │ │ ros-humble-rosidl-typesupport-cpp                 ┆                                              ┆ 2.0.2        ┆ np2py312h2ed9cc7_15  ┆ robostack-stagin
 │ │ g ┆  47.60 KiB │
 │ │ │ ros-humble-rosidl-typesupport-fastrtps-c          ┆                                              ┆ 2.2.4        ┆ np2py312h2ed9cc7_15  ┆ robostack-stagin
 │ │ g ┆  47.87 KiB │
 │ │ │ ros-humble-rosidl-typesupport-fastrtps-cpp        ┆                                              ┆ 2.2.4        ┆ np2py312h2ed9cc7_15  ┆ robostack-stagin
 │ │ g ┆  50.11 KiB │
 │ │ │ ros-humble-rosidl-typesupport-interface           ┆                                              ┆ 3.1.8        ┆ np2py312h2ed9cc7_15  ┆ robostack-stagin
 │ │ g ┆  28.40 KiB │
 │ │ │ ros-humble-rosidl-typesupport-introspection-c     ┆                                              ┆ 3.1.8        ┆ np2py312h2ed9cc7_15  ┆ robostack-stagin
 │ │ g ┆  45.49 KiB │
 │ │ │ ros-humble-rosidl-typesupport-introspection-cpp   ┆                                              ┆ 3.1.8        ┆ np2py312h2ed9cc7_15  ┆ robostack-stagin
 │ │ g ┆  45.81 KiB │
 │ │ │ ros-humble-rpyutils                               ┆                                              ┆ 0.2.2        ┆ np2py312h2ed9cc7_15  ┆ robostack-stagin
 │ │ g ┆  25.03 KiB │
 │ │ │ setuptools                                        ┆                                              ┆ 84.0.0       ┆ pyh332efcf_0         ┆ conda-forge     
 │ │   ┆ 512.20 KiB │
 │ │ │ six                                               ┆                                              ┆ 1.17.0       ┆ pyhe01879c_1         ┆ conda-forge     
 │ │   ┆  18.02 KiB │
 │ │ │ tk                                                ┆                                              ┆ 8.6.13       ┆ noxft_h1df4ec4_4     ┆ conda-forge     
 │ │   ┆   3.40 MiB │
 │ │ │ tomli                                             ┆                                              ┆ 2.4.1        ┆ pyhcf101f3_0         ┆ conda-forge     
 │ │   ┆  21.06 KiB │
 │ │ │ typing_extensions                                 ┆                                              ┆ 4.16.0       ┆ pyhcf101f3_0         ┆ conda-forge     
 │ │   ┆  51.40 KiB │
 │ │ │ tzdata                                            ┆                                              ┆ 2026c        ┆ h151e31d_0           ┆ conda-forge     
 │ │   ┆ 116.06 KiB │
 │ │ │ wheel                                             ┆                                              ┆ 0.48.0       ┆ pyhd8ed1ab_0         ┆ conda-forge     
 │ │   ┆  33.72 KiB │
 │ │ │ zipp                                              ┆                                              ┆ 4.1.0        ┆ pyhcf101f3_0         ┆ conda-forge     
 │ │   ┆  23.62 KiB │
 │ │ │ zstd                                              ┆                                              ┆ 1.5.7        ┆ hb78ec9c_7           ┆ conda-forge     
 │ │   ┆ 587.21 KiB │
 │ │ ╰───────────────────────────────────────────────────┴──────────────────────────────────────────────┴──────────────┴──────────────────────┴─────────────────
 │ │ ──┴────────────╯
 │ │ 
 │ │ Run dependencies:
 │ │ ╭───────────────────────────────────┬────────────────────────────────────────────────────╮
 │ │ │ Name                              ┆ Spec                                               │
 │ │ ╞═══════════════════════════════════╪════════════════════════════════════════════════════╡
 │ │ │ Run dependencies                  ┆                                                    │
 │ │ │ __glibc                           ┆ >=2.17,<3.0.a0 (RE of [build: sysroot_linux-64])   │
 │ │ │ libgcc                            ┆ >=14 (RE of [build: gxx_linux-64])                 │
 │ │ │                                   ┆ >=14 (RE of [build: gcc_linux-64])                 │
 │ │ │ libstdcxx                         ┆ >=14 (RE of [build: gxx_linux-64])                 │
 │ │ │ numpy                             ┆ >=1.25,<3 (RE of [host: numpy])                    │
 │ │ │ python                            ┆ *                                                  │
 │ │ │ python_abi                        ┆ 3.12.* *_cp312 (RE of [host: python])              │
 │ │ │ ros-humble-builtin-interfaces     ┆ *                                                  │
 │ │ │ ros-humble-geometry-msgs          ┆ *                                                  │
 │ │ │ ros-humble-ros-workspace          ┆ *                                                  │
 │ │ │ ros-humble-rosidl-default-runtime ┆ *                                                  │
 │ │ │ ros-humble-sensor-msgs            ┆ *                                                  │
 │ │ │ ros-humble-std-msgs               ┆ *                                                  │
 │ │ │ ros-humble-std-srvs               ┆ *                                                  │
 │ │ │ ros2-distro-mutex                 ┆ 0.8.* humble_*                                     │
 │ │ │                                   ┆ >=0.8.0,<0.9.0a0 (RE of [host: ros2-distro-mutex]) │
 │ │ ╰───────────────────────────────────┴────────────────────────────────────────────────────╯
 │ │ 
 │ │ ⚠ warning Warnings:
 │ │ ⚠ warning Overlinking against "lib/librosidl_runtime_c.so" for "lib/librtabmap_msgs__rosidl_typesupport_introspection_cpp.so"
 │ │ ⚠ warning Overlinking against "lib/librosidl_typesupport_introspection_cpp.so" for "lib/librtabmap_msgs__rosidl_typesupport_introspection_cpp.so"
 │ │ ⚠ warning Overlinking against "lib/librosidl_typesupport_cpp.so" for "lib/librtabmap_msgs__rosidl_typesupport_cpp.so"
 │ │ ⚠ warning Overlinking against "lib/librosidl_runtime_c.so" for "lib/librtabmap_msgs__rosidl_generator_c.so"
 │ │ ⚠ warning Overlinking against "lib/librcutils.so" for "lib/librtabmap_msgs__rosidl_generator_c.so"
 │ │ ⚠ warning Overlinking against "lib/librosidl_runtime_c.so" for "lib/librtabmap_msgs__rosidl_typesupport_introspection_c.so"
 │ │ ⚠ warning Overlinking against "lib/librosidl_typesupport_introspection_c.so" for "lib/librtabmap_msgs__rosidl_typesupport_introspection_c.so"
 │ │ ⚠ warning Overlinking against "lib/librosidl_runtime_c.so" for "lib/librtabmap_msgs__rosidl_typesupport_fastrtps_c.so"
 │ │ ⚠ warning Overlinking against "lib/librosidl_typesupport_fastrtps_c.so" for "lib/librtabmap_msgs__rosidl_typesupport_fastrtps_c.so"
 │ │ ⚠ warning Overlinking against "lib/libfastcdr.so.1.0.29" for "lib/librtabmap_msgs__rosidl_typesupport_fastrtps_c.so"
 │ │ ⚠ warning Overlinking against "lib/librosidl_typesupport_c.so" for "lib/librtabmap_msgs__rosidl_typesupport_c.so"
 │ │ ⚠ warning Overlinking against "lib/libpython3.12.so.1.0" for "lib/python3.12/site-packages/rtabmap_msgs/librtabmap_msgs__rosidl_generator_py.so"
 │ │ ⚠ warning Overlinking against "lib/librosidl_runtime_c.so" for "lib/python3.12/site-packages/rtabmap_msgs/librtabmap_msgs__rosidl_generator_py.so"
 │ │ ⚠ warning Overlinking against "lib/libpython3.12.so.1.0" for "lib/librtabmap_msgs__rosidl_generator_py.so"
 │ │ ⚠ warning Overlinking against "lib/librosidl_runtime_c.so" for "lib/librtabmap_msgs__rosidl_generator_py.so"
 │ │ ⚠ warning Overlinking against "lib/librosidl_typesupport_fastrtps_cpp.so" for "lib/librtabmap_msgs__rosidl_typesupport_fastrtps_cpp.so"
 │ │ ⚠ warning Overlinking against "lib/librosidl_runtime_c.so" for "lib/librtabmap_msgs__rosidl_typesupport_fastrtps_cpp.so"
 │ │ ⚠ warning Overlinking against "lib/libfastcdr.so.1.0.29" for "lib/librtabmap_msgs__rosidl_typesupport_fastrtps_cpp.so"
 │ │ Artifact: /home/ubuntu/work/output/linux-64/ros-humble-rtabmap-msgs-0.22.1-np2py312h2ed9cc7_18.conda (728.16 KiB)
 │ │
 │ ╰─────────────────── (took 0 seconds)
 │
 ╰─────────────────── (took 0 seconds)
